endpoint,model,fraction,n_train,seed,noise_type,noise_level,arm,R2,RMSE,MSE,MAE,Pearson,Spearman,CCC
HLM,RF,1.0,2468,0,none,0.0,base,0.4318914102913195,0.4610393793973011,0.2125573093550485,0.3720330957443363,0.6616159302577401,0.677432596998291,0.5772636337498684
HLM,RF,1.0,2468,1,none,0.0,base,0.4318914102913195,0.4610393793973011,0.2125573093550485,0.3720330957443363,0.6616159302577399,0.677432596998291,0.5772636337498684
HLM,RF,1.0,2468,2,none,0.0,base,0.4318914102913195,0.4610393793973011,0.2125573093550485,0.3720330957443362,0.6616159302577398,0.677432596998291,0.5772636337498683
HLM,RF,1.0,2468,3,none,0.0,base,0.4318914102913194,0.4610393793973011,0.2125573093550486,0.3720330957443362,0.6616159302577399,0.677432596998291,0.5772636337498684
HLM,RF,1.0,2468,4,none,0.0,base,0.4318914102913195,0.4610393793973011,0.2125573093550485,0.3720330957443362,0.6616159302577399,0.677432596998291,0.5772636337498684
HLM,LightGBM,1.0,2468,0,none,0.0,base,0.5200887876975149,0.423743249205374,0.1795583412471277,0.3363949273419739,0.7214777992148463,0.7236909567214576,0.6796560119574349
HLM,LightGBM,1.0,2468,1,none,0.0,base,0.5200887876975149,0.423743249205374,0.1795583412471277,0.3363949273419739,0.7214777992148463,0.7236909567214576,0.6796560119574349
HLM,LightGBM,1.0,2468,2,none,0.0,base,0.5200887876975149,0.423743249205374,0.1795583412471277,0.3363949273419739,0.7214777992148463,0.7236909567214576,0.6796560119574349
HLM,LightGBM,1.0,2468,3,none,0.0,base,0.5200887876975149,0.423743249205374,0.1795583412471277,0.3363949273419739,0.7214777992148463,0.7236909567214576,0.6796560119574349
HLM,LightGBM,1.0,2468,4,none,0.0,base,0.5200887876975149,0.423743249205374,0.1795583412471277,0.3363949273419739,0.7214777992148463,0.7236909567214576,0.6796560119574349
HLM,FCNN,1.0,2468,0,none,0.0,base,0.5188919893198284,0.4242712838099865,0.1800061222657741,0.3207721879948674,0.7437764111500375,0.7544725145776977,0.7363702494526709
HLM,FCNN,1.0,2468,1,none,0.0,base,0.5188919893198284,0.4242712838099865,0.1800061222657741,0.3207721879948674,0.7437764111500375,0.7544725145776977,0.7363702494526709
HLM,FCNN,1.0,2468,2,none,0.0,base,0.5188919893198284,0.4242712838099865,0.1800061222657741,0.3207721879948674,0.7437764111500375,0.7544725145776977,0.7363702494526709
HLM,FCNN,1.0,2468,3,none,0.0,base,0.5188919893198284,0.4242712838099865,0.1800061222657741,0.3207721879948674,0.7437764111500375,0.7544725145776977,0.7363702494526709
HLM,FCNN,1.0,2468,4,none,0.0,base,0.5188919893198284,0.4242712838099865,0.1800061222657741,0.3207721879948674,0.7437764111500375,0.7544725145776977,0.7363702494526709
SOL,RF,1.0,1737,0,none,0.0,base,0.3121627662588462,0.5598571353249896,0.3134400119743037,0.3941957855264366,0.5659613300375433,0.478960765603173,0.439378139746536
SOL,RF,1.0,1737,1,none,0.0,base,0.3121627662588461,0.5598571353249896,0.3134400119743037,0.3941957855264366,0.5659613300375431,0.478960765603173,0.4393781397465358
SOL,RF,1.0,1737,2,none,0.0,base,0.3121627662588461,0.5598571353249896,0.3134400119743037,0.3941957855264366,0.565961330037543,0.478960765603173,0.4393781397465359
SOL,RF,1.0,1737,3,none,0.0,base,0.3121627662588464,0.5598571353249896,0.3134400119743036,0.3941957855264366,0.565961330037543,0.478960765603173,0.439378139746536
SOL,RF,1.0,1737,4,none,0.0,base,0.3121627662588461,0.5598571353249896,0.3134400119743037,0.3941957855264366,0.5659613300375433,0.478960765603173,0.439378139746536
SOL,LightGBM,1.0,1737,0,none,0.0,base,0.3429966497945312,0.5471648231212308,0.2993893436612878,0.3799458528508242,0.5871811687779728,0.4954384756685286,0.5292219431753532
SOL,LightGBM,1.0,1737,1,none,0.0,base,0.3429966497945312,0.5471648231212308,0.2993893436612878,0.3799458528508242,0.5871811687779728,0.4954384756685286,0.5292219431753532
SOL,LightGBM,1.0,1737,2,none,0.0,base,0.3429966497945312,0.5471648231212308,0.2993893436612878,0.3799458528508242,0.5871811687779728,0.4954384756685286,0.5292219431753532
SOL,LightGBM,1.0,1737,3,none,0.0,base,0.3429966497945312,0.5471648231212308,0.2993893436612878,0.3799458528508242,0.5871811687779728,0.4954384756685286,0.5292219431753532
SOL,LightGBM,1.0,1737,4,none,0.0,base,0.3429966497945312,0.5471648231212308,0.2993893436612878,0.3799458528508242,0.5871811687779728,0.4954384756685286,0.5292219431753532
SOL,FCNN,1.0,1737,0,none,0.0,base,0.3021276329063056,0.5639263374379715,0.3180129140562048,0.3364672133441854,0.5949803106528502,0.5722730070673576,0.5782933312423232
SOL,FCNN,1.0,1737,1,none,0.0,base,0.3021276329063056,0.5639263374379715,0.3180129140562048,0.3364672133441854,0.5949803106528502,0.5722730070673576,0.5782933312423232
SOL,FCNN,1.0,1737,2,none,0.0,base,0.3021276329063056,0.5639263374379715,0.3180129140562048,0.3364672133441854,0.5949803106528502,0.5722730070673576,0.5782933312423232
SOL,FCNN,1.0,1737,3,none,0.0,base,0.3021276329063056,0.5639263374379715,0.3180129140562048,0.3364672133441854,0.5949803106528502,0.5722730070673576,0.5782933312423232
SOL,FCNN,1.0,1737,4,none,0.0,base,0.3021276329063056,0.5639263374379715,0.3180129140562048,0.3364672133441854,0.5949803106528502,0.5722730070673576,0.5782933312423232
HLM,RF,1.0,2468,0,gaussian,2.0,base,0.4356013478814943,0.4595315436377469,0.2111692395980905,0.3682435369748346,0.6632242976442927,0.6805490903231702,0.5842560835546278
HLM,RF,1.0,2468,1,gaussian,2.0,base,0.429375330270623,0.4620591936040902,0.2134986983940622,0.3743332986878718,0.6610600177859202,0.679064821845553,0.5723361749927705
HLM,RF,1.0,2468,2,gaussian,2.0,base,0.4285474715161996,0.4623942484396047,0.2138084409900269,0.3716447533878615,0.658004928682623,0.6702071329039176,0.5771080734311922
HLM,RF,1.0,2468,3,gaussian,2.0,base,0.4357253201546294,0.4594810719555905,0.2111228554854586,0.3712139489188902,0.6651937978925762,0.6778309608467084,0.5788722617105054
HLM,RF,1.0,2468,4,gaussian,2.0,base,0.4385570373483324,0.4583267078043636,0.2100633710867865,0.3717612405801371,0.6669656939671198,0.6821412088391297,0.584301002447114
HLM,RF,1.0,2468,0,gaussian,3.0,base,0.4210476116171664,0.465418635975505,0.2166145067132996,0.3741945465736123,0.6504085183348467,0.6680260426291075,0.5770620825423562
HLM,RF,1.0,2468,1,gaussian,3.0,base,0.4136235925795044,0.4683932073030522,0.21939219664764,0.3806635335816962,0.6482084476024016,0.6648836087348152,0.5589071197009896
HLM,RF,1.0,2468,2,gaussian,3.0,base,0.4269230297974481,0.4630509954353746,0.2144162243736913,0.3707633019288052,0.6566719856060037,0.6706311288115073,0.5767195317509578
HLM,RF,1.0,2468,3,gaussian,3.0,base,0.4153750551148489,0.4676931563980774,0.2187368885415965,0.3784420762169143,0.6474955623609819,0.6596009107542437,0.5645888648566519
HLM,RF,1.0,2468,4,gaussian,3.0,base,0.4329831217147899,0.4605961859636155,0.2121488465242294,0.3742087672741837,0.6611184842127846,0.6761834904517142,0.5841973382548414
HLM,RF,1.0,2468,0,gaussian,5.0,base,0.3986336447620755,0.4743423572869763,0.2250006719165655,0.3817353520942556,0.6319077741050423,0.6506117707408462,0.5657358828294285
HLM,RF,1.0,2468,1,gaussian,5.0,base,0.3964987818780916,0.4751835739085128,0.225799428912467,0.3876493948856891,0.6337830174270951,0.6567911794454546,0.5452580803284877
HLM,RF,1.0,2468,2,gaussian,5.0,base,0.4011946645202414,0.4733312462915068,0.224042468715871,0.3767153005710182,0.6348182076309983,0.6476832886985404,0.5632511707249944
HLM,RF,1.0,2468,3,gaussian,5.0,base,0.3803273329131739,0.4815080079867296,0.2318499617553484,0.3872143187465661,0.6172164639442466,0.627492244678881,0.5425383335335765
HLM,RF,1.0,2468,4,gaussian,5.0,base,0.4088879926948028,0.4702807852913181,0.2211640170142189,0.3840677241096675,0.641284430706179,0.6573321521526762,0.5735128846036144
HLM,RF,1.0,2468,0,gaussian,10.0,base,0.3635831201957884,0.4879700745255537,0.2381147936324744,0.3951853145393751,0.6055478660996985,0.6217622068491669,0.5529305270425814
HLM,RF,1.0,2468,1,gaussian,10.0,base,0.3535661872744032,0.4917953028704342,0.2418626199254221,0.4009044404108512,0.5973999682158816,0.6204423743298896,0.5118102853287628
HLM,RF,1.0,2468,2,gaussian,10.0,base,0.3693176209772726,0.4857666470732318,0.2359692354087698,0.3889673116896122,0.6102916686712374,0.6218836827564772,0.5519596030083326
HLM,RF,1.0,2468,3,gaussian,10.0,base,0.3206748149325324,0.5041516605257957,0.2541688968109172,0.4074354946737166,0.5684657040955459,0.5802184234981611,0.5072107448282798
HLM,RF,1.0,2468,4,gaussian,10.0,base,0.3711119003982628,0.4850751564490952,0.2352979074041142,0.3968067172193777,0.613335712398618,0.6266807084904883,0.5618744153185494
HLM,RF,1.0,2468,0,systematic_bias,2.0,base,0.373519037412898,0.4841459276821399,0.2343972792911998,0.4045417070246312,0.6672737758304778,0.682520085124004,0.5560098373197211
HLM,RF,1.0,2468,1,systematic_bias,2.0,base,0.3736773833708509,0.4840847387553392,0.2343380342958249,0.4038859520940041,0.6656461340433006,0.6859759397137499,0.5557708453834546
HLM,RF,1.0,2468,2,systematic_bias,2.0,base,0.366052541148382,0.4870224451102084,0.237190862041126,0.4071854186993016,0.6662147205379143,0.6799286762289457,0.5508456642818885
HLM,RF,1.0,2468,3,systematic_bias,2.0,base,0.3696535196249484,0.4856372712600333,0.2358435592368911,0.4082207999616781,0.6667174049027385,0.6798347348606257,0.556547558424535
HLM,RF,1.0,2468,4,systematic_bias,2.0,base,0.3751056172289579,0.4835324827804294,0.2338036619038062,0.4036710186121168,0.664750907672266,0.6778395991334504,0.5565155540486939
HLM,RF,1.0,2468,0,systematic_bias,3.0,base,0.2840503705061957,0.5175634252951563,0.2678718992032549,0.4351021081422991,0.6694631182770415,0.683544133449926,0.5213737532448809
HLM,RF,1.0,2468,1,systematic_bias,3.0,base,0.2862130323394471,0.5167811347716793,0.2670627412559045,0.4337345304756841,0.6677334266526516,0.686382684757042,0.5260117065093222
HLM,RF,1.0,2468,2,systematic_bias,3.0,base,0.2646019058619659,0.5245460174913287,0.2751485244660133,0.4428875733363868,0.6645461043519593,0.6782721819094085,0.5124217399013682
HLM,RF,1.0,2468,3,systematic_bias,3.0,base,0.26988984755993,0.5226567189992581,0.2731700459150695,0.4425265115487377,0.6643793084515136,0.6775395986334709,0.5214938654375355
HLM,RF,1.0,2468,4,systematic_bias,3.0,base,0.2882594177663323,0.5160398124366683,0.2662970880196718,0.4343713299275723,0.6649957325266086,0.6779264961846057,0.5250224411665494
HLM,RF,1.0,2468,0,systematic_bias,5.0,base,0.0975168206129659,0.5810879936184983,0.3376632563275719,0.4917229170377667,0.6600588626464506,0.6729820282646846,0.4590818223436037
HLM,RF,1.0,2468,1,systematic_bias,5.0,base,0.1094909574229421,0.5772201867479997,0.3331831439893957,0.4871591853856906,0.6562314370305452,0.6741938307813127,0.4675857499677782
HLM,RF,1.0,2468,2,systematic_bias,5.0,base,0.0684068095360446,0.5903852474050334,0.3485547403535025,0.501130465500758,0.6606565334618926,0.6718702859028186,0.4526809293026959
HLM,RF,1.0,2468,3,systematic_bias,5.0,base,0.0836602536462239,0.5855319617130975,0.3428476781875882,0.4984826856577909,0.6655073396141272,0.6770636187503086,0.4671574255528531
HLM,RF,1.0,2468,4,systematic_bias,5.0,base,0.1244878559248963,0.5723391198653215,0.3275720681282108,0.4837388532701241,0.6578561851823428,0.6670669871272448,0.4715253409376657
HLM,RF,1.0,2468,0,systematic_bias,10.0,base,-0.2643497407695732,0.6877901564970736,0.473055299374269,0.5871347698414253,0.6505613092563987,0.663582775304533,0.3745143348027193
HLM,RF,1.0,2468,1,systematic_bias,10.0,base,-0.2257918994317953,0.6772214691631048,0.458628918295434,0.5783541783171532,0.6466299977860078,0.6668358872477078,0.3885694786284884
HLM,RF,1.0,2468,2,systematic_bias,10.0,base,-0.3112041138704677,0.7004183180256199,0.4905858202258384,0.5993128555145644,0.649242176700668,0.6580016707935593,0.366880473154322
HLM,RF,1.0,2468,3,systematic_bias,10.0,base,-0.2796821974452075,0.6919479200194899,0.4787919240192984,0.5933315083074445,0.6572263606649538,0.6661278562450996,0.3848638894284911
HLM,RF,1.0,2468,4,systematic_bias,10.0,base,-0.2087952779501551,0.6725099611975777,0.4522696479099674,0.5759366556343053,0.6462159372679299,0.6543782180155054,0.3891448276072974
HLM,RF,1.0,2468,0,gross_errors,0.01,base,0.4381811588762255,0.4584801039013776,0.210204005673418,0.370728427444664,0.6680575460424972,0.6810662820326644,0.5799811633602663
HLM,RF,1.0,2468,1,gross_errors,0.01,base,0.4374067376639222,0.4587959837028464,0.2104937546618625,0.3716249188505036,0.6673589087144535,0.6846990672455021,0.5793185660897474
HLM,RF,1.0,2468,2,gross_errors,0.01,base,0.4392616594378941,0.4580390129413551,0.2097997373762908,0.3702017393061913,0.6676736151401261,0.683743328228728,0.5844141606694776
HLM,RF,1.0,2468,3,gross_errors,0.01,base,0.4323739912819162,0.4608435223790109,0.2123767521186939,0.3740792578058508,0.6628461011160339,0.6797496631617285,0.5773441707398085
HLM,RF,1.0,2468,4,gross_errors,0.01,base,0.4333313106313016,0.4604547447464346,0.2120185719595042,0.3729540975250252,0.6640150451538056,0.6775695755452007,0.5762699699462556
HLM,RF,1.0,2468,0,gross_errors,0.05,base,0.4188365536599659,0.4663065215351075,0.2174417720261716,0.382624487469818,0.657459597027383,0.6687077988428753,0.5632363587561509
HLM,RF,1.0,2468,1,gross_errors,0.05,base,0.425688451201311,0.4635495020238123,0.2148781408265243,0.3819899118631202,0.6640537593408969,0.6783028272599935,0.5625138223805175
HLM,RF,1.0,2468,2,gross_errors,0.05,base,0.4320384946584528,0.4609796935588173,0.2125022778735811,0.3789080041906746,0.668891396426164,0.6822765419980887,0.5696302203398926
HLM,RF,1.0,2468,3,gross_errors,0.05,base,0.4159815660454692,0.467450492599489,0.2185099630315049,0.3846495276532086,0.6568193495752482,0.6706572493452273,0.5600887155895731
HLM,RF,1.0,2468,4,gross_errors,0.05,base,0.4083080598665575,0.4705114221266155,0.2213809983516102,0.3851484869484832,0.6490771007908995,0.6573503028385093,0.5514977000916783
HLM,RF,1.0,2468,0,gross_errors,0.1,base,0.4125836943424524,0.468808354897968,0.2197812736221391,0.3888572549361456,0.6627709521382887,0.6760403674091754,0.5533565108125876
HLM,RF,1.0,2468,1,gross_errors,0.1,base,0.3883854317532774,0.4783670467776117,0.2288350314427338,0.4024375070162699,0.6516011437794736,0.6619852321501731,0.5214086483090979
HLM,RF,1.0,2468,2,gross_errors,0.1,base,0.4082040248500594,0.4705527844545203,0.2214199229579022,0.3926740958092249,0.6646639894514937,0.6754896509201821,0.5429191459270043
HLM,RF,1.0,2468,3,gross_errors,0.1,base,0.3965640368765911,0.4751578830393623,0.2257750138144483,0.3940074116905168,0.6527619354439985,0.6623553673115584,0.5431114055097208
HLM,RF,1.0,2468,4,gross_errors,0.1,base,0.3885258334822081,0.4783121368565084,0.2287825002642392,0.3965040937383958,0.6447627304210872,0.6524131877459937,0.5261864159335674
HLM,RF,1.0,2468,0,gross_errors,0.2,base,0.3541255267944025,0.4915824890651419,0.2416533435554803,0.4151798446956793,0.6564603986610696,0.6736687977698652,0.5048851994458851
HLM,RF,1.0,2468,1,gross_errors,0.2,base,0.3092895920036606,0.5083587980540785,0.2584286675589873,0.4307084411124044,0.6198126860033004,0.630897580716698,0.4574413114673517
HLM,RF,1.0,2468,2,gross_errors,0.2,base,0.3629210551095265,0.4882238264147911,0.2383625046791,0.4130358503385757,0.6747450436836787,0.6908451568441055,0.5111856708251068
HLM,RF,1.0,2468,3,gross_errors,0.2,base,0.3356424941326094,0.4985666989729772,0.2485687533248113,0.419070618704822,0.6387260610259827,0.6500855808159957,0.4917853159454063
HLM,RF,1.0,2468,4,gross_errors,0.2,base,0.3170320446944783,0.5055015687062681,0.2555318359644978,0.426955556873784,0.6307256492577997,0.6489754324237073,0.4699859679391271
HLM,LightGBM,1.0,2468,0,gaussian,2.0,base,0.4855045794002703,0.4387459300750023,0.1924979911573788,0.3477317439716986,0.6984632817157308,0.7116536584015153,0.6687505476785576
HLM,LightGBM,1.0,2468,1,gaussian,2.0,base,0.4694968649775701,0.4455190937221548,0.1984872628710101,0.3477714780081085,0.686426351489013,0.6881282099902334,0.6500129317654373
HLM,LightGBM,1.0,2468,2,gaussian,2.0,base,0.4500250420590604,0.45362167894704,0.2057726276107314,0.3600012585679627,0.6742256355456598,0.6782678884752242,0.6445836107341715
HLM,LightGBM,1.0,2468,3,gaussian,2.0,base,0.4489252833660061,0.4540749952597112,0.2061841013201067,0.3582195259472374,0.674816102316878,0.6778784200054162,0.6488702475001105
HLM,LightGBM,1.0,2468,4,gaussian,2.0,base,0.5022984836067628,0.4315258593120949,0.1862145672550419,0.3457329486163477,0.710389747802509,0.7097740854687017,0.6813053586056811
HLM,LightGBM,1.0,2468,0,gaussian,3.0,base,0.3910431917244524,0.4773265475330303,0.2278406329798022,0.3748846584007632,0.6414022455496712,0.6531470564812678,0.6220245865017267
HLM,LightGBM,1.0,2468,1,gaussian,3.0,base,0.3839152842556078,0.4801120005180428,0.2305075330414371,0.3770249005857222,0.6312040828599704,0.6466931764991052,0.6051290801154477
HLM,LightGBM,1.0,2468,2,gaussian,3.0,base,0.4042027572093756,0.4721408620177489,0.222916993586863,0.374005954053563,0.6501492898543632,0.66437122464324,0.6308366747869965
HLM,LightGBM,1.0,2468,3,gaussian,3.0,base,0.372110528314252,0.4846898716524853,0.2349242716825027,0.3894672740169265,0.6276534542252206,0.6319198551087354,0.6078831033841973
HLM,LightGBM,1.0,2468,4,gaussian,3.0,base,0.4303957174343608,0.4616458831938203,0.2131169214698024,0.3693568126423195,0.6665479650909784,0.6721484078848889,0.6457518560498793
HLM,LightGBM,1.0,2468,0,gaussian,5.0,base,0.2998654819659169,0.5118150932828223,0.261954689712104,0.4153705034929072,0.6056574578676339,0.6216963399127587,0.5980221974084914
HLM,LightGBM,1.0,2468,1,gaussian,5.0,base,0.3114215262951532,0.507573646176876,0.2576310062932884,0.3930415651518986,0.6041156789113731,0.6133360980252074,0.5922894100019004
HLM,LightGBM,1.0,2468,2,gaussian,5.0,base,0.2906945057336815,0.5151562889874859,0.265386002083358,0.4151028646478974,0.5921512511091513,0.6110927143909446,0.5825769250408382
HLM,LightGBM,1.0,2468,3,gaussian,5.0,base,0.2148763927037921,0.5419901103752847,0.2937532797446132,0.4307414229452558,0.5540083794851813,0.5591035455624621,0.5473811187627599
HLM,LightGBM,1.0,2468,4,gaussian,5.0,base,0.3475179031135559,0.4940906596097407,0.2441255799135887,0.3998235817246474,0.6274862292273017,0.6320541856094117,0.6174799188308524
HLM,LightGBM,1.0,2468,0,gaussian,10.0,base,0.0738504255629586,0.5886578092531622,0.3465180163947323,0.4678798560717498,0.5183306482496693,0.5241582306598015,0.5175038799897942
HLM,LightGBM,1.0,2468,1,gaussian,10.0,base,0.0313055417929626,0.6020266985390168,0.3624361457537882,0.4719264038572073,0.4809344062953143,0.5000859735559097,0.478800366848937
HLM,LightGBM,1.0,2468,2,gaussian,10.0,base,0.080236893958937,0.5866246884373608,0.3441285250842306,0.4652735154222325,0.5080387415708256,0.5242927154155983,0.5055516127179285
HLM,LightGBM,1.0,2468,3,gaussian,10.0,base,0.0387319651194617,0.59971456231859,0.359657556256978,0.4778050928744198,0.4903052301426125,0.4844083058130435,0.489287847093239
HLM,LightGBM,1.0,2468,4,gaussian,10.0,base,0.1296920557290645,0.5706355417692244,0.3256249215302562,0.4588039509110173,0.5499619853023242,0.5552699201828714,0.5486110763856881
HLM,LightGBM,1.0,2468,0,systematic_bias,2.0,base,0.4355095099080706,0.4595689292063481,0.2112036006918694,0.3813082592935388,0.7097091214880621,0.7127685115749758,0.6389766048788242
HLM,LightGBM,1.0,2468,1,systematic_bias,2.0,base,0.4068667563060544,0.4710841334208034,0.2219202607608293,0.3850227677391208,0.6883325536363167,0.6989362749649429,0.6270708428085736
HLM,LightGBM,1.0,2468,2,systematic_bias,2.0,base,0.4575284009709648,0.4505166508964929,0.2029652527349925,0.3669671445319423,0.7227795720029132,0.7270580631986034,0.658135972254531
HLM,LightGBM,1.0,2468,3,systematic_bias,2.0,base,0.4159241066169201,0.4674734874023928,0.218531461424155,0.384986856564223,0.6963593772407218,0.6973839542700451,0.6359258423261906
HLM,LightGBM,1.0,2468,4,systematic_bias,2.0,base,0.4256083059130722,0.4635818451070244,0.2149081271128332,0.3794796281553101,0.7035191155837925,0.7099992465261034,0.6351170321035966
HLM,LightGBM,1.0,2468,0,systematic_bias,3.0,base,0.341152289743029,0.4964949831925673,0.2465072683353877,0.4156154999454266,0.7118636547039748,0.7188075224108389,0.6098825964073806
HLM,LightGBM,1.0,2468,1,systematic_bias,3.0,base,0.3191699007382087,0.5047097770804665,0.2547319590806141,0.4115325994625126,0.686217152000744,0.6972881875494671,0.5968729446427173
HLM,LightGBM,1.0,2468,2,systematic_bias,3.0,base,0.3234947003251618,0.5031042031923384,0.2531138392697977,0.4160707071372916,0.7053276938957008,0.709362507098304,0.5994207236777728
HLM,LightGBM,1.0,2468,3,systematic_bias,3.0,base,0.2721974157981798,0.5218301173454757,0.2723066713687929,0.4330105998449745,0.6802698904636719,0.6832562419768974,0.5873640297678607
HLM,LightGBM,1.0,2468,4,systematic_bias,3.0,base,0.3411421245908905,0.4964988133095236,0.2465110716177651,0.4103937700986497,0.6948495927536489,0.6938750102096968,0.6048189139802236
HLM,LightGBM,1.0,2468,0,systematic_bias,5.0,base,0.11015989451635,0.577003346426674,0.3329328617875802,0.4794593357544244,0.6676021792250333,0.672503965937397,0.5244741025418174
HLM,LightGBM,1.0,2468,1,systematic_bias,5.0,base,0.0896533894334783,0.5836140436221299,0.3406053519129732,0.4824860662844443,0.6617077599977916,0.6720795843920064,0.5260207093604329
HLM,LightGBM,1.0,2468,2,systematic_bias,5.0,base,0.0772647275551197,0.5875717474712674,0.3452405584264388,0.4933532946770722,0.6773191222340894,0.6824448343344384,0.5185974717297966
HLM,LightGBM,1.0,2468,3,systematic_bias,5.0,base,0.122685868102504,0.5729278141478229,0.3282462802242023,0.475427639820341,0.6882273935628549,0.6894391985492747,0.5444863769378714
HLM,LightGBM,1.0,2468,4,systematic_bias,5.0,base,0.1300489364824346,0.5705185316207689,0.3254913949227183,0.4746006235406759,0.6588605406278633,0.6718330075820569,0.5252176329400519
HLM,LightGBM,1.0,2468,0,systematic_bias,10.0,base,-0.317442368205781,0.7020825146527085,0.4929198573810706,0.5895839543021382,0.6423589612203732,0.6512101006436676,0.4325191252017289
HLM,LightGBM,1.0,2468,1,systematic_bias,10.0,base,-0.2735268323079201,0.6902817539104686,0.4764888997817127,0.5829875177732761,0.6526916954544187,0.6724544243345638,0.4468784431371445
HLM,LightGBM,1.0,2468,2,systematic_bias,10.0,base,-0.3113126821500591,0.7004473148983952,0.4906264409483716,0.591031205374577,0.6414595143034294,0.6568821128389268,0.4305347766377048
HLM,LightGBM,1.0,2468,3,systematic_bias,10.0,base,-0.3041446953359195,0.6985302751036232,0.4879445452363435,0.5939778031796634,0.6679186340388521,0.663287248203045,0.4474309998216649
HLM,LightGBM,1.0,2468,4,systematic_bias,10.0,base,-0.2500483412417846,0.6838892043440199,0.4677044438182967,0.5797927372015531,0.6198467514446925,0.6263923799612853,0.4328837207320571
HLM,LightGBM,1.0,2468,0,gross_errors,0.01,base,0.5010837934128267,0.4320521293552175,0.1866690424803776,0.3407083577026267,0.7082611268189514,0.7163138855529237,0.6708472840600045
HLM,LightGBM,1.0,2468,1,gross_errors,0.01,base,0.5200100088979789,0.4237780271119987,0.1795878162629379,0.336732406198512,0.7212891275591347,0.7276058745494959,0.6807832034563834
HLM,LightGBM,1.0,2468,2,gross_errors,0.01,base,0.5106470180227769,0.4278913071532041,0.1830909707372777,0.3408381681365752,0.7149531957056401,0.7234875456360313,0.6759976501201503
HLM,LightGBM,1.0,2468,3,gross_errors,0.01,base,0.4977248037043456,0.4335041007975708,0.1879258054083104,0.3501475736149482,0.7063012304787196,0.7129462134736697,0.6637714926060346
HLM,LightGBM,1.0,2468,4,gross_errors,0.01,base,0.4946717853741286,0.434819605612315,0.1890680894248491,0.349391628428137,0.704436164847418,0.711514211772679,0.6610141420030935
HLM,LightGBM,1.0,2468,0,gross_errors,0.05,base,0.4732566227455991,0.4439375552260295,0.197080552940064,0.3576780554363432,0.6912735964229682,0.7026611761938425,0.6462826756500729
HLM,LightGBM,1.0,2468,1,gross_errors,0.05,base,0.4795192182623861,0.4412906168887361,0.1947374085540412,0.35462946710485,0.6968877258720695,0.7013180768605725,0.6540571720965328
HLM,LightGBM,1.0,2468,2,gross_errors,0.05,base,0.4952284703397389,0.4345800343481101,0.1888598062540046,0.3532583461944188,0.7069302174344717,0.7150943188619024,0.6596343689680415
HLM,LightGBM,1.0,2468,3,gross_errors,0.05,base,0.487452405561329,0.4379146192813519,0.1917692137803314,0.3520142592347409,0.7030637850031184,0.7014884773502342,0.6598440851886326
HLM,LightGBM,1.0,2468,4,gross_errors,0.05,base,0.4900821042643775,0.4367897828649497,0.1907853144152099,0.351661873935276,0.7039124157727358,0.7104216741733023,0.6589142232646318
HLM,LightGBM,1.0,2468,0,gross_errors,0.1,base,0.4601304902513904,0.4494348489048206,0.201991683410099,0.3640744682933695,0.6876621540575271,0.6945872061005556,0.6360306271462108
HLM,LightGBM,1.0,2468,1,gross_errors,0.1,base,0.4388094725427279,0.4582236601154864,0.2099689226896327,0.3743653685035467,0.6769463871854563,0.6828960305615908,0.616113869390489
HLM,LightGBM,1.0,2468,2,gross_errors,0.1,base,0.482220569127638,0.4401439544035006,0.1937267005979508,0.3598263590094283,0.7042534370641811,0.7091732103563938,0.6426507248622743
HLM,LightGBM,1.0,2468,3,gross_errors,0.1,base,0.4458251312446015,0.4553504369181155,0.2073440204015187,0.3719335787078242,0.6819020802651419,0.6839245779951909,0.6306058492777353
HLM,LightGBM,1.0,2468,4,gross_errors,0.1,base,0.435083256633121,0.4597424093608521,0.2113630829649213,0.3735695598782325,0.6711157795848236,0.6808553381555256,0.6163331037227604
HLM,LightGBM,1.0,2468,0,gross_errors,0.2,base,0.3325797229884036,0.4997146048974212,0.2497146863477858,0.409067381712612,0.6179210777610681,0.638199503932413,0.5533543883902935
HLM,LightGBM,1.0,2468,1,gross_errors,0.2,base,0.3357487975510556,0.4985268097083692,0.2485289799980046,0.4125252006166801,0.6242204369568387,0.627774608676762,0.5416163916758282
HLM,LightGBM,1.0,2468,2,gross_errors,0.2,base,0.3677533922743848,0.4863686771859472,0.2365544901476081,0.4015436176920969,0.6543415790651278,0.6663882645975113,0.5727294484679032
HLM,LightGBM,1.0,2468,3,gross_errors,0.2,base,0.3904106806461799,0.4775743778945466,0.2280772864213631,0.3920104287194086,0.6615678695079945,0.6647816203910482,0.5894812469722851
HLM,LightGBM,1.0,2468,4,gross_errors,0.2,base,0.3384450294550067,0.4975140071360845,0.247520187296604,0.4126134114015138,0.6270829212049608,0.63308329864512,0.5549224258800916
HLM,FCNN,1.0,2468,0,gaussian,2.0,base,0.440115413103931,0.4576901858493629,0.2094803062228244,0.3498793035271654,0.7071965331768683,0.7181485959548894,0.7063437503686187
HLM,FCNN,1.0,2468,1,gaussian,2.0,base,0.4194265720061715,0.466069755724889,0.2172210172014577,0.353820541826708,0.6966545745448003,0.699953304682887,0.6948078294402119
HLM,FCNN,1.0,2468,2,gaussian,2.0,base,0.4098416500158033,0.4699012736730991,0.2208072069996008,0.3544622766587217,0.6804252130577424,0.6842563293407848,0.6721426743752232
HLM,FCNN,1.0,2468,3,gaussian,2.0,base,0.4061670843870356,0.471361901695017,0.2221820423695429,0.366001201950567,0.67581658561443,0.6617059789638865,0.6715582812870586
HLM,FCNN,1.0,2468,4,gaussian,2.0,base,0.3916793223055583,0.477077169129446,0.227602625304566,0.3620633268407402,0.6950485120190352,0.7004850735012583,0.6418117731840671
HLM,FCNN,1.0,2468,0,gaussian,3.0,base,0.27389934470867,0.5212196237894298,0.2716698962231946,0.414207403621113,0.6739813917323262,0.6781010358533315,0.6473214570844753
HLM,FCNN,1.0,2468,1,gaussian,3.0,base,0.2086686303350089,0.5441285770463177,0.2960759083584504,0.4221607835485989,0.6244229648177521,0.632337398010455,0.6231801713710428
HLM,FCNN,1.0,2468,2,gaussian,3.0,base,0.144057282849803,0.565906516077299,0.3202501849387462,0.434628232194495,0.574658088647779,0.5783373594325169,0.5659200348472792
HLM,FCNN,1.0,2468,3,gaussian,3.0,base,0.16505812303278,0.5589210496909863,0.3123927397876739,0.4442996851954811,0.5917036774811948,0.5727960527426049,0.5907376344268407
HLM,FCNN,1.0,2468,4,gaussian,3.0,base,0.3619642366129343,0.4885903165686721,0.2387204974446752,0.3764996479256817,0.6599524278755668,0.6631841543642484,0.6535091281585889
HLM,FCNN,1.0,2468,0,gaussian,5.0,base,-0.094890577290073,0.6400408645654204,0.4096523083136508,0.5098358669732164,0.5973493726936978,0.595816084251916,0.5743556319455098
HLM,FCNN,1.0,2468,1,gaussian,5.0,base,-0.2084783001709504,0.6724217805542335,0.4521510509637257,0.5311088998191816,0.5169806106971093,0.5236228111369141,0.5066876126186882
HLM,FCNN,1.0,2468,2,gaussian,5.0,base,-0.1650084983952939,0.6602172857314527,0.4358868643786066,0.511212053114572,0.5039697415994774,0.5052421566285714,0.4930615523502904
HLM,FCNN,1.0,2468,3,gaussian,5.0,base,-0.2746229929373711,0.6905787625455051,0.476899027278881,0.5521215692968603,0.5042705438931442,0.4912189778886774,0.4935282938376418
HLM,FCNN,1.0,2468,4,gaussian,5.0,base,0.0388464193520082,0.599678858482212,0.3596147333105288,0.4684373655252453,0.5582647297731941,0.5536827121215777,0.5507949893311576
HLM,FCNN,1.0,2468,0,gaussian,10.0,base,-0.5810422455149222,0.7691199584185764,0.5915455104377927,0.6111521428354341,0.5109397950341911,0.5086929722177179,0.4800717062670379
HLM,FCNN,1.0,2468,1,gaussian,10.0,base,-0.8738237578264465,0.8373108416512133,0.7010894455466632,0.6590515809544774,0.4093114026350031,0.4136266470139533,0.3844622679989418
HLM,FCNN,1.0,2468,2,gaussian,10.0,base,-0.9336034692623076,0.850562149356057,0.7234559699171954,0.6626555134999624,0.3574606253293865,0.3614192843176736,0.3336304116338827
HLM,FCNN,1.0,2468,3,gaussian,10.0,base,-1.0275705312467065,0.8709843053891333,0.758613660234191,0.6883108416248165,0.4031006376183144,0.4045404291114546,0.3720001752608674
HLM,FCNN,1.0,2468,4,gaussian,10.0,base,-0.5810126468682737,0.769112759048512,0.5915344361312145,0.6105300290434655,0.4691013760706486,0.469051488720597,0.4456880991568308
HLM,FCNN,1.0,2468,0,systematic_bias,2.0,base,0.4725285478865942,0.4442442588067981,0.1973529614828014,0.350441399815439,0.7361151966779781,0.7464421472651086,0.7102530533766236
HLM,FCNN,1.0,2468,1,systematic_bias,2.0,base,0.4532644487802479,0.4522837677256907,0.2045606065481466,0.3596926767917806,0.7286566175620702,0.7363034209669753,0.700865526486213
HLM,FCNN,1.0,2468,2,systematic_bias,2.0,base,0.5263127877805841,0.4209865048993119,0.1772296373073383,0.3354496993542643,0.7329958587895459,0.7395934513022978,0.7163904829953519
HLM,FCNN,1.0,2468,3,systematic_bias,2.0,base,0.4717781751462345,0.4445601340172759,0.1976337127574583,0.3508142898921904,0.7203951975588251,0.7219420470517423,0.7012366751268223
HLM,FCNN,1.0,2468,4,systematic_bias,2.0,base,0.3797323888792341,0.4817390990169097,0.2320725595216239,0.3859442748186303,0.7136756456494068,0.7169677730082736,0.6757475557556947
HLM,FCNN,1.0,2468,0,systematic_bias,3.0,base,0.427578820501914,0.4627859774034616,0.2141708608812772,0.3711937087614868,0.7154330317711416,0.7178156619867058,0.6812710468966844
HLM,FCNN,1.0,2468,1,systematic_bias,3.0,base,0.2576773403704772,0.5270098142470959,0.2777393443127586,0.422240310192423,0.7080458705850406,0.712452108613861,0.6368314951845598
HLM,FCNN,1.0,2468,2,systematic_bias,3.0,base,0.4627160958976686,0.4483573144511517,0.2010242814218489,0.3638928453028287,0.7091499146910021,0.7084045570914707,0.681088195035145
HLM,FCNN,1.0,2468,3,systematic_bias,3.0,base,0.4030685069974807,0.4725900678880939,0.2233413722664732,0.3759235921736906,0.7071205115780811,0.7088613579213306,0.672741645400534
HLM,FCNN,1.0,2468,4,systematic_bias,3.0,base,0.2331110947000995,0.5356592038476494,0.2869307826666976,0.4372162384775588,0.6811500312624964,0.6758254128989063,0.6117262526246633
HLM,FCNN,1.0,2468,0,systematic_bias,5.0,base,0.0487605013171289,0.5965780658126977,0.3559053886088195,0.4719822142888596,0.678137774076798,0.6876649818636902,0.588064228537045
HLM,FCNN,1.0,2468,1,systematic_bias,5.0,base,0.0268389101682033,0.6034130690429709,0.3641073318918571,0.480804114506027,0.6645475496141727,0.666870260430369,0.5718257122491197
HLM,FCNN,1.0,2468,2,systematic_bias,5.0,base,0.2207356170700214,0.5399639398198038,0.2915610563057247,0.4357099353792567,0.6706054795168218,0.6700378122000986,0.6080108959467168
HLM,FCNN,1.0,2468,3,systematic_bias,5.0,base,0.1818044732628916,0.5532875456416094,0.3061271081621161,0.4436612646234691,0.6740537154281386,0.6635803072226067,0.6113746432060909
HLM,FCNN,1.0,2468,4,systematic_bias,5.0,base,-0.0520126514954311,0.6273831138830649,0.3936095715856108,0.5132970615631832,0.6525503262138537,0.6546343072245461,0.5373165223258539
HLM,FCNN,1.0,2468,0,systematic_bias,10.0,base,-0.3685455555427452,0.7155697507538348,0.5120400681939052,0.5643602402254493,0.5989657303295897,0.6050392807013246,0.489527336018543
HLM,FCNN,1.0,2468,1,systematic_bias,10.0,base,-0.7132238211542885,0.8006254593098088,0.6410011260950422,0.654928634841814,0.5992844716718195,0.604494091687479,0.4309808674862904
HLM,FCNN,1.0,2468,2,systematic_bias,10.0,base,-0.2583654967529556,0.68616054968754,0.470816299947507,0.5568545021144224,0.5905341709056591,0.5815038571255906,0.4928030995847891
HLM,FCNN,1.0,2468,3,systematic_bias,10.0,base,-0.3377034520874487,0.7074606161394774,0.500500523388449,0.579764316674859,0.6080932704181883,0.5855156728784231,0.4851937552526174
HLM,FCNN,1.0,2468,4,systematic_bias,10.0,base,-0.4284744806547256,0.7310693679295521,0.5344624207249149,0.6026048060169837,0.5838492917758442,0.5781124040486091,0.4547058129660978
HLM,FCNN,1.0,2468,0,gross_errors,0.01,base,0.5228789165806977,0.4225096650691058,0.1785144170768079,0.3223778879412061,0.7400226102613993,0.7503729019521741,0.7323877590112113
HLM,FCNN,1.0,2468,1,gross_errors,0.01,base,0.518794921167574,0.4243140820502897,0.1800424402261799,0.3190547147339138,0.7300121987884828,0.7425853321990854,0.7203156958324157
HLM,FCNN,1.0,2468,2,gross_errors,0.01,base,0.5108986388094805,0.4277812841277855,0.1829968270500171,0.3259686879249869,0.7311518668399426,0.7406841892586034,0.7254806199199991
HLM,FCNN,1.0,2468,3,gross_errors,0.01,base,0.5205950103553605,0.4235197026144003,0.1793689385025901,0.3169486345022813,0.7324516385070906,0.7469608815258069,0.7235321985875408
HLM,FCNN,1.0,2468,4,gross_errors,0.01,base,0.51214846140694,0.4272343701857665,0.1825292070680286,0.3210396260498627,0.7261233958923461,0.7362640859112749,0.7160826553195615
HLM,FCNN,1.0,2468,0,gross_errors,0.05,base,0.4698738357739266,0.4453607746448483,0.1983462195922594,0.3348932506781581,0.7105205883729158,0.7184719146872351,0.7059857292219192
HLM,FCNN,1.0,2468,1,gross_errors,0.05,base,0.4748352540701135,0.4432718234599556,0.196489909473514,0.3407321804980615,0.7016801838850145,0.7147731597012421,0.6886962060526612
HLM,FCNN,1.0,2468,2,gross_errors,0.05,base,0.4816093136493971,0.4404036799076459,0.1939554012761962,0.3289488809504771,0.7099762303101929,0.7205720724422121,0.6971834909394424
HLM,FCNN,1.0,2468,3,gross_errors,0.05,base,0.4477013919802367,0.4545789471180482,0.2066420191629532,0.3497509783265259,0.6968878428503281,0.7123770634977895,0.6826218378103014
HLM,FCNN,1.0,2468,4,gross_errors,0.05,base,0.440928794802342,0.4573576064789222,0.2091759802041286,0.3389999326803399,0.6952913923232963,0.7050309976084549,0.6666063110724483
HLM,FCNN,1.0,2468,0,gross_errors,0.1,base,0.407959169046455,0.4706501200817037,0.2215115355329221,0.3569127059055624,0.6809205407634804,0.6853549600174174,0.6391590208303283
HLM,FCNN,1.0,2468,1,gross_errors,0.1,base,0.3977178865862047,0.4747033831780522,0.2253433020006886,0.3617297768901097,0.6474218424344138,0.6616818894559183,0.6296055399331449
HLM,FCNN,1.0,2468,2,gross_errors,0.1,base,0.4340297589076024,0.4601708901871072,0.2117572481755947,0.3499917803626322,0.6780388548236458,0.6953280677346212,0.6563371459636798
HLM,FCNN,1.0,2468,3,gross_errors,0.1,base,0.4213936140673338,0.4652795398606711,0.2164850502129578,0.3478894462075712,0.6644048161958204,0.6727965107732241,0.6479148225658184
HLM,FCNN,1.0,2468,4,gross_errors,0.1,base,0.4023134948166221,0.4728888446385159,0.2236238593835504,0.3610432471736611,0.6630010711158885,0.6733672804278685,0.6529581381721372
HLM,FCNN,1.0,2468,0,gross_errors,0.2,base,0.3476423622546036,0.4940435341544026,0.2440790136397724,0.373922273012797,0.6253350643136568,0.6396734887353375,0.6121637652682493
HLM,FCNN,1.0,2468,1,gross_errors,0.2,base,0.1960186129555235,0.5484604824357688,0.3008089007936763,0.4175671843452515,0.5978460076479453,0.6077237825615406,0.5685523210561035
HLM,FCNN,1.0,2468,2,gross_errors,0.2,base,0.3366990663586462,0.4981700892191144,0.2481734377925803,0.3750375332328525,0.6195392175534101,0.6413441231075775,0.6098084760792127
HLM,FCNN,1.0,2468,3,gross_errors,0.2,base,0.3510281153305011,0.4927598169721162,0.2428122372223935,0.3623665249730206,0.6476711186163657,0.6479356243663182,0.6392416609355804
HLM,FCNN,1.0,2468,4,gross_errors,0.2,base,0.262954019472135,0.5251333922461263,0.275765079651924,0.4063153543285691,0.5994846472602552,0.6251858478279373,0.593304298863622
SOL,RF,1.0,1737,0,gaussian,2.0,base,0.3092760542541605,0.5610307081735807,0.3147554555137495,0.3960419426490084,0.5614902990998055,0.4667053170332439,0.4415634715909775
SOL,RF,1.0,1737,1,gaussian,2.0,base,0.3209004180574003,0.5562898149783564,0.309458358248654,0.3874169736246263,0.5734759804207727,0.4720265153131648,0.4514893500128727
SOL,RF,1.0,1737,2,gaussian,2.0,base,0.2971578370444933,0.56593073467697,0.320277596452015,0.4007920078490366,0.550709703497402,0.4655364028467122,0.4267809482188648
SOL,RF,1.0,1737,3,gaussian,2.0,base,0.3062631818277858,0.5622529581934164,0.3161283889972476,0.3974220606495581,0.5577673676424814,0.4458992859724989,0.4398428728700403
SOL,RF,1.0,1737,4,gaussian,2.0,base,0.325586814681692,0.5543670425179595,0.3073228178301091,0.3857884219864499,0.5770405244018525,0.4768545186949769,0.4574794124380222
SOL,RF,1.0,1737,0,gaussian,3.0,base,0.3055410331724992,0.5625455220283202,0.3164574643541152,0.3957549132579928,0.5558549957684603,0.4622208589595588,0.4447866303852568
SOL,RF,1.0,1737,1,gaussian,3.0,base,0.304476201684224,0.5629766394652427,0.3169426965835779,0.3908509857981321,0.5565648610884611,0.4571821944403635,0.4416486328725448
SOL,RF,1.0,1737,2,gaussian,3.0,base,0.2951466965105953,0.5667398446479577,0.3211940515115912,0.4058790853414947,0.5481503301993254,0.4541814759692509,0.4275523015555243
SOL,RF,1.0,1737,3,gaussian,3.0,base,0.2899760376023668,0.5688147897445943,0.3235502650321871,0.4049555304845509,0.5405453204352076,0.4202876297199683,0.4290544867674301
SOL,RF,1.0,1737,4,gaussian,3.0,base,0.3171369943928702,0.5578291045112564,0.3111733098398302,0.3888774075039596,0.5680068879503676,0.4645769835075298,0.4546827458985792
SOL,RF,1.0,1737,0,gaussian,5.0,base,0.2905393349861623,0.5685891104191082,0.3232935764871927,0.4049562643590841,0.5409999792888466,0.4440149257432628,0.4341330546835458
SOL,RF,1.0,1737,1,gaussian,5.0,base,0.2862644979337037,0.5702995472958033,0.3252415736457982,0.3989895064505962,0.538845565640971,0.4403573673036519,0.4335530496009385
SOL,RF,1.0,1737,2,gaussian,5.0,base,0.2788007601218585,0.5732736855128862,0.3286427185015275,0.4165669752097951,0.5307111234739585,0.4315090163885418,0.4200443372562534
SOL,RF,1.0,1737,3,gaussian,5.0,base,0.2750926949809623,0.5747455470121483,0.3303324438102935,0.4135343605168004,0.5247193668551975,0.408058860034566,0.4256670829023525
SOL,RF,1.0,1737,4,gaussian,5.0,base,0.3053867120503297,0.5626080223617341,0.3165277868257815,0.3930280675357347,0.5558648124319824,0.456646867314778,0.4532121278232138
SOL,RF,1.0,1737,0,gaussian,10.0,base,0.2578173487536792,0.5815536371168749,0.3382046328438658,0.41894318539061,0.5091988831992996,0.4187686827369958,0.4219927213276338
SOL,RF,1.0,1737,1,gaussian,10.0,base,0.2478452615297491,0.5854475258164881,0.3427488054846474,0.4120887164808957,0.5048277440610037,0.4164241481962372,0.4194650735695584
SOL,RF,1.0,1737,2,gaussian,10.0,base,0.2372598115927673,0.5895527804202273,0.3475724809012207,0.4369332890187842,0.4898162199099583,0.4006831689667057,0.3979606154354351
SOL,RF,1.0,1737,3,gaussian,10.0,base,0.225627511668584,0.5940313077364462,0.3528731945710724,0.4401662651577563,0.480074707141211,0.3753754041611475,0.4051022902907746
SOL,RF,1.0,1737,4,gaussian,10.0,base,0.2714250715976346,0.5761976572723377,0.3320037402461304,0.403903997421157,0.5258760697930965,0.4364801089788948,0.4430185203425832
SOL,RF,1.0,1737,0,systematic_bias,2.0,base,0.2727751883835866,0.5756635359149671,0.3313885065821226,0.3720640919384892,0.571829867643299,0.4771705104010517,0.4279173722170326
SOL,RF,1.0,1737,1,systematic_bias,2.0,base,0.2715344530254761,0.5761544031843229,0.3319538963086832,0.3728650685939967,0.5681370633177022,0.4918546850735655,0.4275524911640485
SOL,RF,1.0,1737,2,systematic_bias,2.0,base,0.2731654757567203,0.5755090414874462,0.3312106568337991,0.374165405479008,0.5762552418136461,0.4705576459085253,0.4272426226803584
SOL,RF,1.0,1737,3,systematic_bias,2.0,base,0.2694562861887678,0.5769756446608925,0.3329008945318524,0.3721825903695133,0.5709613105637108,0.4805227924242747,0.4276436080771023
SOL,RF,1.0,1737,4,systematic_bias,2.0,base,0.2552837544494778,0.5825454183616031,0.3393591644540952,0.381913058764661,0.5516432607644999,0.4608899033514345,0.4199728455508963
SOL,RF,1.0,1737,0,systematic_bias,3.0,base,0.1948840626231722,0.6057083892945745,0.3668826528618278,0.3927655661343412,0.5698303583615183,0.475135480078054,0.4020567712729406
SOL,RF,1.0,1737,1,systematic_bias,3.0,base,0.1999430250353289,0.6038023999872089,0.3645773382303133,0.3929940637622834,0.5705788686876209,0.4924644360819427,0.4052537284876436
SOL,RF,1.0,1737,2,systematic_bias,3.0,base,0.1841359092132932,0.6097380343204165,0.3717804704969253,0.3957277114309181,0.5676723063314455,0.4696604044067781,0.3937170985705544
SOL,RF,1.0,1737,3,systematic_bias,3.0,base,0.2035975813516559,0.6024217760971421,0.3629119963160351,0.3927358141044594,0.5795155637562547,0.4816304763840237,0.4113703959260357
SOL,RF,1.0,1737,4,systematic_bias,3.0,base,0.1726266704319232,0.6140237019290833,0.3770251065306956,0.4088966710123651,0.5414419470593674,0.4365265419008716,0.3935250980151708
SOL,RF,1.0,1737,0,systematic_bias,5.0,base,0.0563439712715073,0.6557544349194889,0.4300138789165783,0.4426308465140382,0.5705308637359583,0.4801648142769776,0.3664235311431237
SOL,RF,1.0,1737,1,systematic_bias,5.0,base,0.058901700735168,0.6548651381577583,0.4288483491743797,0.4446014724337745,0.5646391616987367,0.4864002381572652,0.3678050226038997
SOL,RF,1.0,1737,2,systematic_bias,5.0,base,0.0288659419972194,0.6652332828575988,0.4425353206214979,0.4494538473609769,0.5611451619724508,0.4593035302258739,0.3479761675650351
SOL,RF,1.0,1737,3,systematic_bias,5.0,base,0.0574456940922888,0.6553715249418539,0.429511835704611,0.4468795382276586,0.5761037594193296,0.4811450081573898,0.3701368545735524
SOL,RF,1.0,1737,4,systematic_bias,5.0,base,0.030789863088057,0.6645740068057343,0.4416586105218282,0.4622010918616177,0.5349889771876637,0.425943334560253,0.3591270436586844
SOL,RF,1.0,1737,0,systematic_bias,10.0,base,-0.238464694866918,0.7512356553040238,0.564355009800066,0.547139888091954,0.5484992251564315,0.4487468559835278,0.3015933540792097
SOL,RF,1.0,1737,1,systematic_bias,10.0,base,-0.2242340875695405,0.7469071397918915,0.5578702754721042,0.5412167810068965,0.5492813803252634,0.4721521830643235,0.3053269118884588
SOL,RF,1.0,1737,2,systematic_bias,10.0,base,-0.2928970312391483,0.7675670906574182,0.5891592386602933,0.5605486670390804,0.5445014671278463,0.4355941659118515,0.2818594035244555
SOL,RF,1.0,1737,3,systematic_bias,10.0,base,-0.2346739347931408,0.7500850627108264,0.5626276013019045,0.5506337145747127,0.5668131265094757,0.4740632221780864,0.308237738038546
SOL,RF,1.0,1737,4,systematic_bias,10.0,base,-0.2720263504995928,0.7613466322576672,0.5796486944500915,0.5633104569241378,0.5113353887673919,0.4077748684112978,0.2956492204676588
SOL,RF,1.0,1737,0,gross_errors,0.01,base,0.3189740404825719,0.5570782599793277,0.3103361877415954,0.394846967053752,0.5729952525828645,0.4860092394233816,0.4459560898710615
SOL,RF,1.0,1737,1,gross_errors,0.01,base,0.3186102567819043,0.557227027388395,0.3105019600521072,0.3946106336062653,0.5721340546415383,0.487784551534443,0.4471512961823488
SOL,RF,1.0,1737,2,gross_errors,0.01,base,0.3130582715865398,0.5594925735438722,0.3130319398507452,0.3973105733137437,0.5680538830577265,0.4788386696152433,0.4389298646950574
SOL,RF,1.0,1737,3,gross_errors,0.01,base,0.3125309966661882,0.5597072568294068,0.3132722133474995,0.3990249717351886,0.5678895757130893,0.4788494577980574,0.4378456312817752
SOL,RF,1.0,1737,4,gross_errors,0.01,base,0.30241323448191,0.563810933289891,0.3178827684972178,0.4011084510322181,0.5556778829805706,0.4585742344890163,0.4335205480732538
SOL,RF,1.0,1737,0,gross_errors,0.05,base,0.2840202295009505,0.5711954679228254,0.3262642625755755,0.4189622621709538,0.5417903320885727,0.4855818670190642,0.4190650629768478
SOL,RF,1.0,1737,1,gross_errors,0.05,base,0.2929444756080441,0.5676245060206279,0.3221975798351618,0.4172746586864711,0.5519835501091314,0.4624286043718571,0.4233342799293092
SOL,RF,1.0,1737,2,gross_errors,0.05,base,0.2845186720961485,0.5709966091480386,0.3260371276585579,0.4213320524284198,0.5433332028396208,0.457372809967788,0.4179526516872867
SOL,RF,1.0,1737,3,gross_errors,0.05,base,0.2983400709924836,0.5654545650955112,0.3197388651873536,0.4162238818209502,0.5614325642926548,0.4775866572637923,0.4200018666863369
SOL,RF,1.0,1737,4,gross_errors,0.05,base,0.2850439472891355,0.5707869702577356,0.3257977654160051,0.4191575290842464,0.5455631488252632,0.4579645563737662,0.4113852715548002
SOL,RF,1.0,1737,0,gross_errors,0.1,base,0.2675603333468644,0.5777238612018748,0.3337648598020031,0.4399599262960899,0.5369313465098442,0.470239540301764,0.4067923487839833
SOL,RF,1.0,1737,1,gross_errors,0.1,base,0.2633457992922489,0.5793836186281129,0.3356853775346066,0.4416230245838402,0.533252976140905,0.4359615472725474,0.4015093659404354
SOL,RF,1.0,1737,2,gross_errors,0.1,base,0.2416385752641088,0.5878580827910792,0.3455771255028033,0.445090589828459,0.510209938451789,0.4205810245566352,0.4012989274925051
SOL,RF,1.0,1737,3,gross_errors,0.1,base,0.2905754531247285,0.5685746370010105,0.3232771178408308,0.4285404713697167,0.5669048957393928,0.500638817143681,0.4090357021743878
SOL,RF,1.0,1737,4,gross_errors,0.1,base,0.2405959268409602,0.5882620582262968,0.3460522491486391,0.4461987932018033,0.50920549294352,0.4348612984117648,0.3792822120516164
SOL,RF,1.0,1737,0,gross_errors,0.2,base,0.2350668176843169,0.5903996990031872,0.3485718045830541,0.47266237798981,0.5348513103058378,0.4786194070888597,0.3785850015761143
SOL,RF,1.0,1737,1,gross_errors,0.2,base,0.2053420045597955,0.6017616483844568,0.3621170814663785,0.4832707681790787,0.505381407125265,0.4164393828598058,0.3538290166460308
SOL,RF,1.0,1737,2,gross_errors,0.2,base,0.1622929699440495,0.6178463097222262,0.381734062437373,0.5044300971582081,0.4747810045825525,0.3799095024544029,0.336289797272674
SOL,RF,1.0,1737,3,gross_errors,0.2,base,0.2135511448021658,0.5986453580869895,0.3583762647590998,0.4872737282251082,0.5351503722799281,0.495953465611647,0.3580936904959383
SOL,RF,1.0,1737,4,gross_errors,0.2,base,0.1901289409823878,0.6074944530853572,0.3690495105294772,0.4893076993042242,0.4966260061223402,0.4101610249276432,0.3422676861432526
SOL,LightGBM,1.0,1737,0,gaussian,2.0,base,0.278741610557001,0.5732971937141792,0.328669672320553,0.4077586201696054,0.5361549280484145,0.445874866774913,0.4833357018366055
SOL,LightGBM,1.0,1737,1,gaussian,2.0,base,0.3145463485217267,0.5588862489219548,0.3123538392340532,0.3965595314470063,0.5666533288874269,0.4714094749920754,0.5164734513546266
SOL,LightGBM,1.0,1737,2,gaussian,2.0,base,0.2637427301216231,0.579227503175476,0.335504500434896,0.4137158435822963,0.5243808600437914,0.4638073049782465,0.4728960593283692
SOL,LightGBM,1.0,1737,3,gaussian,2.0,base,0.2690811053323462,0.577123782566072,0.3330718604033707,0.4165664311181941,0.5316131423493816,0.4413310736957503,0.485165195290998
SOL,LightGBM,1.0,1737,4,gaussian,2.0,base,0.2915647751844928,0.5681780481890232,0.322826294443888,0.400759730291527,0.5500760599638737,0.4745679341902805,0.5042629410839278
SOL,LightGBM,1.0,1737,0,gaussian,3.0,base,0.2425821915309258,0.5874922380278408,0.3451471297429611,0.4293419480296166,0.5232207341837213,0.439338612958992,0.4896517601693706
SOL,LightGBM,1.0,1737,1,gaussian,3.0,base,0.2645544036726842,0.5789081356728152,0.3351346295481746,0.4225020185961174,0.5318436271352949,0.4471733849414679,0.4886581088447352
SOL,LightGBM,1.0,1737,2,gaussian,3.0,base,0.188369978883566,0.6081538050484241,0.3698510505948766,0.4495469333956297,0.4747971487035581,0.4215768175662516,0.4374374389721181
SOL,LightGBM,1.0,1737,3,gaussian,3.0,base,0.1924177791208032,0.6066354025815894,0.3680065116653271,0.4333668351037112,0.4792198146573231,0.374396813929532,0.4429694493247751
SOL,LightGBM,1.0,1737,4,gaussian,3.0,base,0.2515383580340489,0.5840084770122815,0.3410659012222045,0.4180963822670113,0.5292567257372875,0.4660052514403622,0.4962138479291917
SOL,LightGBM,1.0,1737,0,gaussian,5.0,base,0.1420948144364036,0.625250465133581,0.3909381441497593,0.4616065262611548,0.4769882328538564,0.4150813839015191,0.4604251543769457
SOL,LightGBM,1.0,1737,1,gaussian,5.0,base,0.1235078123044729,0.6319873737966356,0.3994080406383684,0.4660410704634906,0.4596228921979087,0.3908695672622433,0.4410034373452861
SOL,LightGBM,1.0,1737,2,gaussian,5.0,base,0.1013819374510577,0.6399144968464526,0.4094905632742486,0.4829386309808354,0.436651396519429,0.3952156741806505,0.4165471113009007
SOL,LightGBM,1.0,1737,3,gaussian,5.0,base,0.1035300022245739,0.6391492105250794,0.4085117133148324,0.4787334142468898,0.4349684168453879,0.3648769715273721,0.4134404664938313
SOL,LightGBM,1.0,1737,4,gaussian,5.0,base,0.1083390622732529,0.6374325662344255,0.4063202764962051,0.4614189846486585,0.4550741458294953,0.4126239379068482,0.4396845656061109
SOL,LightGBM,1.0,1737,0,gaussian,10.0,base,-0.0389054339455008,0.688053781334254,0.4734180060083655,0.524354471820843,0.400195798659491,0.3390916838460364,0.3946717352523984
SOL,LightGBM,1.0,1737,1,gaussian,10.0,base,-0.012180974418086,0.6791464922334537,0.4612399579130046,0.506702278489164,0.4279239277785582,0.4030315668432018,0.4218955093274594
SOL,LightGBM,1.0,1737,2,gaussian,10.0,base,-0.077716589014535,0.700788007144594,0.4911038309576914,0.5342985082877493,0.3717761714043717,0.3303317522941256,0.3650343018085323
SOL,LightGBM,1.0,1737,3,gaussian,10.0,base,-0.1439245872300871,0.7219931453751929,0.5212741019687643,0.5480606318176046,0.3520325261100347,0.2703235787876777,0.3485665383464061
SOL,LightGBM,1.0,1737,4,gaussian,10.0,base,-0.0562301698795202,0.6937670368350146,0.4813127013988366,0.5269285204075074,0.4115890561573921,0.3563772684392875,0.4071741043391101
SOL,LightGBM,1.0,1737,0,systematic_bias,2.0,base,0.2641673255855888,0.5790604604524896,0.3353110168594492,0.3976400426725652,0.5632561404979847,0.4742193592563821,0.481721070304682
SOL,LightGBM,1.0,1737,1,systematic_bias,2.0,base,0.2797986485241239,0.5728769427326074,0.328187991514659,0.3940872190403926,0.5709953679333843,0.4949646703422343,0.4979847954651208
SOL,LightGBM,1.0,1737,2,systematic_bias,2.0,base,0.2339138495693671,0.5908444801494791,0.3490971997231082,0.4013593770414685,0.5461314263448649,0.4593081224928826,0.470255694291131
SOL,LightGBM,1.0,1737,3,systematic_bias,2.0,base,0.252369123767468,0.583684272731253,0.3406873302338117,0.396877826306326,0.5574311756819703,0.4746810643235741,0.4804626958412017
SOL,LightGBM,1.0,1737,4,systematic_bias,2.0,base,0.2859425380054854,0.5704281613964188,0.3253882873140989,0.3912453705029176,0.5841204552577923,0.4830625347594666,0.511971893580478
SOL,LightGBM,1.0,1737,0,systematic_bias,3.0,base,0.1189810581356147,0.6336172612161438,0.401470833711047,0.4402993851731774,0.5205327834303367,0.4569183213201812,0.4265053532166764
SOL,LightGBM,1.0,1737,1,systematic_bias,3.0,base,0.174010154795511,0.6135101202272778,0.3763946676212888,0.4253861738183325,0.545607869253329,0.4393682804617308,0.4612016649367107
SOL,LightGBM,1.0,1737,2,systematic_bias,3.0,base,0.1824628485972738,0.6103628971216216,0.3725428661826992,0.4176671900688367,0.5682968496473001,0.4716711613184441,0.4567984421374069
SOL,LightGBM,1.0,1737,3,systematic_bias,3.0,base,0.1619097709311798,0.6179876067497977,0.3819086820963425,0.4274524874452887,0.5498156667438752,0.4669048984153045,0.4547231948396003
SOL,LightGBM,1.0,1737,4,systematic_bias,3.0,base,0.1800109078039444,0.6112775058582763,0.3736601891683151,0.4364001578917122,0.5539106763607744,0.4650488207193918,0.4686676344394368
SOL,LightGBM,1.0,1737,0,systematic_bias,5.0,base,0.0230306653187356,0.6672288912321485,0.4451943932948822,0.4789921485959318,0.5342218792699147,0.4513365301107983,0.4204016718622266
SOL,LightGBM,1.0,1737,1,systematic_bias,5.0,base,0.0356566013033599,0.6629033793732596,0.4394408903844877,0.486649234127353,0.5466878508346088,0.4437672348973016,0.4312926035662281
SOL,LightGBM,1.0,1737,2,systematic_bias,5.0,base,0.0252965803139875,0.6664546798244737,0.4441618402599417,0.4742784401106333,0.5650349573143671,0.4718573303651142,0.4171114548969581
SOL,LightGBM,1.0,1737,3,systematic_bias,5.0,base,0.0731291856954764,0.6498961745246382,0.422365037661759,0.472992337472436,0.5894528639900002,0.4977724407058545,0.4644637048791987
SOL,LightGBM,1.0,1737,4,systematic_bias,5.0,base,0.01195384227028,0.6710007318483003,0.4502419821409546,0.4851240300271425,0.5374008905821064,0.4439348890896826,0.4093126654962591
SOL,LightGBM,1.0,1737,0,systematic_bias,10.0,base,-0.3485000471502433,0.7838985480057411,0.6144969335655092,0.5980349590949924,0.4990796291926499,0.4305023623029841,0.3445424708705379
SOL,LightGBM,1.0,1737,1,systematic_bias,10.0,base,-0.2659301511158431,0.7595200603755475,0.5768707221128754,0.5869707329682876,0.5262735607622057,0.4339647129481617,0.3699837068625622
SOL,LightGBM,1.0,1737,2,systematic_bias,10.0,base,-0.3304819675775059,0.7786438781327953,0.6062862889536794,0.5954253961455387,0.5200837155918587,0.4102993031897941,0.3360589153749168
SOL,LightGBM,1.0,1737,3,systematic_bias,10.0,base,-0.2944276248395341,0.7680212976623452,0.5898567136629526,0.5849900967288717,0.5259270386168963,0.4413297616194621,0.3499325203507967
SOL,LightGBM,1.0,1737,4,systematic_bias,10.0,base,-0.3259963107650028,0.777330189496863,0.6042422235032291,0.5932281616196758,0.4850855077259303,0.4184843995412192,0.3258953182854943
SOL,LightGBM,1.0,1737,0,gross_errors,0.01,base,0.3294660825598537,0.552770365775586,0.3055550772796752,0.3842082719649389,0.5784876354918965,0.4972541705720157,0.528567282545961
SOL,LightGBM,1.0,1737,1,gross_errors,0.01,base,0.3076036014505157,0.5617095105354519,0.3155175742259769,0.3952249344660866,0.5583451243346678,0.4994083811578581,0.5010623279645
SOL,LightGBM,1.0,1737,2,gross_errors,0.01,base,0.323255277264973,0.5553244765855809,0.3083852742950493,0.3956530542457366,0.5704590206723216,0.4799687317650188,0.5087833005228407
SOL,LightGBM,1.0,1737,3,gross_errors,0.01,base,0.30264383939043,0.5637177346212487,0.3177776843265126,0.399074154716742,0.5532220075712285,0.4762084669092928,0.4916533264078526
SOL,LightGBM,1.0,1737,4,gross_errors,0.01,base,0.2738306146081845,0.5752456520738958,0.3309075602299215,0.3958609520581277,0.5288506292083186,0.4653473180749573,0.4685074856818172
SOL,LightGBM,1.0,1737,0,gross_errors,0.05,base,0.3055094495972423,0.5625583139985253,0.3164718566488633,0.408835853410764,0.5621159249594925,0.4769641499581687,0.5096921018007669
SOL,LightGBM,1.0,1737,1,gross_errors,0.05,base,0.2770935505446403,0.5739518059042642,0.3294206755007662,0.4192284676792456,0.5323817430910947,0.450460646295298,0.4662488745389014
SOL,LightGBM,1.0,1737,2,gross_errors,0.05,base,0.2651969660350344,0.5786551829950144,0.3348418208069935,0.4155974051792306,0.5250214928292195,0.4404931671994806,0.4676553558202383
SOL,LightGBM,1.0,1737,3,gross_errors,0.05,base,0.2851121795275576,0.570759732917937,0.3257666727205548,0.4063247133285871,0.5378981793915921,0.4604484625735824,0.4726301769659298
SOL,LightGBM,1.0,1737,4,gross_errors,0.05,base,0.2866368271012736,0.5701507758989249,0.3250719072581461,0.4105307517136417,0.5421748648138962,0.4561111757235569,0.4798898048722388
SOL,LightGBM,1.0,1737,0,gross_errors,0.1,base,0.2492845081310956,0.584887131269492,0.342092956324656,0.4302271970075551,0.5144869611770329,0.4471049382951002,0.4488323942757497
SOL,LightGBM,1.0,1737,1,gross_errors,0.1,base,0.246625357645856,0.5859220959589998,0.3433047025329873,0.4286792784944193,0.5130185517309656,0.4338052227860183,0.4528172433733899
SOL,LightGBM,1.0,1737,2,gross_errors,0.1,base,0.1822436855344543,0.6104447038247371,0.372642736427671,0.4548208433367705,0.4753232228180831,0.4068784287339489,0.4262841142915445
SOL,LightGBM,1.0,1737,3,gross_errors,0.1,base,0.2321445250712618,0.5915263830313455,0.349903461822146,0.4368772581527495,0.4996455713639874,0.4090066164734089,0.4413871765215575
SOL,LightGBM,1.0,1737,4,gross_errors,0.1,base,0.2492496873822297,0.5849006956437292,0.3421088237645183,0.4355132141174641,0.5127990479305804,0.4132903268749994,0.4364035899503978
SOL,LightGBM,1.0,1737,0,gross_errors,0.2,base,0.222177304123963,0.5953531867329923,0.3544454169531292,0.4481499084565368,0.5088511404811665,0.4230648578633242,0.441584460460564
SOL,LightGBM,1.0,1737,1,gross_errors,0.2,base,0.1762251894520659,0.6126869512305296,0.3753853002081613,0.4815405975940909,0.4689372268291505,0.3676167326033873,0.3928223291570654
SOL,LightGBM,1.0,1737,2,gross_errors,0.2,base,0.1359339391452393,0.6274915048036315,0.3937455886007258,0.4813990273701656,0.4504866682004937,0.3583709683592069,0.3905826995748262
SOL,LightGBM,1.0,1737,3,gross_errors,0.2,base,0.189823576082753,0.6076089713147431,0.3691886620221603,0.486331316193819,0.4997872307683058,0.4434483274661419,0.4208238464517042
SOL,LightGBM,1.0,1737,4,gross_errors,0.2,base,0.1066981337156428,0.6380188319707902,0.4070680299493714,0.498366225589114,0.424429033312674,0.3485755170433979,0.3574405262550566
SOL,FCNN,1.0,1737,0,gaussian,2.0,base,0.2360811023391107,0.5900081406223758,0.3481096060006732,0.3928486530211607,0.5821711258907908,0.4830730313697721,0.5777602059109118
SOL,FCNN,1.0,1737,1,gaussian,2.0,base,0.2505006995748793,0.5844131680542892,0.3415387509952509,0.3871321401186223,0.6042427052083316,0.5392301151840997,0.597531198185976
SOL,FCNN,1.0,1737,2,gaussian,2.0,base,0.2621957883460237,0.5798356880399426,0.3362094251247535,0.3727280197721964,0.5804471369744535,0.5340237964725234,0.5723550302244226
SOL,FCNN,1.0,1737,3,gaussian,2.0,base,0.2572952313933316,0.5817581594581455,0.3384425560961289,0.392213240941565,0.58569982072683,0.5029756979060918,0.5759399211585918
SOL,FCNN,1.0,1737,4,gaussian,2.0,base,0.1986776350382417,0.6042797057737903,0.3651539628100586,0.3894127281492938,0.5551335708421661,0.5361993647446127,0.5450262835701107
SOL,FCNN,1.0,1737,0,gaussian,3.0,base,0.1053425370249377,0.6385027492085663,0.4076857607468973,0.4578534704136599,0.5498014607957933,0.4798917566227778,0.5497496841602971
SOL,FCNN,1.0,1737,1,gaussian,3.0,base,0.1021156753541489,0.6396531926146369,0.4091562068220978,0.4557745470846346,0.5473853533004053,0.4638691183500461,0.5433956881553968
SOL,FCNN,1.0,1737,2,gaussian,3.0,base,0.1279265491639556,0.6303923142687087,0.3973944698890583,0.443849600217031,0.5314040287675978,0.4981760499507301,0.5278349447722978
SOL,FCNN,1.0,1737,3,gaussian,3.0,base,0.1509570941908873,0.6220126194927098,0.3868996988081826,0.4535831747731167,0.5641341763442681,0.458657624226444,0.5638679198166677
SOL,FCNN,1.0,1737,4,gaussian,3.0,base,0.0361487742457463,0.6627341944404743,0.4392166124806644,0.4639394983262747,0.4945695333548667,0.4634065385653286,0.4909953378375573
SOL,FCNN,1.0,1737,0,gaussian,5.0,base,-0.1225888990253076,0.7152283962971664,0.5115516588698165,0.5421745342030531,0.5155692623580036,0.4482794652524203,0.5098980803669789
SOL,FCNN,1.0,1737,1,gaussian,5.0,base,-0.1462354452488254,0.7227220316656919,0.5223271350549854,0.5582144967812182,0.5083751566040188,0.4315755678136044,0.5020912325519634
SOL,FCNN,1.0,1737,2,gaussian,5.0,base,-0.1579419387387759,0.7264032337021157,0.5276616579328905,0.5434840068584228,0.4699835503093753,0.4457963608770024,0.4683966016987746
SOL,FCNN,1.0,1737,3,gaussian,5.0,base,-0.1397806721015353,0.7206842335721234,0.519385764519439,0.5595342186824256,0.4789549668166733,0.4087865521226269,0.4729769297210243
SOL,FCNN,1.0,1737,4,gaussian,5.0,base,-0.2588348011421322,0.7573885710937716,0.573637447623465,0.5654648556848781,0.4367498013457785,0.4092815693489138,0.4344836875658622
SOL,FCNN,1.0,1737,0,gaussian,10.0,base,-0.7751034650199122,0.8993861862175428,0.8088955119589366,0.699454024221322,0.4470685395240423,0.3804973126315164,0.4157355612514995
SOL,FCNN,1.0,1737,1,gaussian,10.0,base,-0.7129876796017902,0.8835100555184926,0.7805900182022898,0.7071025902929402,0.4505309764548734,0.3886988099365441,0.4253050732298388
SOL,FCNN,1.0,1737,2,gaussian,10.0,base,-0.7602350737927417,0.8956116046423217,0.8021201463699944,0.6847812810274267,0.3608953422007858,0.3624429242265075,0.3483014883083137
SOL,FCNN,1.0,1737,3,gaussian,10.0,base,-0.6986210857912092,0.8797973154575465,0.7740433162863056,0.6993526551454812,0.3838080326763096,0.3309736491715636,0.3686257746878338
SOL,FCNN,1.0,1737,4,gaussian,10.0,base,-0.8477665355185826,0.9176095519438144,0.842007289818528,0.7222209017939244,0.3473398344542129,0.3293138726669911,0.3335600050990843
SOL,FCNN,1.0,1737,0,systematic_bias,2.0,base,0.1874793406376149,0.60848739086505,0.3702569048417561,0.3919532128375732,0.5903451817155487,0.5596426691446392,0.5383044779154925
SOL,FCNN,1.0,1737,1,systematic_bias,2.0,base,0.2066803016538944,0.6012547163295457,0.3615072339085225,0.393223327263096,0.5997991025863483,0.5493776403039088,0.548096757149872
SOL,FCNN,1.0,1737,2,systematic_bias,2.0,base,0.2599903985591179,0.5807016423902738,0.3372143974747614,0.3696816300760669,0.6144646539921487,0.5785688593500296,0.5892003891576909
SOL,FCNN,1.0,1737,3,systematic_bias,2.0,base,0.2133155852061807,0.5987350054301714,0.3584836067274674,0.3849836708217703,0.5889920764672838,0.5416977662165678,0.5429579158766112
SOL,FCNN,1.0,1737,4,systematic_bias,2.0,base,0.2593331914991851,0.5809594475062346,0.3375138796467493,0.3814910216482343,0.6130345813961801,0.5478005246054929,0.5753641088411934
SOL,FCNN,1.0,1737,0,systematic_bias,3.0,base,0.0364103598510172,0.6626442565513164,0.4390974107404469,0.4660134008814198,0.5899509869255202,0.5273583760353419,0.4981889754660434
SOL,FCNN,1.0,1737,1,systematic_bias,3.0,base,0.0657828276819725,0.6524666227546305,0.4257126938088333,0.465835205198055,0.5858845180383717,0.5163378099319902,0.509224696267392
SOL,FCNN,1.0,1737,2,systematic_bias,3.0,base,0.2154695375146749,0.5979147714196682,0.3575020738818341,0.4077393499280847,0.6286124092052228,0.5658045438596604,0.5854653112667594
SOL,FCNN,1.0,1737,3,systematic_bias,3.0,base,0.1363869361706888,0.6273269982552183,0.3935391627399027,0.4293783432758699,0.6019137828604709,0.5210640545083396,0.5171942130809979
SOL,FCNN,1.0,1737,4,systematic_bias,3.0,base,0.18634553670364,0.6089117892364586,0.3707735670711453,0.4286528692117729,0.6040977129761486,0.5289338880849613,0.57023607526127
SOL,FCNN,1.0,1737,0,systematic_bias,5.0,base,-0.2548217054636414,0.756180350966086,0.571808723187193,0.5817867222376176,0.5728275445815134,0.456359887073298,0.4413037455275269
SOL,FCNN,1.0,1737,1,systematic_bias,5.0,base,-0.1232719156519119,0.7154459463740699,0.5118629021830885,0.5476498890071244,0.5653504951557969,0.4823819316315266,0.4886926510771938
SOL,FCNN,1.0,1737,2,systematic_bias,5.0,base,-0.1430143229361824,0.7217058295063281,0.5208593043434171,0.5539713950382605,0.6044436506091818,0.5182140061309886,0.4909334570593227
SOL,FCNN,1.0,1737,3,systematic_bias,5.0,base,-0.1823445262846135,0.7340174752673836,0.538781653997904,0.5713614397473396,0.5903844383137405,0.4872686868737991,0.4657025811897304
SOL,FCNN,1.0,1737,4,systematic_bias,5.0,base,0.0282134180423129,0.6654567369506548,0.4428326687530129,0.4885896549819201,0.5738496217420086,0.4719630253994413,0.5128560620954999
SOL,FCNN,1.0,1737,0,systematic_bias,10.0,base,-0.5283065514353695,0.8345255053674153,0.69643281910874,0.64601719071448,0.5323159263108643,0.4112437065447893,0.3859845145051563
SOL,FCNN,1.0,1737,1,systematic_bias,10.0,base,-0.4525255843266351,0.8135725225063768,0.661900249377389,0.6460640216930509,0.5385160240985516,0.4508517908154357,0.4312642246304622
SOL,FCNN,1.0,1737,2,systematic_bias,10.0,base,-0.7303671118080148,0.8879806518693607,0.7885096380943347,0.7020103153500916,0.5477869930075716,0.4789025239946023,0.3805774701256664
SOL,FCNN,1.0,1737,3,systematic_bias,10.0,base,-0.4195423703633252,0.804282384713245,0.6468701543600242,0.6305203405253618,0.5739468015456795,0.4612220773317304,0.4327269445866684
SOL,FCNN,1.0,1737,4,systematic_bias,10.0,base,-0.5725769881740879,0.8465260656704379,0.7166063798594704,0.6676952053198902,0.5423886134700179,0.4463593873908942,0.410562438812696
SOL,FCNN,1.0,1737,0,gross_errors,0.01,base,0.322408761883709,0.5556716856455537,0.3087710222281711,0.3366884109341654,0.6111505408532232,0.565325927586976,0.5979939851666031
SOL,FCNN,1.0,1737,1,gross_errors,0.01,base,0.3214212190728243,0.5560764649223894,0.3092210348405813,0.3357820260318361,0.6089025798352798,0.5595056300656494,0.5859985200969265
SOL,FCNN,1.0,1737,2,gross_errors,0.01,base,0.3379531580327132,0.5492609657387179,0.301687608484229,0.3325303395094625,0.6166153336697802,0.5628505498830331,0.6048350812265917
SOL,FCNN,1.0,1737,3,gross_errors,0.01,base,0.3093506074013989,0.561000429989404,0.3147214824482962,0.3408304278472435,0.5976417053906016,0.5424479822809095,0.5756671679341548
SOL,FCNN,1.0,1737,4,gross_errors,0.01,base,0.2999417455108939,0.564808816659815,0.3190089993766605,0.3372809059195936,0.5899321588845142,0.5518849451975314,0.5526412651598299
SOL,FCNN,1.0,1737,0,gross_errors,0.05,base,0.3062075457262546,0.5622755034401847,0.3161537417689132,0.3599623987984893,0.6120980065786665,0.5333356853524899,0.6053357266151995
SOL,FCNN,1.0,1737,1,gross_errors,0.05,base,0.3121658720532175,0.5598558713609171,0.3134385966972917,0.3630798520813142,0.5988790505941727,0.522576368216744,0.5846582891704675
SOL,FCNN,1.0,1737,2,gross_errors,0.05,base,0.2731398386566058,0.5755191911517222,0.3312223393839326,0.3584489261760253,0.5762117198555357,0.4997329013598062,0.5646518624573853
SOL,FCNN,1.0,1737,3,gross_errors,0.05,base,0.2357394548088573,0.590140060576278,0.3482652910969731,0.3819958602984439,0.5593935635274033,0.5009793009404688,0.5495583979854438
SOL,FCNN,1.0,1737,4,gross_errors,0.05,base,0.3382067043586212,0.5491557794988113,0.3015720701569471,0.3409040974157947,0.6167062017357237,0.5326508544231767,0.5964149865356306
SOL,FCNN,1.0,1737,0,gross_errors,0.1,base,0.2428509062605254,0.5873880142951886,0.3450246793376447,0.3883488085264436,0.5891236956143726,0.5085805233436451,0.5838281855602998
SOL,FCNN,1.0,1737,1,gross_errors,0.1,base,0.2159592311121141,0.5977281370228225,0.3572789257887739,0.4288918788599666,0.5563146930754748,0.4589481762311532,0.5216064541087515
SOL,FCNN,1.0,1737,2,gross_errors,0.1,base,0.119790820443724,0.633326009064158,0.401101833757134,0.4274027448042682,0.556856548896453,0.4876970797818963,0.5405373960508768
SOL,FCNN,1.0,1737,3,gross_errors,0.1,base,0.1437849608921976,0.624634263094012,0.3901679626309994,0.4014150334536042,0.4929543105290013,0.4684144421848782,0.4809133527241211
SOL,FCNN,1.0,1737,4,gross_errors,0.1,base,0.2443401029513852,0.5868100786969872,0.3443460684603643,0.3882752715152537,0.5670611725738032,0.4907604863423341,0.5554779189842101
SOL,FCNN,1.0,1737,0,gross_errors,0.2,base,0.0552716879932829,0.6561268984322959,0.4305025068463843,0.4426588804971936,0.514817420681828,0.4584403298144928,0.5066595220975278
SOL,FCNN,1.0,1737,1,gross_errors,0.2,base,-0.0519882094269645,0.6923725050522808,0.4793796857523705,0.4940190987328743,0.4845093021886142,0.4220146136877476,0.4532802924304729
SOL,FCNN,1.0,1737,2,gross_errors,0.2,base,0.0372964735112071,0.6623395038033895,0.4386936182985201,0.456676482072982,0.52310017355352,0.43399110026018,0.5062917111881491
SOL,FCNN,1.0,1737,3,gross_errors,0.2,base,-0.0560546565874429,0.6937093929620761,0.4812327218838121,0.4908428968964456,0.4376992478723208,0.4217359432627594,0.4226442587631143
SOL,FCNN,1.0,1737,4,gross_errors,0.2,base,0.0089483891936836,0.6720204868207109,0.4516115347067453,0.4681516821836526,0.5164605183869987,0.4253389047501557,0.5039703170454378
HLM,RF,1.0,2468,5,none,0.0,base,0.4318914102913195,0.4610393793973011,0.21255730935504857,0.37203309574433624,0.6616159302577399,0.677432596998291,0.5772636337498684
HLM,RF,1.0,2468,6,none,0.0,base,0.4318914102913195,0.4610393793973011,0.21255730935504857,0.37203309574433624,0.6616159302577399,0.677432596998291,0.5772636337498684
HLM,RF,1.0,2468,7,none,0.0,base,0.4318914102913195,0.4610393793973011,0.21255730935504857,0.37203309574433624,0.66161593025774,0.677432596998291,0.5772636337498684
HLM,RF,1.0,2468,8,none,0.0,base,0.4318914102913195,0.4610393793973011,0.21255730935504857,0.37203309574433624,0.6616159302577401,0.677432596998291,0.5772636337498684
HLM,RF,1.0,2468,9,none,0.0,base,0.4318914102913195,0.4610393793973011,0.21255730935504857,0.37203309574433624,0.66161593025774,0.677432596998291,0.5772636337498684
HLM,RF,1.0,2468,10,none,0.0,base,0.4318914102913195,0.4610393793973011,0.21255730935504857,0.37203309574433624,0.6616159302577399,0.677432596998291,0.5772636337498684
HLM,RF,1.0,2468,11,none,0.0,base,0.4318914102913195,0.4610393793973011,0.21255730935504857,0.37203309574433624,0.6616159302577399,0.677432596998291,0.5772636337498684
HLM,RF,1.0,2468,12,none,0.0,base,0.4318914102913195,0.4610393793973011,0.21255730935504857,0.37203309574433624,0.66161593025774,0.677432596998291,0.5772636337498684
HLM,RF,1.0,2468,13,none,0.0,base,0.4318914102913194,0.46103937939730116,0.21255730935504863,0.3720330957443363,0.6616159302577398,0.677432596998291,0.5772636337498684
HLM,RF,1.0,2468,14,none,0.0,base,0.4318914102913195,0.4610393793973011,0.21255730935504857,0.37203309574433624,0.6616159302577399,0.677432596998291,0.5772636337498684
HLM,LightGBM,1.0,2468,5,none,0.0,base,0.5200887876975149,0.423743249205374,0.1795583412471277,0.3363949273419739,0.7214777992148463,0.7236909567214576,0.6796560119574349
HLM,LightGBM,1.0,2468,6,none,0.0,base,0.5200887876975149,0.423743249205374,0.1795583412471277,0.3363949273419739,0.7214777992148463,0.7236909567214576,0.6796560119574349
HLM,LightGBM,1.0,2468,7,none,0.0,base,0.5200887876975149,0.423743249205374,0.1795583412471277,0.3363949273419739,0.7214777992148463,0.7236909567214576,0.6796560119574349
HLM,LightGBM,1.0,2468,8,none,0.0,base,0.5200887876975149,0.423743249205374,0.1795583412471277,0.3363949273419739,0.7214777992148463,0.7236909567214576,0.6796560119574349
HLM,LightGBM,1.0,2468,9,none,0.0,base,0.5200887876975149,0.423743249205374,0.1795583412471277,0.3363949273419739,0.7214777992148463,0.7236909567214576,0.6796560119574349
HLM,LightGBM,1.0,2468,10,none,0.0,base,0.5200887876975149,0.423743249205374,0.1795583412471277,0.3363949273419739,0.7214777992148463,0.7236909567214576,0.6796560119574349
HLM,LightGBM,1.0,2468,11,none,0.0,base,0.5200887876975149,0.423743249205374,0.1795583412471277,0.3363949273419739,0.7214777992148463,0.7236909567214576,0.6796560119574349
HLM,LightGBM,1.0,2468,12,none,0.0,base,0.5200887876975149,0.423743249205374,0.1795583412471277,0.3363949273419739,0.7214777992148463,0.7236909567214576,0.6796560119574349
HLM,LightGBM,1.0,2468,13,none,0.0,base,0.5200887876975149,0.423743249205374,0.1795583412471277,0.3363949273419739,0.7214777992148463,0.7236909567214576,0.6796560119574349
HLM,LightGBM,1.0,2468,14,none,0.0,base,0.5200887876975149,0.423743249205374,0.1795583412471277,0.3363949273419739,0.7214777992148463,0.7236909567214576,0.6796560119574349
HLM,FCNN,1.0,2468,5,none,0.0,base,0.5188919893198284,0.4242712838099865,0.18000612226577412,0.32077218799486745,0.7437764111500375,0.7544725145776977,0.7363702494526709
HLM,FCNN,1.0,2468,6,none,0.0,base,0.5188919893198284,0.4242712838099865,0.18000612226577412,0.32077218799486745,0.7437764111500375,0.7544725145776977,0.7363702494526709
HLM,FCNN,1.0,2468,7,none,0.0,base,0.5188919893198284,0.4242712838099865,0.18000612226577412,0.32077218799486745,0.7437764111500375,0.7544725145776977,0.7363702494526709
HLM,FCNN,1.0,2468,8,none,0.0,base,0.5188919893198284,0.4242712838099865,0.18000612226577412,0.32077218799486745,0.7437764111500375,0.7544725145776977,0.7363702494526709
HLM,FCNN,1.0,2468,9,none,0.0,base,0.5188919893198284,0.4242712838099865,0.18000612226577412,0.32077218799486745,0.7437764111500375,0.7544725145776977,0.7363702494526709
HLM,FCNN,1.0,2468,10,none,0.0,base,0.5188919893198284,0.4242712838099865,0.18000612226577412,0.32077218799486745,0.7437764111500375,0.7544725145776977,0.7363702494526709
HLM,FCNN,1.0,2468,11,none,0.0,base,0.5188919893198284,0.4242712838099865,0.18000612226577412,0.32077218799486745,0.7437764111500375,0.7544725145776977,0.7363702494526709
HLM,FCNN,1.0,2468,12,none,0.0,base,0.5188919893198284,0.4242712838099865,0.18000612226577412,0.32077218799486745,0.7437764111500375,0.7544725145776977,0.7363702494526709
HLM,FCNN,1.0,2468,13,none,0.0,base,0.5188919893198284,0.4242712838099865,0.18000612226577412,0.32077218799486745,0.7437764111500375,0.7544725145776977,0.7363702494526709
HLM,FCNN,1.0,2468,14,none,0.0,base,0.5188919893198284,0.4242712838099865,0.18000612226577412,0.32077218799486745,0.7437764111500375,0.7544725145776977,0.7363702494526709
SOL,RF,1.0,1737,5,none,0.0,base,0.3121627662588462,0.5598571353249896,0.3134400119743037,0.39419578552643664,0.5659613300375431,0.478960765603173,0.43937813974653595
SOL,RF,1.0,1737,6,none,0.0,base,0.3121627662588461,0.5598571353249896,0.31344001197430377,0.39419578552643664,0.5659613300375433,0.478960765603173,0.439378139746536
SOL,RF,1.0,1737,7,none,0.0,base,0.3121627662588461,0.5598571353249896,0.31344001197430377,0.39419578552643664,0.5659613300375433,0.478960765603173,0.43937813974653595
SOL,RF,1.0,1737,8,none,0.0,base,0.3121627662588461,0.5598571353249896,0.31344001197430377,0.39419578552643664,0.5659613300375432,0.478960765603173,0.43937813974653595
SOL,RF,1.0,1737,9,none,0.0,base,0.3121627662588461,0.5598571353249896,0.31344001197430377,0.39419578552643664,0.5659613300375433,0.478960765603173,0.43937813974653595
SOL,RF,1.0,1737,10,none,0.0,base,0.3121627662588462,0.5598571353249896,0.3134400119743037,0.39419578552643664,0.5659613300375431,0.478960765603173,0.439378139746536
SOL,RF,1.0,1737,11,none,0.0,base,0.3121627662588462,0.5598571353249896,0.3134400119743037,0.39419578552643664,0.5659613300375431,0.478960765603173,0.43937813974653595
SOL,RF,1.0,1737,12,none,0.0,base,0.3121627662588462,0.5598571353249896,0.3134400119743037,0.39419578552643664,0.5659613300375431,0.478960765603173,0.439378139746536
SOL,RF,1.0,1737,13,none,0.0,base,0.3121627662588462,0.5598571353249896,0.3134400119743037,0.39419578552643664,0.5659613300375433,0.478960765603173,0.439378139746536
SOL,RF,1.0,1737,14,none,0.0,base,0.3121627662588462,0.5598571353249896,0.3134400119743037,0.39419578552643664,0.5659613300375431,0.478960765603173,0.43937813974653595
SOL,LightGBM,1.0,1737,5,none,0.0,base,0.34299664979453126,0.5471648231212308,0.2993893436612878,0.3799458528508242,0.5871811687779728,0.49543847566852867,0.5292219431753532
SOL,LightGBM,1.0,1737,6,none,0.0,base,0.34299664979453126,0.5471648231212308,0.2993893436612878,0.3799458528508242,0.5871811687779728,0.49543847566852867,0.5292219431753532
SOL,LightGBM,1.0,1737,7,none,0.0,base,0.34299664979453126,0.5471648231212308,0.2993893436612878,0.3799458528508242,0.5871811687779728,0.49543847566852867,0.5292219431753532
SOL,LightGBM,1.0,1737,8,none,0.0,base,0.34299664979453126,0.5471648231212308,0.2993893436612878,0.3799458528508242,0.5871811687779728,0.49543847566852867,0.5292219431753532
SOL,LightGBM,1.0,1737,9,none,0.0,base,0.34299664979453126,0.5471648231212308,0.2993893436612878,0.3799458528508242,0.5871811687779728,0.49543847566852867,0.5292219431753532
SOL,LightGBM,1.0,1737,10,none,0.0,base,0.34299664979453126,0.5471648231212308,0.2993893436612878,0.3799458528508242,0.5871811687779728,0.49543847566852867,0.5292219431753532
SOL,LightGBM,1.0,1737,11,none,0.0,base,0.34299664979453126,0.5471648231212308,0.2993893436612878,0.3799458528508242,0.5871811687779728,0.49543847566852867,0.5292219431753532
SOL,LightGBM,1.0,1737,12,none,0.0,base,0.34299664979453126,0.5471648231212308,0.2993893436612878,0.3799458528508242,0.5871811687779728,0.49543847566852867,0.5292219431753532
SOL,LightGBM,1.0,1737,13,none,0.0,base,0.34299664979453126,0.5471648231212308,0.2993893436612878,0.3799458528508242,0.5871811687779728,0.49543847566852867,0.5292219431753532
SOL,LightGBM,1.0,1737,14,none,0.0,base,0.34299664979453126,0.5471648231212308,0.2993893436612878,0.3799458528508242,0.5871811687779728,0.49543847566852867,0.5292219431753532
SOL,FCNN,1.0,1737,5,none,0.0,base,0.3021276329063056,0.5639263374379715,0.31801291405620485,0.3364672133441854,0.5949803106528502,0.5722730070673576,0.5782933312423232
SOL,FCNN,1.0,1737,6,none,0.0,base,0.3021276329063056,0.5639263374379715,0.31801291405620485,0.3364672133441854,0.5949803106528502,0.5722730070673576,0.5782933312423232
SOL,FCNN,1.0,1737,7,none,0.0,base,0.3021276329063056,0.5639263374379715,0.31801291405620485,0.3364672133441854,0.5949803106528502,0.5722730070673576,0.5782933312423232
SOL,FCNN,1.0,1737,8,none,0.0,base,0.3021276329063056,0.5639263374379715,0.31801291405620485,0.3364672133441854,0.5949803106528502,0.5722730070673576,0.5782933312423232
SOL,FCNN,1.0,1737,9,none,0.0,base,0.3021276329063056,0.5639263374379715,0.31801291405620485,0.3364672133441854,0.5949803106528502,0.5722730070673576,0.5782933312423232
SOL,FCNN,1.0,1737,10,none,0.0,base,0.3021276329063056,0.5639263374379715,0.31801291405620485,0.3364672133441854,0.5949803106528502,0.5722730070673576,0.5782933312423232
SOL,FCNN,1.0,1737,11,none,0.0,base,0.3021276329063056,0.5639263374379715,0.31801291405620485,0.3364672133441854,0.5949803106528502,0.5722730070673576,0.5782933312423232
SOL,FCNN,1.0,1737,12,none,0.0,base,0.3021276329063056,0.5639263374379715,0.31801291405620485,0.3364672133441854,0.5949803106528502,0.5722730070673576,0.5782933312423232
SOL,FCNN,1.0,1737,13,none,0.0,base,0.3021276329063056,0.5639263374379715,0.31801291405620485,0.3364672133441854,0.5949803106528502,0.5722730070673576,0.5782933312423232
SOL,FCNN,1.0,1737,14,none,0.0,base,0.3021276329063056,0.5639263374379715,0.31801291405620485,0.3364672133441854,0.5949803106528502,0.5722730070673576,0.5782933312423232
HLM,RF,1.0,2468,5,gaussian,2.0,base,0.4359132792665297,0.4594045393284799,0.21105253075561287,0.3685143730687153,0.6629709947928525,0.6779296584145738,0.5862652049044527
HLM,RF,1.0,2468,6,gaussian,2.0,base,0.43783104171736986,0.4586229406476012,0.2103350016882531,0.37099887645574087,0.6678967204974894,0.6855224553689785,0.5789741099037868
HLM,RF,1.0,2468,7,gaussian,2.0,base,0.4295839853299718,0.46197470741849406,0.2134206302944032,0.3738687508253734,0.6580230465935841,0.6784480584558443,0.5807484280598746
HLM,RF,1.0,2468,8,gaussian,2.0,base,0.435401060277384,0.45961307316265854,0.2112441770220233,0.3743885383100466,0.664508636758101,0.6790215532842824,0.5829161770859569
HLM,RF,1.0,2468,9,gaussian,2.0,base,0.4335963750235269,0.4603470412194813,0.2119193983595308,0.3725386568174506,0.6639791379666437,0.6740989381730838,0.5757831581737601
HLM,RF,1.0,2468,10,gaussian,2.0,base,0.43250774523407554,0.46078922318105436,0.21232670819979954,0.3711582123685446,0.6607778472354955,0.6757166116206551,0.5814720067510316
HLM,RF,1.0,2468,11,gaussian,2.0,base,0.4336989571648314,0.46030535228819996,0.21188101734516387,0.37403468631621073,0.6642084425858197,0.6768601048281356,0.5756150579965739
HLM,RF,1.0,2468,12,gaussian,2.0,base,0.42907485027699843,0.4621808333422263,0.21361112270891477,0.373020779844008,0.6569892621287263,0.6745580528297497,0.582582287324328
HLM,RF,1.0,2468,13,gaussian,2.0,base,0.42155141553783004,0.4652160884331785,0.21642600893706695,0.3776195196257735,0.6543287958518259,0.671773722197452,0.5655484483888592
HLM,RF,1.0,2468,14,gaussian,2.0,base,0.4311941268134033,0.4613222272237786,0.2128181973307076,0.3731182293319848,0.6613798676428293,0.6779734154503921,0.575305589049753
HLM,RF,1.0,2468,5,gaussian,3.0,base,0.4157220909732917,0.46755432346679615,0.21860704539249345,0.373861480499723,0.6453850677184603,0.657676115361968,0.5773746973467571
HLM,RF,1.0,2468,6,gaussian,3.0,base,0.42518647081897487,0.4637520418581026,0.21506595632755932,0.3756056174332941,0.657376174835319,0.6698255828636234,0.5684256990373941
HLM,RF,1.0,2468,7,gaussian,3.0,base,0.4124463824376329,0.46886314500690707,0.21983264874576794,0.3790675433666291,0.6430768651106791,0.665578142414389,0.5718375297002425
HLM,RF,1.0,2468,8,gaussian,3.0,base,0.41946275655393117,0.46605523147584244,0.21720747878600105,0.379413865050733,0.6508780941196163,0.6649147939783215,0.5768649755406128
HLM,RF,1.0,2468,9,gaussian,3.0,base,0.4299003516489076,0.461846578557709,0.21330226212546208,0.374497733311657,0.6601137403905396,0.6668822409113863,0.574770975781461
HLM,RF,1.0,2468,10,gaussian,3.0,base,0.4259250270122298,0.4634540173557637,0.21478962620319653,0.37467342359488875,0.6541263521953707,0.6698712937976334,0.5822226773293038
HLM,RF,1.0,2468,11,gaussian,3.0,base,0.42690872143964076,0.46305677603581313,0.2144215778326812,0.37650179690033525,0.6585806288739955,0.671967929394028,0.5697380027090988
HLM,RF,1.0,2468,12,gaussian,3.0,base,0.4196348936722044,0.46598613052386345,0.2171430738406031,0.37403567302140506,0.6484564958966436,0.665267524020289,0.5806185600878467
HLM,RF,1.0,2468,13,gaussian,3.0,base,0.4087971194143789,0.4703169326836894,0.221198017168994,0.3833106990677285,0.643746783199127,0.6599895822392631,0.553983700915871
HLM,RF,1.0,2468,14,gaussian,3.0,base,0.4155033045069588,0.46764185457335966,0.21868890414881126,0.3791059202487365,0.6472983905057865,0.661575993315768,0.5657576504048775
HLM,RF,1.0,2468,5,gaussian,5.0,base,0.40958521218104293,0.47000335422312356,0.22090315298098698,0.3731856081943381,0.6404478588955127,0.6515160913841557,0.5801007228712711
HLM,RF,1.0,2468,6,gaussian,5.0,base,0.4102811044984951,0.4697262878600084,0.2206427855067435,0.3811046014112263,0.6443925005015693,0.6568458628856343,0.558173191282922
HLM,RF,1.0,2468,7,gaussian,5.0,base,0.3927554700075947,0.47665499643441256,0.22719998562588986,0.3827047302063283,0.6267258978380003,0.648409341841048,0.566148978831198
HLM,RF,1.0,2468,8,gaussian,5.0,base,0.39076876756226164,0.4774340881515999,0.22794330852914965,0.3881500954999538,0.628969827033688,0.6450962760744134,0.5623234604237176
HLM,RF,1.0,2468,9,gaussian,5.0,base,0.40662684739522115,0.4711793951993682,0.2220100224604424,0.38212759325098394,0.6397584582645581,0.6449900200056488,0.5592029083690251
HLM,RF,1.0,2468,10,gaussian,5.0,base,0.4002851512850364,0.47369057649604407,0.22438276226115458,0.38419462736082355,0.6331210166999494,0.651650524721579,0.569516292991896
HLM,RF,1.0,2468,11,gaussian,5.0,base,0.40739232360226474,0.47087537654621153,0.2217236202375365,0.38213263459488533,0.6418105291148632,0.6559393569614523,0.5548943080133812
HLM,RF,1.0,2468,12,gaussian,5.0,base,0.39056985084251483,0.47751202397212095,0.2280177330379514,0.38291790525642755,0.6255514299173219,0.6406501807392986,0.5716477292479278
HLM,RF,1.0,2468,13,gaussian,5.0,base,0.38404759012084977,0.48006044507222084,0.23045803092293876,0.3917619082301535,0.6226166816947538,0.6387869845584334,0.5333411645709537
HLM,RF,1.0,2468,14,gaussian,5.0,base,0.3872378783809458,0.47881560906851905,0.22926438748765687,0.38959533398156343,0.6233690102419583,0.6399933367274744,0.5449868367158217
HLM,RF,1.0,2468,5,gaussian,10.0,base,0.37222934769551863,0.4846440090619624,0.2348798155196515,0.38419785882526375,0.6138566109136744,0.6243126867189472,0.5680823583436193
HLM,RF,1.0,2468,6,gaussian,10.0,base,0.3744649925155248,0.4837802714606532,0.2340433510545433,0.3935648711311541,0.6126809563433987,0.6202614073644808,0.5394208435415685
HLM,RF,1.0,2468,7,gaussian,10.0,base,0.3189881440391271,0.5047771420967626,0.2547999631833753,0.4055097560121629,0.5741341206991654,0.5988058827045786,0.5328787823877292
HLM,RF,1.0,2468,8,gaussian,10.0,base,0.3447223965037435,0.49514797399909605,0.24517151615540947,0.4020434560629997,0.5969436912327636,0.6157016774240088,0.543837336763032
HLM,RF,1.0,2468,9,gaussian,10.0,base,0.37796100560152823,0.48242649279989397,0.23273532095520613,0.3899306376010963,0.6150923258855917,0.6154834064286515,0.5432877800325187
HLM,RF,1.0,2468,10,gaussian,10.0,base,0.36351821936430395,0.4879949551165753,0.23813907621922836,0.39341101976499526,0.6070193877602095,0.6312845296862062,0.5597388914614548
HLM,RF,1.0,2468,11,gaussian,10.0,base,0.37443629921276567,0.4837913668385714,0.23405408662753316,0.3918661224263364,0.6126275946405852,0.6295785451822091,0.5340592519866799
HLM,RF,1.0,2468,12,gaussian,10.0,base,0.3506423785983709,0.4929062388203241,0.24295656026799833,0.39377561747634493,0.5988946945531965,0.6152589395192914,0.5558521275954138
HLM,RF,1.0,2468,13,gaussian,10.0,base,0.3405146065300195,0.4967351979942945,0.24674585692643097,0.4074337360389329,0.5841289779289,0.6042106993221286,0.5011209187041793
HLM,RF,1.0,2468,14,gaussian,10.0,base,0.342436033878568,0.49601104487797937,0.24602695664094487,0.4009942221146876,0.5860997403903189,0.6011429763244805,0.5177042055765532
HLM,RF,1.0,2468,5,systematic_bias,2.0,base,0.3752206370093424,0.4834879805725792,0.2337606273581507,0.40409079096128675,0.6665510315656388,0.6847416673679176,0.5576847370497025
HLM,RF,1.0,2468,6,systematic_bias,2.0,base,0.3772567429452024,0.48269951334560646,0.2329988201840853,0.4024378092567312,0.6693617411199665,0.6840519670154496,0.559241019129642
HLM,RF,1.0,2468,7,systematic_bias,2.0,base,0.362875422152782,0.48824131145176436,0.2383795782081388,0.40838533866800075,0.6619848867835164,0.6793356938369646,0.5538345574904254
HLM,RF,1.0,2468,8,systematic_bias,2.0,base,0.37561558772261405,0.48333513932873445,0.23361285690992717,0.4049862610062662,0.6686030642848074,0.685604904730829,0.5536265994179755
HLM,RF,1.0,2468,9,systematic_bias,2.0,base,0.3687825366196704,0.4859726707664537,0.23616943673187996,0.4060082750072013,0.6681518730352082,0.6824396667879051,0.5486724339177653
HLM,RF,1.0,2468,10,systematic_bias,2.0,base,0.3685841274908326,0.4860490420996705,0.23624367132600724,0.40738414646927545,0.6655605250583104,0.6795546846895505,0.550915603495548
HLM,RF,1.0,2468,11,systematic_bias,2.0,base,0.3718488309571082,0.48479086780732505,0.2350221855093793,0.406103010660474,0.6653038672529018,0.6791588146322461,0.5503494291595628
HLM,RF,1.0,2468,12,systematic_bias,2.0,base,0.37183585568043087,0.48479587477337654,0.23502704019728338,0.4053214458994756,0.6685141320151476,0.6840317853038647,0.5570986467691542
HLM,RF,1.0,2468,13,systematic_bias,2.0,base,0.36839538786107906,0.48612168032900366,0.23631428808589403,0.4043752678167135,0.6633908496247017,0.6791159574179635,0.5610375975044087
HLM,RF,1.0,2468,14,systematic_bias,2.0,base,0.37090475485815155,0.4851550378162952,0.23537541071853085,0.4060169824894551,0.6654099393580608,0.680316962076164,0.5543068228417973
HLM,RF,1.0,2468,5,systematic_bias,3.0,base,0.2854645708830794,0.5170520064997365,0.2673427774254035,0.4338557995399621,0.6664940815084307,0.6865666596972986,0.5268561040067834
HLM,RF,1.0,2468,6,systematic_bias,3.0,base,0.2797760748775807,0.519106080685095,0.2694711230042404,0.43669376677526184,0.6647031397949215,0.6781178239522676,0.5228679326877437
HLM,RF,1.0,2468,7,systematic_bias,3.0,base,0.2615751737868198,0.5256243654019986,0.27628097350425374,0.4436951821837004,0.6596640857462377,0.6777174547872852,0.5207963975913834
HLM,RF,1.0,2468,8,systematic_bias,3.0,base,0.2863209837977957,0.5167420549137407,0.2670223513164754,0.43585285731355816,0.6681332283835894,0.6844921854198671,0.5197688724537599
HLM,RF,1.0,2468,9,systematic_bias,3.0,base,0.279382148767381,0.5192480236824802,0.2696185100981615,0.43854287012325394,0.6747427758664963,0.6864645942259712,0.5172371025598593
HLM,RF,1.0,2468,10,systematic_bias,3.0,base,0.2722386009758979,0.5218153523730495,0.2722912619722099,0.44057207132775483,0.6683083107971688,0.6803496641616876,0.5160154697543996
HLM,RF,1.0,2468,11,systematic_bias,3.0,base,0.27704397841931927,0.5200897368683998,0.2704933343958413,0.43923786121683484,0.66104747380769,0.6739273550608322,0.5134272824592229
HLM,RF,1.0,2468,12,systematic_bias,3.0,base,0.27003835994511327,0.5226035592511349,0.27311448014195444,0.4405549987424638,0.6702513407574499,0.6820362125205148,0.5223338848438648
HLM,RF,1.0,2468,13,systematic_bias,3.0,base,0.2678325760724505,0.5233925602842663,0.2739397721609193,0.43969759532401853,0.6591783032032581,0.6747137219554138,0.5296372527124746
HLM,RF,1.0,2468,14,systematic_bias,3.0,base,0.2807742950528971,0.5187462191075988,0.2690976398384288,0.4374360122018553,0.6667867081971313,0.6801270483137724,0.5217858194053675
HLM,RF,1.0,2468,5,systematic_bias,5.0,base,0.11874878261589383,0.5742119270434091,0.3297193371589053,0.4835889081498027,0.6643131295548738,0.6839981319784321,0.47361585205551604
HLM,RF,1.0,2468,6,systematic_bias,5.0,base,0.10942376526792152,0.577241963021362,0.3332082838727554,0.49039849365957133,0.6664825655247824,0.6784187499829695,0.4728095058318104
HLM,RF,1.0,2468,7,systematic_bias,5.0,base,0.06997529147050485,0.5898880353693916,0.34796789427196056,0.5001878972785346,0.655539498836533,0.6734997598671002,0.46432739650967
HLM,RF,1.0,2468,8,systematic_bias,5.0,base,0.12072089387653351,0.5735690660539986,0.32898147353405616,0.48521169167283235,0.6706818932810338,0.6863042460283217,0.4675800169975614
HLM,RF,1.0,2468,9,systematic_bias,5.0,base,0.08956713073341371,0.5836416927591163,0.3406376255267266,0.4964006606678998,0.6692903905325128,0.6809741145982291,0.45432950647647957
HLM,RF,1.0,2468,10,systematic_bias,5.0,base,0.08787176168296429,0.5841848562798329,0.341271946306689,0.4978858680628867,0.6651766611460144,0.677180852641808,0.4569799679307374
HLM,RF,1.0,2468,11,systematic_bias,5.0,base,0.110110804824189,0.5770192619410673,0.3329512286510141,0.4906037431437337,0.6608408963586884,0.6715775353934976,0.46055923508248187
HLM,RF,1.0,2468,12,systematic_bias,5.0,base,0.08325015800470337,0.5856629705699921,0.3430011150968674,0.4951159283516683,0.6669053765655776,0.6807238356653899,0.4662115256902106
HLM,RF,1.0,2468,13,systematic_bias,5.0,base,0.07486820530971017,0.5883342715099587,0.3461372150331537,0.4957687634898991,0.6522063742675457,0.6679288361940725,0.47351037564756654
HLM,RF,1.0,2468,14,systematic_bias,5.0,base,0.09579085304655122,0.5816433834526987,0.33830902551430314,0.49193108270325486,0.6586015667393774,0.6704120094129877,0.4612456494389745
HLM,RF,1.0,2468,5,systematic_bias,10.0,base,-0.20786913437529986,0.672252283103829,0.45192313213831065,0.5733572610323635,0.6633598776367662,0.6841531326652414,0.40013172892707033
HLM,RF,1.0,2468,6,systematic_bias,10.0,base,-0.23594255579107082,0.6800196887520171,0.4624267770903903,0.5838352331877035,0.6550509999859944,0.6653282748285375,0.38667517788757494
HLM,RF,1.0,2468,7,systematic_bias,10.0,base,-0.30965547240586755,0.7000045695836222,0.4900063974379522,0.5989262042200657,0.6435307207641762,0.6618165798852089,0.3793998735041178
HLM,RF,1.0,2468,8,systematic_bias,10.0,base,-0.21291639718824795,0.6736553725047438,0.45381156090450514,0.574459775417477,0.6637857079153897,0.6788175251783746,0.3843862364901019
HLM,RF,1.0,2468,9,systematic_bias,10.0,base,-0.27676230350692577,0.6911580487647322,0.4776994483722719,0.5929738718349528,0.6559841139521859,0.6652274691073602,0.36686720392128025
HLM,RF,1.0,2468,10,systematic_bias,10.0,base,-0.2835986494943594,0.693005960271803,0.48025726097224375,0.5920224199061501,0.6505061857548483,0.6629643151085003,0.3669536842362095
HLM,RF,1.0,2468,11,systematic_bias,10.0,base,-0.2302240930972581,0.6784447062970737,0.4602872195025226,0.5824722197475741,0.6577656366222125,0.6678797316474138,0.37740402675008616
HLM,RF,1.0,2468,12,systematic_bias,10.0,base,-0.2865079226719951,0.6937908639290273,0.4813457628713862,0.5928556207346289,0.6526404384081861,0.6633064015471605,0.38165720031372924
HLM,RF,1.0,2468,13,systematic_bias,10.0,base,-0.28408204779319424,0.6931364396738411,0.4804381240037283,0.5880350628543698,0.6436989885575265,0.6609579187575361,0.39851694131875165
HLM,RF,1.0,2468,14,systematic_bias,10.0,base,-0.25287808676024914,0.6846628298049203,0.46876319051648124,0.5811042736245967,0.6494769207647435,0.6578567223987625,0.3827228474857821
HLM,RF,1.0,2468,5,gross_errors,0.01,base,0.42946498921540244,0.4620228918374695,0.21346515258185803,0.37428857858210945,0.6604208362561659,0.6755373157523838,0.5748174640366526
HLM,RF,1.0,2468,6,gross_errors,0.01,base,0.43163287189882316,0.46114427379963296,0.21265404125819087,0.3744165487868874,0.663125248406948,0.6789119807304292,0.5735471303572723
HLM,RF,1.0,2468,7,gross_errors,0.01,base,0.4331464834994804,0.46052983058849434,0.21208772486186728,0.37431233182424845,0.6644236450408569,0.6776073166313238,0.5750026451773089
HLM,RF,1.0,2468,8,gross_errors,0.01,base,0.42964130469225736,0.46195149562201604,0.2133991843074175,0.37492600322687986,0.6607406299193793,0.6762428272546924,0.5748449490737463
HLM,RF,1.0,2468,9,gross_errors,0.01,base,0.4308441133205545,0.461464142224508,0.21294915455900093,0.3718308336896056,0.6606855472533536,0.6776883262787174,0.5784142932180796
HLM,RF,1.0,2468,10,gross_errors,0.01,base,0.4367525927887794,0.45906263447239987,0.21073850236874023,0.3706428550766343,0.6658990817694245,0.681200021222046,0.5812844564686458
HLM,RF,1.0,2468,11,gross_errors,0.01,base,0.4220391721211678,0.4650199084527682,0.2162435152574209,0.37433699425839545,0.6542361761742856,0.6737910963711509,0.5668181965149932
HLM,RF,1.0,2468,12,gross_errors,0.01,base,0.43430000600588925,0.4600610127699233,0.2116561354708875,0.3723778965928502,0.6647844389034676,0.6772905537415949,0.5772680729060313
HLM,RF,1.0,2468,13,gross_errors,0.01,base,0.44126199524398246,0.45722129605210965,0.2090513135635709,0.3709659085721711,0.6706458674451439,0.6855108348165754,0.5824864394810378
HLM,RF,1.0,2468,14,gross_errors,0.01,base,0.43416151005961745,0.4601173259099715,0.21170795360254294,0.370791161482553,0.6637922702565792,0.6801861794432568,0.5793928231390849
HLM,RF,1.0,2468,5,gross_errors,0.05,base,0.417578256007328,0.466811057005193,0.21791256294230554,0.3836528026229927,0.6576452150710415,0.6720600968284633,0.556476762828301
HLM,RF,1.0,2468,6,gross_errors,0.05,base,0.42729014956272193,0.46290265375045353,0.21427886684921227,0.37954306803118826,0.6653272288633274,0.6792327542532884,0.5693945202102181
HLM,RF,1.0,2468,7,gross_errors,0.05,base,0.41274385619026543,0.4687444391277977,0.2197213492132336,0.3867027257443363,0.6576334585118265,0.6711221228597213,0.5485936644930935
HLM,RF,1.0,2468,8,gross_errors,0.05,base,0.40748887944371825,0.4708370142180289,0.2216874939577484,0.3866205404589475,0.647795674302495,0.6646082633449121,0.5527227296966396
HLM,RF,1.0,2468,9,gross_errors,0.05,base,0.38842853556771606,0.47835018991318085,0.2288189041899762,0.39077734513972306,0.633086078628052,0.6478718912924089,0.5426305228203231
HLM,RF,1.0,2468,10,gross_errors,0.05,base,0.4236494096415583,0.46437166834507126,0.21564104636158488,0.3798876998628732,0.6587946600887021,0.6784206781719744,0.5700212461233042
HLM,RF,1.0,2468,11,gross_errors,0.05,base,0.40686191396533666,0.4710860563826752,0.22192207251818105,0.38676753077268766,0.6480830647675939,0.6608557761586485,0.5464817820111383
HLM,RF,1.0,2468,12,gross_errors,0.05,base,0.42619812168715265,0.4633437687940723,0.21468744808029475,0.3785899549914826,0.6636992195489243,0.6781790375258773,0.5687768165783462
HLM,RF,1.0,2468,13,gross_errors,0.05,base,0.41960281811584077,0.46599900738165345,0.21715507488068633,0.38134853376954947,0.6563012828575816,0.6715105115436865,0.562705100072818
HLM,RF,1.0,2468,14,gross_errors,0.05,base,0.4207357612385917,0.4655439670399394,0.21673118524728416,0.38132263259818056,0.6588855121889269,0.6785655751483979,0.5641665027809852
HLM,RF,1.0,2468,5,gross_errors,0.1,base,0.38756451883133014,0.47868797275660585,0.229142175261829,0.3992275314568054,0.6471001714041853,0.6649915101915308,0.526696519864811
HLM,RF,1.0,2468,6,gross_errors,0.1,base,0.4151321044607321,0.46779032515292335,0.21882778830667776,0.3870241858808729,0.6662304537439889,0.6831166153837541,0.5572564807616002
HLM,RF,1.0,2468,7,gross_errors,0.1,base,0.36089892673758417,0.48899803901488903,0.23911908216040695,0.4076313523137899,0.6304565924916792,0.6388943975406011,0.5069147566037983
HLM,RF,1.0,2468,8,gross_errors,0.1,base,0.3896887911653192,0.47785707142462996,0.2283473807105239,0.39640082339531857,0.6459932126354144,0.6634995803762672,0.5353233578963682
HLM,RF,1.0,2468,9,gross_errors,0.1,base,0.3849912349869843,0.47969257557226513,0.2301049670591533,0.39778829715795677,0.6458613091365458,0.6572273615075552,0.5311141863445092
HLM,RF,1.0,2468,10,gross_errors,0.1,base,0.4002175381338642,0.473717278194325,0.2244080596598395,0.3933816165290993,0.6514859850655684,0.6739965384823289,0.5454261418132723
HLM,RF,1.0,2468,11,gross_errors,0.1,base,0.3761129890015321,0.4831425821393193,0.23342675467624893,0.4024480382035696,0.6347686935479292,0.657681874219796,0.5227119120788017
HLM,RF,1.0,2468,12,gross_errors,0.1,base,0.3789818387160323,0.48203047328864485,0.23235337717887494,0.40134711162707665,0.6408000605213219,0.6500003548619782,0.5231364066123574
HLM,RF,1.0,2468,13,gross_errors,0.1,base,0.40202923744661445,0.47300128331602953,0.22373021401861082,0.3904969407462763,0.6499184404786952,0.6637240987040007,0.545485848836884
HLM,RF,1.0,2468,14,gross_errors,0.1,base,0.38905356218331777,0.4781056902540271,0.2285850510532797,0.39983020285829446,0.6503575916963394,0.673504001882911,0.5275973839765785
HLM,RF,1.0,2468,5,gross_errors,0.2,base,0.3031867399430941,0.5105996906353708,0.2607120440769363,0.43411225031582557,0.6168547463631893,0.6368528053130004,0.4605512074871145
HLM,RF,1.0,2468,6,gross_errors,0.2,base,0.3457119293403559,0.49477397198057027,0.24480128334943013,0.4179618640549416,0.6523788553740429,0.6672141208029139,0.4917265534920736
HLM,RF,1.0,2468,7,gross_errors,0.2,base,0.3017118261940225,0.5111397868562717,0.2612638817074749,0.43684125347048197,0.6349598954645171,0.64916187544589,0.45455236449690056
HLM,RF,1.0,2468,8,gross_errors,0.2,base,0.3345551457469701,0.49897453214469323,0.2489755837290155,0.41946870676597575,0.634910867347826,0.6444378895113854,0.4906054375774704
HLM,RF,1.0,2468,9,gross_errors,0.2,base,0.328351665959842,0.5012949331669356,0.25129661001884246,0.4240545207698375,0.6438546435882854,0.663120215616845,0.4853401370019407
HLM,RF,1.0,2468,10,gross_errors,0.2,base,0.31571120115315443,0.5059901465124503,0.25602602836769095,0.42732401871932685,0.6179207889847013,0.6304496238470738,0.4755416481282968
HLM,RF,1.0,2468,11,gross_errors,0.2,base,0.2855745119859867,0.5170122271883733,0.26730164306228205,0.440716655968884,0.6087105349799685,0.6310498562297134,0.4465363529193656
HLM,RF,1.0,2468,12,gross_errors,0.2,base,0.31402132202326216,0.5066145429208453,0.256658295098897,0.4317110728987034,0.6296482707577582,0.6439366374976653,0.4562683597250081
HLM,RF,1.0,2468,13,gross_errors,0.2,base,0.32006954781773056,0.5043762057715032,0.2543953569484577,0.4233645932353979,0.6151229888692301,0.6324439882986472,0.48452889899128054
HLM,RF,1.0,2468,14,gross_errors,0.2,base,0.3162531726412614,0.5057897292660263,0.25582325023100017,0.4306390216318368,0.6393362615592413,0.6603645250185672,0.4818305004494523
HLM,LightGBM,1.0,2468,5,gaussian,2.0,base,0.426531191653129,0.4632092726372038,0.2145628302570874,0.3711222632299973,0.6619123668435487,0.6660437357861114,0.6381457991671196
HLM,LightGBM,1.0,2468,6,gaussian,2.0,base,0.4566505020410516,0.4508810461938487,0.20329371781685954,0.36151167779430604,0.6775262327925221,0.6898857157044418,0.6433307254442483
HLM,LightGBM,1.0,2468,7,gaussian,2.0,base,0.46674724266222245,0.44667217458222536,0.19951603154601402,0.3552962337786159,0.6871222681602487,0.7000825447645903,0.6617801669586997
HLM,LightGBM,1.0,2468,8,gaussian,2.0,base,0.4838158040703303,0.4394654080844612,0.19312984490284205,0.34861855389401725,0.6984926675558112,0.7082663187944109,0.670664543385371
HLM,LightGBM,1.0,2468,9,gaussian,2.0,base,0.5029219309040507,0.43125549853752404,0.18598130501884838,0.34270189069817186,0.7094225544834575,0.7177929864840079,0.6745986391354413
HLM,LightGBM,1.0,2468,10,gaussian,2.0,base,0.47951356587705485,0.4412930130750365,0.19473952338884432,0.3512674343519715,0.6945936229528101,0.7007855110574123,0.6665295243650962
HLM,LightGBM,1.0,2468,11,gaussian,2.0,base,0.4400131852207956,0.4577319681776894,0.2095185546918213,0.3675401581774751,0.666618791690626,0.677646111794103,0.6352176083639339
HLM,LightGBM,1.0,2468,12,gaussian,2.0,base,0.4516785724389162,0.4529392461811119,0.20515396073111392,0.36120783753731545,0.6760224284403524,0.6836145252031991,0.6481312032852551
HLM,LightGBM,1.0,2468,13,gaussian,2.0,base,0.4832305964360716,0.43971445257585057,0.19334879980407996,0.3535723425950607,0.6955087084667373,0.7005706079655168,0.6559097003457568
HLM,LightGBM,1.0,2468,14,gaussian,2.0,base,0.4666588496791325,0.4467091936593757,0.19954910369980963,0.354483962805651,0.6840905016175355,0.6868244200034769,0.6486913974699428
HLM,LightGBM,1.0,2468,5,gaussian,3.0,base,0.3883856356907087,0.47836696702398923,0.2288349551397304,0.38611043012846613,0.6475703027290941,0.6594366290510241,0.6355197291388569
HLM,LightGBM,1.0,2468,6,gaussian,3.0,base,0.38560304053809114,0.47945391913263996,0.22987606057164806,0.383617594488029,0.6329774534082858,0.6389462786794269,0.6054372525137618
HLM,LightGBM,1.0,2468,7,gaussian,3.0,base,0.4356270758430677,0.4595210697071395,0.21115961350479376,0.3653115412804526,0.6676446459773175,0.6901454813271852,0.6437933860675856
HLM,LightGBM,1.0,2468,8,gaussian,3.0,base,0.40902330690547783,0.47022695512489243,0.2211133893260276,0.3748347815324834,0.6538327280494618,0.6666117031394019,0.632216043813125
HLM,LightGBM,1.0,2468,9,gaussian,3.0,base,0.4380651969875998,0.4585274176186312,0.2102473927080106,0.36840432261826805,0.6691117399259913,0.665384320855614,0.6454291974786268
HLM,LightGBM,1.0,2468,10,gaussian,3.0,base,0.4385498648060664,0.4583296354011125,0.2100660546869167,0.3666157395715645,0.6721095084329005,0.6841939331445855,0.6531847097341481
HLM,LightGBM,1.0,2468,11,gaussian,3.0,base,0.41039282247867925,0.46968179262838544,0.22060098632661368,0.37784846897230684,0.6507306559292172,0.6647267312773746,0.6278420178186115
HLM,LightGBM,1.0,2468,12,gaussian,3.0,base,0.35731920337681333,0.49036561092974573,0.24045843238250275,0.3894864742086596,0.6249476269242806,0.6399568296823144,0.6106733633861067
HLM,LightGBM,1.0,2468,13,gaussian,3.0,base,0.429677680011614,0.46193676462795447,0.2133855745149422,0.37161519622439604,0.6602090831501918,0.6764676026742931,0.6306375404956692
HLM,LightGBM,1.0,2468,14,gaussian,3.0,base,0.39491760635678785,0.4758056581083493,0.22639102428791938,0.3761731929609758,0.6398805039710352,0.6607889579823312,0.6163046782016932
HLM,LightGBM,1.0,2468,5,gaussian,5.0,base,0.25844055950411604,0.5267388219713858,0.2774537865718032,0.42500617461301726,0.5953581445006968,0.5976472982044861,0.5922240948673108
HLM,LightGBM,1.0,2468,6,gaussian,5.0,base,0.316794573195607,0.505589443826366,0.2556206857086541,0.4022929216124264,0.6057726091406875,0.609000295101174,0.5948274967312521
HLM,LightGBM,1.0,2468,7,gaussian,5.0,base,0.2665300727338181,0.5238579030558248,0.2744271025940459,0.4219841417263868,0.5783018935215753,0.5978454389066322,0.5694038801911091
HLM,LightGBM,1.0,2468,8,gaussian,5.0,base,0.2864021792115842,0.5167126591507628,0.2669919721266524,0.4115212881961372,0.5995951966850996,0.6153311309156358,0.5886391800660802
HLM,LightGBM,1.0,2468,9,gaussian,5.0,base,0.3356177206200127,0.49857599452028994,0.24857802231189619,0.3979781410586024,0.6152912632449838,0.6197755037352396,0.6035438271785314
HLM,LightGBM,1.0,2468,10,gaussian,5.0,base,0.35525262596713136,0.49115337770459766,0.2412316404306352,0.3897233881024756,0.6378459449540609,0.6487806339158363,0.6311568879112144
HLM,LightGBM,1.0,2468,11,gaussian,5.0,base,0.2847376184269911,0.5173149582431538,0.267614766022116,0.41397163030878664,0.5864466607443969,0.596004918228465,0.5762759330634214
HLM,LightGBM,1.0,2468,12,gaussian,5.0,base,0.2819699889611481,0.5183148387380124,0.2686502720560118,0.4114914813412581,0.5970193666696358,0.6029784322928614,0.5911718155118877
HLM,LightGBM,1.0,2468,13,gaussian,5.0,base,0.30002563097257806,0.5117565535561842,0.2618947701077037,0.4117449848050505,0.587168494246036,0.595811867945292,0.5711103261688303
HLM,LightGBM,1.0,2468,14,gaussian,5.0,base,0.2902514294732502,0.5153171631733654,0.26555177866104485,0.40323758824724865,0.5856835798262185,0.5989830447103508,0.5732717180478869
HLM,LightGBM,1.0,2468,5,gaussian,10.0,base,0.009481665500319925,0.6087705061126886,0.37060152911269906,0.49466381497921497,0.5253548318014207,0.5359399025360642,0.5244421231580073
HLM,LightGBM,1.0,2468,6,gaussian,10.0,base,0.12030880827996226,0.5737034556137848,0.3291356549831979,0.4505303913784344,0.5186401215042771,0.5220718273197263,0.5153779241208777
HLM,LightGBM,1.0,2468,7,gaussian,10.0,base,0.08509303593265138,0.5850740158349819,0.3423116040052726,0.46773130624494,0.5292622831212261,0.5454472626264251,0.5287034109887926
HLM,LightGBM,1.0,2468,8,gaussian,10.0,base,0.08223361981135824,0.5859875868415425,0.34338145193237435,0.46978775831354436,0.5356384773630893,0.5446050810874475,0.5340855429468047
HLM,LightGBM,1.0,2468,9,gaussian,10.0,base,0.13219568889098543,0.569814170999697,0.3246881894720719,0.45432559618815793,0.5427855340956907,0.5464345982336934,0.5417982837339221
HLM,LightGBM,1.0,2468,10,gaussian,10.0,base,0.1335786875909013,0.5693599404358608,0.32417074177312694,0.45317761363470394,0.5559623568770345,0.5704870592638014,0.5548385351657462
HLM,LightGBM,1.0,2468,11,gaussian,10.0,base,0.1088379863264628,0.5774317730503403,0.3334274525280598,0.4608375202081709,0.5212184771857196,0.5311438794603356,0.5195756229510808
HLM,LightGBM,1.0,2468,12,gaussian,10.0,base,0.06278388619069786,0.5921642947540015,0.3506585519815039,0.4653480945281988,0.5281067739877559,0.5429716993267828,0.5276879613332415
HLM,LightGBM,1.0,2468,13,gaussian,10.0,base,0.05578545610034158,0.5943711031000521,0.35327700820037283,0.4745990204951346,0.47904243658093487,0.48257768317176836,0.47538491013369133
HLM,LightGBM,1.0,2468,14,gaussian,10.0,base,0.04402920708838032,0.5980598615675197,0.35767559801816073,0.47268199826090357,0.4882651954665146,0.4872141293254495,0.4864854873632336
HLM,LightGBM,1.0,2468,5,systematic_bias,2.0,base,0.4557922108402176,0.45123701830060564,0.2036148466848211,0.3684146538163735,0.7238688515074617,0.7289797734884713,0.6594755003163063
HLM,LightGBM,1.0,2468,6,systematic_bias,2.0,base,0.4447366871205437,0.45579739004874764,0.20775126077525022,0.37614774457677747,0.7137340514622986,0.7208444098572676,0.6462773481417216
HLM,LightGBM,1.0,2468,7,systematic_bias,2.0,base,0.44063656995098943,0.45747712059189233,0.20928531586504878,0.3741646925637652,0.7135682035620837,0.7191705618366862,0.6512605946064665
HLM,LightGBM,1.0,2468,8,systematic_bias,2.0,base,0.4406375836232084,0.4574767060742164,0.209284936600515,0.37035743717239994,0.7070731626559597,0.716887354672175,0.6422770279954039
HLM,LightGBM,1.0,2468,9,systematic_bias,2.0,base,0.43054382446534656,0.46158586130815327,0.2130615073595897,0.37795457272066274,0.7099608864027165,0.7072061233519432,0.6367916577962284
HLM,LightGBM,1.0,2468,10,systematic_bias,2.0,base,0.43350456392991665,0.46038434964304775,0.21195374939625206,0.37900349103573966,0.7144237163253347,0.718262641907234,0.6415754304300432
HLM,LightGBM,1.0,2468,11,systematic_bias,2.0,base,0.44038739498039003,0.45757900350917585,0.20937854445245035,0.3744541070807462,0.7120265846225055,0.7203239787902451,0.6440701468995577
HLM,LightGBM,1.0,2468,12,systematic_bias,2.0,base,0.4190277808820029,0.4662297979922634,0.2173702245359067,0.38020650948868695,0.6985600410890266,0.7086282784344153,0.6360197581632412
HLM,LightGBM,1.0,2468,13,systematic_bias,2.0,base,0.445650250308151,0.45542227870842983,0.20740945194397872,0.3715671480447203,0.7134913132404074,0.721086127630925,0.6570447254744259
HLM,LightGBM,1.0,2468,14,systematic_bias,2.0,base,0.44463267065820766,0.45584007989592085,0.20779017843951952,0.3714664252840478,0.7103398459242422,0.711387156971848,0.6444978668154453
HLM,LightGBM,1.0,2468,5,systematic_bias,3.0,base,0.37035769417443154,0.48536593717844134,0.23558009297310664,0.4018685898497612,0.7314350742645188,0.7359888176489319,0.6250381829011679
HLM,LightGBM,1.0,2468,6,systematic_bias,3.0,base,0.30408118249687943,0.5102718777409991,0.2603773892133252,0.42066922202317675,0.6927245329674743,0.6968923432013495,0.5943629912115675
HLM,LightGBM,1.0,2468,7,systematic_bias,3.0,base,0.31575489146118263,0.5059739930855074,0.2560096816788931,0.41732449283311535,0.6986405677334856,0.7142048581285241,0.6076504753933221
HLM,LightGBM,1.0,2468,8,systematic_bias,3.0,base,0.3227625882154014,0.5033763585491611,0.2533877583462136,0.4160660749697187,0.6957104174176786,0.7038396338952789,0.6011309038246023
HLM,LightGBM,1.0,2468,9,systematic_bias,3.0,base,0.3322236252996481,0.49984789683704206,0.24984791997241423,0.4190466405744904,0.7075085137741598,0.7156459094632445,0.6025894558607583
HLM,LightGBM,1.0,2468,10,systematic_bias,3.0,base,0.3016258255130414,0.5111712616957491,0.261296058783624,0.422404069081113,0.6940984943493609,0.7011356187623331,0.5913645705607847
HLM,LightGBM,1.0,2468,11,systematic_bias,3.0,base,0.30367540206132915,0.5104206222246869,0.26052921159223646,0.42210970233457984,0.6866642638802906,0.6971332896994048,0.5910201198825463
HLM,LightGBM,1.0,2468,12,systematic_bias,3.0,base,0.3000253595680058,0.5117566527691421,0.26189487165347625,0.42727197517201093,0.6937564013735033,0.6967173150580758,0.5960226364968989
HLM,LightGBM,1.0,2468,13,systematic_bias,3.0,base,0.3191532521366707,0.504715947974359,0.2547381881396559,0.41254140585891086,0.6925382931981919,0.7016567696865841,0.6087968034874712
HLM,LightGBM,1.0,2468,14,systematic_bias,3.0,base,0.3353102059967449,0.49869136610432435,0.24869307862699724,0.4121962732183774,0.6927196740576419,0.6992897762825123,0.6037428065211744
HLM,LightGBM,1.0,2468,5,systematic_bias,5.0,base,0.12061806827787869,0.5736026025374781,0.32901994563776804,0.4768434131974543,0.6805468369945223,0.6899973449932335,0.5358020746944276
HLM,LightGBM,1.0,2468,6,systematic_bias,5.0,base,0.08319071810776213,0.5856819567648943,0.3430233544799555,0.4847681663983999,0.6626412997852614,0.6687558236036912,0.5227309449431544
HLM,LightGBM,1.0,2468,7,systematic_bias,5.0,base,0.091616157644695,0.5829845486644757,0.3398709839815224,0.48656714176351196,0.684915186038582,0.7008458505186731,0.5450385804048906
HLM,LightGBM,1.0,2468,8,systematic_bias,5.0,base,0.15994193611237306,0.5606308557737875,0.31430695644564927,0.4696367715578801,0.6821293724889894,0.6953751926739015,0.5485428229191247
HLM,LightGBM,1.0,2468,9,systematic_bias,5.0,base,0.1302119171171574,0.5704650873342452,0.32543041586726795,0.4771119214251483,0.6952105889051116,0.7004293616936093,0.5430171272008278
HLM,LightGBM,1.0,2468,10,systematic_bias,5.0,base,0.10683755788843541,0.5780795023168829,0.334175910998935,0.4806735148290421,0.6781123176550301,0.6841530041193076,0.5268455115705801
HLM,LightGBM,1.0,2468,11,systematic_bias,5.0,base,0.13282680868487096,0.5696069316452287,0.3244520565782922,0.4741331952509287,0.6777321844146208,0.6910629650741018,0.5363849287388095
HLM,LightGBM,1.0,2468,12,systematic_bias,5.0,base,0.06715705902947378,0.5907811213662392,0.34902233336275107,0.4954812428240931,0.6834420639958854,0.6905541545594822,0.5351732290516225
HLM,LightGBM,1.0,2468,13,systematic_bias,5.0,base,0.1351837652683635,0.5688323157379548,0.3235702034278043,0.46893267518869697,0.6877706141351164,0.6999721752259485,0.5612925677709802
HLM,LightGBM,1.0,2468,14,systematic_bias,5.0,base,0.11073063298172248,0.5768182733865583,0.33271932051265035,0.4741687961031978,0.673175930469687,0.6789208761090385,0.5417256133559092
HLM,LightGBM,1.0,2468,5,systematic_bias,10.0,base,-0.25890575950364236,0.6863078309050936,0.47101843876165456,0.575859240148462,0.6452514907780372,0.6537081851908875,0.4409422542422988
HLM,LightGBM,1.0,2468,6,systematic_bias,10.0,base,-0.285679270019352,0.6935673891116338,0.48103572323912847,0.5803815756941432,0.656132942858196,0.6571167605862327,0.44681533804322837
HLM,LightGBM,1.0,2468,7,systematic_bias,10.0,base,-0.3508701589739005,0.7109337766137154,0.5054268347302401,0.6015050509193044,0.6518193665648625,0.6666055329345862,0.4425536696156604
HLM,LightGBM,1.0,2468,8,systematic_bias,10.0,base,-0.23111564605370938,0.6786904988475478,0.4606207932259334,0.5711014033070492,0.6529493219027922,0.665599275365883,0.4555315867629144
HLM,LightGBM,1.0,2468,9,systematic_bias,10.0,base,-0.27216299354596973,0.6899120384194187,0.4759786207560375,0.5868299707947628,0.6760617856749771,0.6835451618173953,0.4441213695845194
HLM,LightGBM,1.0,2468,10,systematic_bias,10.0,base,-0.3288856886872429,0.7051250706614518,0.49720136527531733,0.5944382659779247,0.6388730755077614,0.6441043899410936,0.42590125086936653
HLM,LightGBM,1.0,2468,11,systematic_bias,10.0,base,-0.28881155348296406,0.6944117396997592,0.4822076642328461,0.5846399952525185,0.6461282371752834,0.6515971010315493,0.4288857836857244
HLM,LightGBM,1.0,2468,12,systematic_bias,10.0,base,-0.36810101848995225,0.715453524040585,0.511873745062092,0.6043322226208241,0.6444553717644802,0.6484321458896796,0.4250139704089694
HLM,LightGBM,1.0,2468,13,systematic_bias,10.0,base,-0.24652001752585595,0.6829233666571368,0.4663843247263182,0.5759090404646493,0.6708697566187694,0.6841346991783542,0.4686294493634551
HLM,LightGBM,1.0,2468,14,systematic_bias,10.0,base,-0.24083870951966113,0.6813652974219101,0.4642586685308481,0.5686119562781358,0.6618370697001477,0.6554770543656316,0.4631263028218551
HLM,LightGBM,1.0,2468,5,gross_errors,0.01,base,0.49839998778574435,0.43321263358961554,0.18767318590165047,0.34403036742176984,0.7067985510127446,0.7119441722115906,0.6654886492674775
HLM,LightGBM,1.0,2468,6,gross_errors,0.01,base,0.5192191563870128,0.424127001034775,0.17988371300675207,0.3342618683102839,0.7210227115460182,0.7237679043173473,0.6801467541246968
HLM,LightGBM,1.0,2468,7,gross_errors,0.01,base,0.5175565406073455,0.4248597170601154,0.18050577918040128,0.3417081435508047,0.7199041675709653,0.7247147993738856,0.678052134233564
HLM,LightGBM,1.0,2468,8,gross_errors,0.01,base,0.5273541158314181,0.4205235134559304,0.1768400253693201,0.33201790868222925,0.7273965196735573,0.7305093415531111,0.6884184478659685
HLM,LightGBM,1.0,2468,9,gross_errors,0.01,base,0.5034401898437806,0.4310306240981607,0.18578739891044987,0.3443451961430029,0.7102257985345165,0.7176348749856041,0.6702226869384615
HLM,LightGBM,1.0,2468,10,gross_errors,0.01,base,0.5033344854310261,0.43107649915046947,0.18582694811982473,0.34157729744498677,0.7098877731317541,0.7139392308112057,0.6729021111031749
HLM,LightGBM,1.0,2468,11,gross_errors,0.01,base,0.4857919073589052,0.4386234007259432,0.19239048766439135,0.3479733560335132,0.6971824240657123,0.7073218918197989,0.6545810533669921
HLM,LightGBM,1.0,2468,12,gross_errors,0.01,base,0.5189976951067988,0.4242246722460135,0.1799665725422376,0.34017936047058306,0.7211863911034084,0.7215984603041268,0.6816474761446223
HLM,LightGBM,1.0,2468,13,gross_errors,0.01,base,0.5144855191351778,0.42620980638183187,0.1816547990560386,0.3421191351820553,0.7179367500088252,0.7223447465765926,0.6768672365334752
HLM,LightGBM,1.0,2468,14,gross_errors,0.01,base,0.5184120906468026,0.4244828334755863,0.1801856759154623,0.3403233833274537,0.7202830861997949,0.7233735253928735,0.6804502130803459
HLM,LightGBM,1.0,2468,5,gross_errors,0.05,base,0.48728568855628684,0.4379858340121518,0.1918315907953202,0.35381565455045466,0.7010884690699246,0.7091217919829291,0.6477571913294629
HLM,LightGBM,1.0,2468,6,gross_errors,0.05,base,0.45263415649350003,0.45254439542534103,0.20479642983088744,0.3643691304783908,0.6793629772789325,0.6864457493920965,0.6340368824424288
HLM,LightGBM,1.0,2468,7,gross_errors,0.05,base,0.46817511189779626,0.446073755759272,0.19898179557718265,0.3638060374537906,0.6903938790443411,0.6894261897007883,0.6347381922653479
HLM,LightGBM,1.0,2468,8,gross_errors,0.05,base,0.45931868448042756,0.44977263122268907,0.20229541979698104,0.36109532315897874,0.682674393474542,0.695284182152869,0.6429814214372134
HLM,LightGBM,1.0,2468,9,gross_errors,0.05,base,0.47006177726898934,0.44528182250540765,0.19827590145373739,0.3537216729794062,0.6914367320369514,0.6912106129335054,0.6444854524725411
HLM,LightGBM,1.0,2468,10,gross_errors,0.05,base,0.46998207183571816,0.4453153075840896,0.19830572316871234,0.3592636643069439,0.687745924060387,0.6988851908109056,0.6490524524322313
HLM,LightGBM,1.0,2468,11,gross_errors,0.05,base,0.469309091327186,0.44559793335539516,0.19855751821059917,0.3562668213213608,0.6876146001916367,0.6920521774520014,0.6423320840649686
HLM,LightGBM,1.0,2468,12,gross_errors,0.05,base,0.4963550149419975,0.43409481754703516,0.18843831062119373,0.34958574349503907,0.7069472500098061,0.7025901931292746,0.6569245080248918
HLM,LightGBM,1.0,2468,13,gross_errors,0.05,base,0.4706650901059758,0.445028282817457,0.19805017250745446,0.35851906202870243,0.6893292931611018,0.7053529537539038,0.6500470854621195
HLM,LightGBM,1.0,2468,14,gross_errors,0.05,base,0.4866309975422294,0.4382653794672509,0.19207654283957346,0.3529068947952717,0.7012268053620649,0.7104304152967912,0.6580786730766294
HLM,LightGBM,1.0,2468,5,gross_errors,0.1,base,0.4161029423558191,0.46740191505381673,0.21846455019597533,0.3780168157774502,0.6560143084048035,0.6685993832024251,0.6003794685804121
HLM,LightGBM,1.0,2468,6,gross_errors,0.1,base,0.40839938507959783,0.47047510997571373,0.22134682910665993,0.3773083030924113,0.6541779323323502,0.6679809487155789,0.6070840043636927
HLM,LightGBM,1.0,2468,7,gross_errors,0.1,base,0.4346712483410011,0.4599100297782962,0.21151723549067328,0.3740354197216224,0.6746576357217313,0.6788666811434069,0.6129285427560497
HLM,LightGBM,1.0,2468,8,gross_errors,0.1,base,0.4118017226993247,0.4691202911806015,0.22007384759737234,0.3789312477703071,0.6507015604220435,0.6606516709251806,0.6032723864809981
HLM,LightGBM,1.0,2468,9,gross_errors,0.1,base,0.404242799698893,0.4721249958708238,0.22290201172602536,0.37599980443923764,0.654421137058309,0.6548896765763583,0.6106783703468526
HLM,LightGBM,1.0,2468,10,gross_errors,0.1,base,0.42795280632195154,0.4626347743400693,0.21403093442868681,0.37861040231875526,0.6649358707697991,0.6714911782352638,0.612609147167156
HLM,LightGBM,1.0,2468,11,gross_errors,0.1,base,0.39944048640101193,0.4740240424863932,0.22469879285514188,0.3875025541249543,0.6469581113521076,0.665132782172625,0.5959203796995213
HLM,LightGBM,1.0,2468,12,gross_errors,0.1,base,0.4269747008041901,0.4630301196615262,0.21439689171376727,0.3822043808135908,0.6605020460835724,0.655653367968242,0.6036674182929123
HLM,LightGBM,1.0,2468,13,gross_errors,0.1,base,0.4406405798612757,0.45747548083015543,0.2092838155607819,0.37557252731144664,0.6720131480804895,0.6721066818748224,0.623861674272728
HLM,LightGBM,1.0,2468,14,gross_errors,0.1,base,0.441215742569129,0.45724022019018995,0.2090686189595734,0.37559968573563957,0.6808898318471167,0.6869132452436371,0.6241881877933558
HLM,LightGBM,1.0,2468,5,gross_errors,0.2,base,0.3125332377862162,0.5071637412665341,0.2572150604554679,0.4190793263585596,0.6069083418892383,0.6168556342704893,0.5301956307603471
HLM,LightGBM,1.0,2468,6,gross_errors,0.2,base,0.33468863672476346,0.4989244814616132,0.24892563820173963,0.4095673605922158,0.6177065858153094,0.6232270648908014,0.5467200755365897
HLM,LightGBM,1.0,2468,7,gross_errors,0.2,base,0.29976435726316675,0.5118520542375194,0.26199252542716855,0.4284036258753499,0.6137454289840529,0.61804231891168,0.5328530574523551
HLM,LightGBM,1.0,2468,8,gross_errors,0.2,base,0.3719192059198251,0.4847637102562757,0.2349958547814304,0.3907699994074549,0.6454901592639746,0.6412461196877537,0.5805083306550372
HLM,LightGBM,1.0,2468,9,gross_errors,0.2,base,0.331187893717548,0.5002353825918087,0.25023543799677317,0.4104387203201809,0.6262827690326047,0.6361159286028785,0.5588801428756182
HLM,LightGBM,1.0,2468,10,gross_errors,0.2,base,0.2944178784814042,0.5138023993467613,0.26399290557448873,0.4240652132021043,0.6036737780900499,0.604990741756774,0.5152911616779642
HLM,LightGBM,1.0,2468,11,gross_errors,0.2,base,0.24337727470465353,0.5320617452941871,0.28308970080549645,0.43674150833828,0.5584705465038524,0.5639684949678201,0.4848796781869163
HLM,LightGBM,1.0,2468,12,gross_errors,0.2,base,0.3158114443502309,0.5059530832667869,0.25598852246716824,0.4181509626872789,0.6060621942505758,0.6106463000725245,0.5201345468187459
HLM,LightGBM,1.0,2468,13,gross_errors,0.2,base,0.34349699835384395,0.49561073207980216,0.24562999775267746,0.4123690803192644,0.6278847752276797,0.636102611244151,0.5570972202524177
HLM,LightGBM,1.0,2468,14,gross_errors,0.2,base,0.32773588083527827,0.5015246808085497,0.25152700546011764,0.4106416838906967,0.6392463656472465,0.6437772405399248,0.5539679551003978
HLM,FCNN,1.0,2468,5,gaussian,2.0,base,0.4734369361894972,0.4438615649387882,0.1970130888299101,0.3392123403115628,0.7253074304950332,0.72619397743253,0.7214644702303098
HLM,FCNN,1.0,2468,6,gaussian,2.0,base,0.42298260934439347,0.4646402146640343,0.2158905290830399,0.3483280647941068,0.695883562405791,0.7022915809253787,0.683088374295486
HLM,FCNN,1.0,2468,7,gaussian,2.0,base,0.42235632779781873,0.4648923012386981,0.21612485175101243,0.35921603041621397,0.694836497085506,0.6984952595757364,0.6934816974442908
HLM,FCNN,1.0,2468,8,gaussian,2.0,base,0.4437188683401354,0.4562149457670538,0.20813207674123582,0.350034063396744,0.7014073180491257,0.6998369191945496,0.6959701778445848
HLM,FCNN,1.0,2468,9,gaussian,2.0,base,0.4481156188142358,0.45440844685347337,0.20648703657178594,0.34832138994682027,0.7010161291045912,0.7066175372308935,0.6915588244067531
HLM,FCNN,1.0,2468,10,gaussian,2.0,base,0.44518872265972165,0.4556118217206538,0.20758213209161283,0.34622637488718866,0.7151185609429112,0.7211234573700603,0.7126784827535991
HLM,FCNN,1.0,2468,11,gaussian,2.0,base,0.421694429856315,0.46515857539185457,0.21637250026057964,0.3600304934825218,0.7100699303813439,0.7211475468780285,0.6995498675732964
HLM,FCNN,1.0,2468,12,gaussian,2.0,base,0.4547810716878652,0.4516560234006378,0.20399316347407748,0.344922788122637,0.7102883376909943,0.715573435265846,0.7065324966574952
HLM,FCNN,1.0,2468,13,gaussian,2.0,base,0.42227726333192517,0.4649241160110208,0.21615443364862913,0.3578569473997937,0.6796571116632784,0.692987991849058,0.6739639579111598
HLM,FCNN,1.0,2468,14,gaussian,2.0,base,0.47594756863259025,0.4428021431712763,0.19607373799707548,0.3383815547800157,0.716962489039059,0.7224002012923744,0.7115754072566315
HLM,FCNN,1.0,2468,5,gaussian,3.0,base,0.31069879134116296,0.5078399520670341,0.2579014169154475,0.4021005011955827,0.6644857289039658,0.6656831901513773,0.6619703950531868
HLM,FCNN,1.0,2468,6,gaussian,3.0,base,0.24962521027874618,0.5298603980518146,0.2807520414236275,0.40870915592890034,0.6393169353798114,0.6452415072702644,0.6341990690001481
HLM,FCNN,1.0,2468,7,gaussian,3.0,base,0.2442336738125338,0.5317605474857865,0.28276927986238337,0.41373753886973585,0.6270000054720443,0.6301117022966641,0.6262855159884022
HLM,FCNN,1.0,2468,8,gaussian,3.0,base,0.3021739888374926,0.5109706096998406,0.2610909639770269,0.4032621193468779,0.6273363198924484,0.6297053686003596,0.6256659023757154
HLM,FCNN,1.0,2468,9,gaussian,3.0,base,0.26748689404228243,0.5235161017355736,0.27406910877641144,0.40894758490653255,0.6181388594936424,0.6246144611528114,0.6162575381808876
HLM,FCNN,1.0,2468,10,gaussian,3.0,base,0.2720906068232454,0.5218684066401198,0.2723466338490974,0.40955781047270295,0.6824922391219969,0.6926870143999828,0.6768558377157672
HLM,FCNN,1.0,2468,11,gaussian,3.0,base,0.24614575794570293,0.5310874460316191,0.2820538753323879,0.4225671869511527,0.6440276106749605,0.6600670440188875,0.6388340714181537
HLM,FCNN,1.0,2468,12,gaussian,3.0,base,0.2873148674367889,0.5163821169073961,0.2666504906617637,0.39669599753033535,0.6640344002578829,0.6705751342028042,0.6630437594351959
HLM,FCNN,1.0,2468,13,gaussian,3.0,base,0.25169175307459724,0.5291302734924815,0.27997884632622827,0.4158265287327419,0.6201986696045083,0.6236858453280397,0.6181248037497197
HLM,FCNN,1.0,2468,14,gaussian,3.0,base,0.31309220089007395,0.5069575178664196,0.2570059249212812,0.4025868037778251,0.6572613183527005,0.6596626128024013,0.657157767679944
HLM,FCNN,1.0,2468,5,gaussian,5.0,base,-0.033553030816103835,0.6218544213785983,0.38670292138811124,0.49542924649608555,0.5836132886146118,0.5911810521035052,0.5744358943126657
HLM,FCNN,1.0,2468,6,gaussian,5.0,base,-0.08949959877858205,0.638463216350906,0.4076352786331438,0.5079599450054982,0.5633281673046859,0.5644861751518622,0.5482041345798944
HLM,FCNN,1.0,2468,7,gaussian,5.0,base,-0.01843948820987329,0.6172910198941598,0.38104820324197197,0.4741808894038887,0.5635199495268127,0.5729458087553208,0.557642055149395
HLM,FCNN,1.0,2468,8,gaussian,5.0,base,-0.09541425865712228,0.6401939106382319,0.40984824321827257,0.5074478699006815,0.5033538273283035,0.5065062516310131,0.4953576476298828
HLM,FCNN,1.0,2468,9,gaussian,5.0,base,-0.08485445135506597,0.6371006992400862,0.4058973009722068,0.5010388906616962,0.5316777602719368,0.5344500037465525,0.5265301999819197
HLM,FCNN,1.0,2468,10,gaussian,5.0,base,-0.032037672057282585,0.621398383723484,0.38613595129415823,0.49096287047236514,0.6156785416116852,0.6305521520837624,0.5997976300727472
HLM,FCNN,1.0,2468,11,gaussian,5.0,base,-0.08001052297517108,0.6356767650293725,0.40408494959820807,0.5118024958478313,0.5433739635710322,0.5594297437237219,0.5365129771463074
HLM,FCNN,1.0,2468,12,gaussian,5.0,base,-0.0966284879332091,0.6405486289046418,0.4103025459916165,0.5113884755158161,0.5921085058616731,0.5970179887316522,0.5714925310091951
HLM,FCNN,1.0,2468,13,gaussian,5.0,base,-0.13800958993693313,0.6525222199028904,0.42578524746699603,0.5190942254109846,0.5336367721823789,0.5285690529907197,0.5162486436980466
HLM,FCNN,1.0,2468,14,gaussian,5.0,base,-0.0790612949450642,0.6353973534716112,0.4037297967987276,0.507075943758041,0.5883315489711416,0.5826719026064003,0.5749263082505739
HLM,FCNN,1.0,2468,5,gaussian,10.0,base,-0.813441527418149,0.8237095903615204,0.6784974892535437,0.6625780071058956,0.5112401553216569,0.5138336783599667,0.46603034078097016
HLM,FCNN,1.0,2468,6,gaussian,10.0,base,-0.8292756161272692,0.8272978901612189,0.6844217990652042,0.6600544100350639,0.40999156308614604,0.4026127542902649,0.3863949517374322
HLM,FCNN,1.0,2468,7,gaussian,10.0,base,-0.6894380049986726,0.7950482279273492,0.6321016847304183,0.6215489265611125,0.4788192909520009,0.4958981527107077,0.44854707586548953
HLM,FCNN,1.0,2468,8,gaussian,10.0,base,-0.9174751262363237,0.8470074173948829,0.7174215651219495,0.6757861200600503,0.439661689759598,0.441291634417754,0.4059040977795331
HLM,FCNN,1.0,2468,9,gaussian,10.0,base,-0.7884665991236324,0.8180178131737026,0.6691531426694867,0.6503886603013724,0.43164170724687373,0.4286356959374718,0.4064682183545579
HLM,FCNN,1.0,2468,10,gaussian,10.0,base,-0.7826808703248829,0.8166935885201779,0.6669884175299656,0.651623464858287,0.5204220602640982,0.5449157766091078,0.4742340435666769
HLM,FCNN,1.0,2468,11,gaussian,10.0,base,-0.6071483219451566,0.775443792329589,0.6013130750624948,0.6175051998496666,0.4717452612263486,0.48616290638915133,0.4477323571475413
HLM,FCNN,1.0,2468,12,gaussian,10.0,base,-0.7417441639233393,0.8072620307327615,0.6516719862627819,0.6440078261943913,0.4972139527920354,0.5045896574693051,0.45871628523341146
HLM,FCNN,1.0,2468,13,gaussian,10.0,base,-0.6328194107728942,0.7816123652255509,0.6109178894734799,0.6214980269734173,0.4122313394215776,0.408286874638836,0.3925727233439058
HLM,FCNN,1.0,2468,14,gaussian,10.0,base,-0.6862887009900605,0.7943068522399594,0.6309233755153527,0.6305011818617553,0.4731927495764257,0.4655286874086001,0.44408444715151174
HLM,FCNN,1.0,2468,5,systematic_bias,2.0,base,0.5161615566715541,0.4254735140339404,0.18102771114438967,0.334783568090408,0.7288458502975906,0.7313943288879979,0.7105914034100099
HLM,FCNN,1.0,2468,6,systematic_bias,2.0,base,0.44496813732188556,0.4557023852187507,0.20766466389405866,0.36537340871588697,0.7238547669983417,0.7251851746543404,0.6896793438009686
HLM,FCNN,1.0,2468,7,systematic_bias,2.0,base,0.5173452009083925,0.42495276412268845,0.1805848517355133,0.337840258187544,0.7286689699551678,0.7314188297429537,0.7114684551316265
HLM,FCNN,1.0,2468,8,systematic_bias,2.0,base,0.5312082741314477,0.4188054387966408,0.1753979955656468,0.32838598146662046,0.7303481107522493,0.736638745889525,0.7038800908796391
HLM,FCNN,1.0,2468,9,systematic_bias,2.0,base,0.4781010277529192,0.44189141566266027,0.19526802323635,0.3602477540877876,0.7182396688247373,0.7121018723630066,0.6855045066938734
HLM,FCNN,1.0,2468,10,systematic_bias,2.0,base,0.43727499723634,0.45884969785582025,0.21054304522237752,0.36686299930510785,0.7101163199078125,0.7141635434654452,0.6772161338391487
HLM,FCNN,1.0,2468,11,systematic_bias,2.0,base,0.49020419303867235,0.43673748981733496,0.19073963501194677,0.3493913268750447,0.7148563444216457,0.7170223536117064,0.6953642395396032
HLM,FCNN,1.0,2468,12,systematic_bias,2.0,base,0.52209278262963,0.4228575982239775,0.1788085483757508,0.3401658596642565,0.7231904114414184,0.7332026359551894,0.6950128618434125
HLM,FCNN,1.0,2468,13,systematic_bias,2.0,base,0.4461435725512577,0.45521959083262153,0.20722487587781938,0.3569277210458243,0.7233672296553826,0.7348336267614882,0.696567437817519
HLM,FCNN,1.0,2468,14,systematic_bias,2.0,base,0.49826477616701026,0.4332710181920329,0.1877237752051609,0.34637868963398366,0.7251789469664893,0.7218493819666343,0.7069821493180066
HLM,FCNN,1.0,2468,5,systematic_bias,3.0,base,0.45206928711097016,0.45277784309066904,0.2050077751938385,0.35815924604999827,0.7293973036109257,0.7269803443271117,0.6955814563676885
HLM,FCNN,1.0,2468,6,systematic_bias,3.0,base,0.33474674486346245,0.49890269301215456,0.2489038970947801,0.4028533958677335,0.7078702708372488,0.7062981262949309,0.6454456102246222
HLM,FCNN,1.0,2468,7,systematic_bias,3.0,base,0.3600727327631077,0.4893140115309154,0.23942820188047684,0.39589831059245384,0.708136230238364,0.7115749368717409,0.6566339875731013
HLM,FCNN,1.0,2468,8,systematic_bias,3.0,base,0.47479098973930833,0.4432905039953022,0.19650647093240903,0.35245828265495055,0.7053717645078681,0.70155987176179,0.6812760531123514
HLM,FCNN,1.0,2468,9,systematic_bias,3.0,base,0.34789571890871396,0.49394758879795037,0.24398422047930907,0.4034475323461823,0.7087026222712569,0.7061745936526821,0.6485020588772519
HLM,FCNN,1.0,2468,10,systematic_bias,3.0,base,0.3523120279281725,0.4922721427198557,0.24233186249799796,0.39823155411301153,0.6926296099417677,0.6919965684810995,0.6411370885683266
HLM,FCNN,1.0,2468,11,systematic_bias,3.0,base,0.40034682428017554,0.4736662193638234,0.22435968736641768,0.3704596224400665,0.706657988343193,0.7077816492061332,0.6778979258581381
HLM,FCNN,1.0,2468,12,systematic_bias,3.0,base,0.4209742047730727,0.46544814084588776,0.21664197181689338,0.3746749677401484,0.7024811993493433,0.7128789068228045,0.6695823795707756
HLM,FCNN,1.0,2468,13,systematic_bias,3.0,base,0.2975511231252663,0.5126603212226001,0.26282060495605947,0.4096690248828752,0.7021940975175406,0.7127288937182212,0.636723786818163
HLM,FCNN,1.0,2468,14,systematic_bias,3.0,base,0.3948608293112851,0.47582798085818445,0.22641226736757675,0.3821556258606278,0.7111908141871232,0.7047146974840871,0.6700692982684401
HLM,FCNN,1.0,2468,5,systematic_bias,5.0,base,0.15855983950631336,0.5610918522194052,0.31482406662700285,0.44432464127591825,0.6929024366314893,0.6908177251418621,0.6096946001522489
HLM,FCNN,1.0,2468,6,systematic_bias,5.0,base,0.111081414313283,0.5767044962528081,0.3325880759982051,0.4606199483167099,0.6699698510406108,0.659734778489559,0.5848399627480942
HLM,FCNN,1.0,2468,7,systematic_bias,5.0,base,0.21307721939041369,0.5426107617755391,0.2944264387946308,0.43858701165073355,0.663071845178383,0.6611555966943209,0.6060130097203343
HLM,FCNN,1.0,2468,8,systematic_bias,5.0,base,0.3274553892117813,0.5016292965373579,0.2516319511445645,0.39702707552358635,0.6760679658354236,0.6737122205862561,0.6350445479501048
HLM,FCNN,1.0,2468,9,systematic_bias,5.0,base,0.14267078566221025,0.5663646719152392,0.32076894159365654,0.4585879612631936,0.6774360513840809,0.6793777797756455,0.588574680406183
HLM,FCNN,1.0,2468,10,systematic_bias,5.0,base,0.13767219111631535,0.5680133459455295,0.3226391611722358,0.4537135464862096,0.6551367551144347,0.6606278385090797,0.5758388724015794
HLM,FCNN,1.0,2468,11,systematic_bias,5.0,base,0.1944015910227226,0.5490117558588449,0.30141390807121193,0.42399627935404605,0.66599454021959,0.6679588388149891,0.6133866456891833
HLM,FCNN,1.0,2468,12,systematic_bias,5.0,base,0.05458379954782733,0.594749196637279,0.3537266069006887,0.4764774038134269,0.6861824206772142,0.6990324273233217,0.5869588371494575
HLM,FCNN,1.0,2468,13,systematic_bias,5.0,base,-0.1867881512869478,0.6663600390123015,0.44403570159247585,0.5397044502211883,0.675391292100334,0.6906024621213523,0.5356464052407247
HLM,FCNN,1.0,2468,14,systematic_bias,5.0,base,0.0786007588388955,0.5871462199003712,0.34474068354329507,0.4683419731251677,0.6693011377289428,0.6634117835035763,0.57825678429886
HLM,FCNN,1.0,2468,5,systematic_bias,10.0,base,-0.23650902481374847,0.6801755074664478,0.4626387209572399,0.5451548874902047,0.6485839145157523,0.6488982534451367,0.5303181786054256
HLM,FCNN,1.0,2468,6,systematic_bias,10.0,base,-0.5198570376738716,0.7540909234783691,0.5686531208724596,0.607311307207336,0.584152718161018,0.565148726603141,0.4457664066860865
HLM,FCNN,1.0,2468,7,systematic_bias,10.0,base,-0.3610801330234652,0.7136153636131843,0.5092468871847773,0.5873572354425288,0.6182386084514988,0.6161020208798046,0.48244042506498425
HLM,FCNN,1.0,2468,8,systematic_bias,10.0,base,-0.30182384724754985,0.6979084481837772,0.48707620204628793,0.5593796231679207,0.5988996287154303,0.6038142122443426,0.47849164795414856
HLM,FCNN,1.0,2468,9,systematic_bias,10.0,base,-0.48184095907667723,0.7446001879046368,0.5544294398276204,0.6090247757432932,0.6257162412688347,0.6271130084653924,0.4614938406735023
HLM,FCNN,1.0,2468,10,systematic_bias,10.0,base,-0.43884744201188686,0.7337189207942999,0.5383434547315521,0.6022021676757435,0.5848926213712925,0.586796658816548,0.44662553693626367
HLM,FCNN,1.0,2468,11,systematic_bias,10.0,base,-0.26943189225192876,0.6891710830441304,0.4749567817042197,0.5415203054110209,0.5936125065175125,0.5934419436939328,0.49446328207718865
HLM,FCNN,1.0,2468,12,systematic_bias,10.0,base,-0.5313880298706373,0.7569461216353639,0.5729674310588192,0.609911405028871,0.6345600599279337,0.6378779077155784,0.4781078041148222
HLM,FCNN,1.0,2468,13,systematic_bias,10.0,base,-0.8810773823904889,0.8389299032365631,0.7038033825445092,0.6890693151301103,0.6079538220232085,0.6298335031870337,0.41942025709401043
HLM,FCNN,1.0,2468,14,systematic_bias,10.0,base,-0.2857886346215033,0.6935968871794475,0.4810766419050192,0.557511552113993,0.5968777322444083,0.5809162479536365,0.48613057589290987
HLM,FCNN,1.0,2468,5,gross_errors,0.01,base,0.5043677189227596,0.4306278727087835,0.18544036475369224,0.3194330962538611,0.7274164161632786,0.7415560134898833,0.7220007358186157
HLM,FCNN,1.0,2468,6,gross_errors,0.01,base,0.5166996573797102,0.42523685312597026,0.180826381256478,0.31979551252505845,0.7274320671835894,0.7431690592838429,0.7142233001807421
HLM,FCNN,1.0,2468,7,gross_errors,0.01,base,0.4912134638878417,0.4363049589984257,0.19036201724661792,0.33133443597194834,0.7282786382364134,0.737867285086716,0.71953991774986
HLM,FCNN,1.0,2468,8,gross_errors,0.01,base,0.49911143275692516,0.4329053007486001,0.1874069994162359,0.3258340943250193,0.7249574850873212,0.7373045366983321,0.7198059437698934
HLM,FCNN,1.0,2468,9,gross_errors,0.01,base,0.5182257240252874,0.4245649594779186,0.18025540481648666,0.3218636078171591,0.7347415869895741,0.7480682533259284,0.7272913099409815
HLM,FCNN,1.0,2468,10,gross_errors,0.01,base,0.5152589683077664,0.4258701841586994,0.18136541375536458,0.32426195704425576,0.7339100484520288,0.7444100417274123,0.7269074070413986
HLM,FCNN,1.0,2468,11,gross_errors,0.01,base,0.4903815773269511,0.4366615014432682,0.19067326684268934,0.3251013509069585,0.7129086825822609,0.7295606468535016,0.6988675156290107
HLM,FCNN,1.0,2468,12,gross_errors,0.01,base,0.5233685033502726,0.4222928351685058,0.1783312386346548,0.31656544383457025,0.7349505865226723,0.7405170281264698,0.7260955911081362
HLM,FCNN,1.0,2468,13,gross_errors,0.01,base,0.5376593680942787,0.415913842830942,0.17298432465840155,0.31564574535453205,0.7428820646664549,0.7524759905544386,0.7317370484253206
HLM,FCNN,1.0,2468,14,gross_errors,0.01,base,0.5199279107263359,0.4238142673610537,0.1796185332187867,0.31916939830761515,0.7364804430126958,0.7435879133540859,0.7311114762240578
HLM,FCNN,1.0,2468,5,gross_errors,0.05,base,0.4537920609197973,0.4520654830315939,0.20436320094858829,0.34095670564231134,0.6950901120023641,0.7084956190308765,0.6879498949217352
HLM,FCNN,1.0,2468,6,gross_errors,0.05,base,0.41765588970937173,0.46677994426032804,0.21788351636367495,0.3553898348633356,0.6645588948832895,0.6769496499255242,0.6513505876287199
HLM,FCNN,1.0,2468,7,gross_errors,0.05,base,0.42801373919118435,0.46261013440194,0.21400813645138098,0.35082232174158556,0.6794405060112582,0.690503276078939,0.6711812453265008
HLM,FCNN,1.0,2468,8,gross_errors,0.05,base,0.4270460602701972,0.4630012879407708,0.21437019263481255,0.3470049317076476,0.6761006382597606,0.68709323525995,0.6652829184328424
HLM,FCNN,1.0,2468,9,gross_errors,0.05,base,0.49764843205284504,0.4335370569996114,0.18795437979188434,0.3263010100898187,0.7131633578623592,0.7216914247233509,0.6964385117646661
HLM,FCNN,1.0,2468,10,gross_errors,0.05,base,0.4508442854730247,0.45328369531290386,0.20546610843652147,0.34132014311909603,0.6930812650441434,0.7021134419705104,0.6853454990171058
HLM,FCNN,1.0,2468,11,gross_errors,0.05,base,0.4579642117978254,0.45033564650450736,0.2028021945126326,0.3345605340682527,0.7001659367825941,0.705917296111865,0.6940818233186712
HLM,FCNN,1.0,2468,12,gross_errors,0.05,base,0.45883958315712126,0.44997186036351294,0.2024746751190008,0.33785616012573244,0.697406767656474,0.7034766458878052,0.6735264946351947
HLM,FCNN,1.0,2468,13,gross_errors,0.05,base,0.4815467382736155,0.4404302598548666,0.19397881379582532,0.3283672766520182,0.7105710115537114,0.7218527241609095,0.7024796772311417
HLM,FCNN,1.0,2468,14,gross_errors,0.05,base,0.46082653222267356,0.4491450321922881,0.2017312599430115,0.3392444532481505,0.7120269136115898,0.7200612823202143,0.7054706016255289
HLM,FCNN,1.0,2468,5,gross_errors,0.1,base,0.34320211876085316,0.4957220256179404,0.24574032668275395,0.36827073807255895,0.6410203977394022,0.6663678000848724,0.6119318623594161
HLM,FCNN,1.0,2468,6,gross_errors,0.1,base,0.3387841647768307,0.49738646958482147,0.2473933001260525,0.38114279115310223,0.6193736491082492,0.6366216025967165,0.6043750038225173
HLM,FCNN,1.0,2468,7,gross_errors,0.1,base,0.33569954774913835,0.4985452905868808,0.24854740676635742,0.38178117638216974,0.617266472169115,0.622416377105571,0.6042558370295245
HLM,FCNN,1.0,2468,8,gross_errors,0.1,base,0.3362566717163138,0.4983361910833677,0.24833895934347874,0.37327790561380975,0.6537142625982288,0.6714086003274795,0.6475168088044002
HLM,FCNN,1.0,2468,9,gross_errors,0.1,base,0.4278784473983125,0.4626648417072252,0.21405875575197175,0.3487745461317019,0.67662089939211,0.6853785610508376,0.6654105254975069
HLM,FCNN,1.0,2468,10,gross_errors,0.1,base,0.3973462713042186,0.4748498094330826,0.22548234151863486,0.36574861822816546,0.6515124891035451,0.6620140264393133,0.638216039655385
HLM,FCNN,1.0,2468,11,gross_errors,0.1,base,0.3703637300492789,0.4853636107662499,0.23557783465605175,0.3626833278978033,0.6509569226726228,0.6646686028061729,0.6367207078988366
HLM,FCNN,1.0,2468,12,gross_errors,0.1,base,0.3560353667388988,0.4908551504126495,0.24093877868662478,0.3707424264030024,0.6318183651556551,0.6403123877348225,0.6218961550497343
HLM,FCNN,1.0,2468,13,gross_errors,0.1,base,0.4264186226829958,0.4632547332022939,0.21460494783432849,0.35034816068875824,0.68033887223001,0.6858369558502749,0.6738945877270534
HLM,FCNN,1.0,2468,14,gross_errors,0.1,base,0.38625912677031005,0.4791978573697878,0.2296305865077955,0.3597528256511009,0.6640754509399447,0.6743927684682476,0.6592846712648367
HLM,FCNN,1.0,2468,5,gross_errors,0.2,base,0.12773227106114793,0.5712776673139862,0.3263581731717095,0.4221008156932905,0.5654050783808104,0.5931282659066116,0.5589408880926122
HLM,FCNN,1.0,2468,6,gross_errors,0.2,base,0.28289357112199554,0.5179813844483834,0.2683047146350639,0.39729758971828166,0.5965277992676741,0.6011019701716425,0.5871223513600992
HLM,FCNN,1.0,2468,7,gross_errors,0.2,base,0.175805545765104,0.5553121657229662,0.3083716013999311,0.4273034767439821,0.5369059475462507,0.5498757728778152,0.5246151768664895
HLM,FCNN,1.0,2468,8,gross_errors,0.2,base,0.2561965628404471,0.5275351892258761,0.2782933758715808,0.3973576467370709,0.629814106461291,0.6335302528564615,0.6242738545598903
HLM,FCNN,1.0,2468,9,gross_errors,0.2,base,0.3081741219692774,0.5087691221490886,0.25884601965235426,0.38930269488023556,0.5961079235161516,0.6171384096153582,0.5832502864547489
HLM,FCNN,1.0,2468,10,gross_errors,0.2,base,0.23835172084630252,0.5338258210185971,0.28497000718617926,0.4140327779209853,0.5602218830378498,0.5645067939196216,0.5496410743409837
HLM,FCNN,1.0,2468,11,gross_errors,0.2,base,0.1717063965510881,0.5566913815841323,0.30990529433005004,0.4202249361343538,0.5478359718396705,0.5540145920131054,0.5419841738559622
HLM,FCNN,1.0,2468,12,gross_errors,0.2,base,0.16404865130290647,0.5592588244385015,0.3127704327123346,0.4291183920851525,0.5498548824490402,0.5559259157915335,0.5371017354924915
HLM,FCNN,1.0,2468,13,gross_errors,0.2,base,0.23910920254810641,0.5335603022153153,0.28468659610009855,0.4081397336705958,0.5576283449200512,0.5781583206561131,0.5471311809127585
HLM,FCNN,1.0,2468,14,gross_errors,0.2,base,0.27780774951303633,0.519814938357419,0.27020757013952734,0.39861132110594466,0.6158213232657007,0.6103069645168445,0.6107101902601771
SOL,RF,1.0,1737,5,gaussian,2.0,base,0.3144411532727357,0.5589291328736842,0.31240177557492854,0.3943991802860566,0.56611026256528,0.45873736930751585,0.44654677622916383
SOL,RF,1.0,1737,6,gaussian,2.0,base,0.31747298400855994,0.5576918530821481,0.3110202029942002,0.39226485979856224,0.5701787294633399,0.4716689745246304,0.44665860290460835
SOL,RF,1.0,1737,7,gaussian,2.0,base,0.31397047525955946,0.5591209694433248,0.31261625847124336,0.39325209469820466,0.5652288261449786,0.4534628955220802,0.4481459263803697
SOL,RF,1.0,1737,8,gaussian,2.0,base,0.3029317684156435,0.5636013468523923,0.31764647817383057,0.39356155567858087,0.5570111642515071,0.4543088931554605,0.4299280203079277
SOL,RF,1.0,1737,9,gaussian,2.0,base,0.30162204018065364,0.5641305763833282,0.3182433072105861,0.3965543839530637,0.5552717579043349,0.4549341703999148,0.4294753272609871
SOL,RF,1.0,1737,10,gaussian,2.0,base,0.3007448765054871,0.5644847395995979,0.3186430212408259,0.39899547285635484,0.5546576367619426,0.45683245321643123,0.4283881737944624
SOL,RF,1.0,1737,11,gaussian,2.0,base,0.32325859721440786,0.5553231144386875,0.30838376142988366,0.38565650642436833,0.5743623502955947,0.46703821994481104,0.45595857281956553
SOL,RF,1.0,1737,12,gaussian,2.0,base,0.3057620745071242,0.5624559877900945,0.31635673820093096,0.39672390142882513,0.5587253304343298,0.46378062609371973,0.4366120689225129
SOL,RF,1.0,1737,13,gaussian,2.0,base,0.3119387795252073,0.5599482836066781,0.3135420803140649,0.393094236751004,0.5644911939636827,0.4723863157886401,0.4419755551883917
SOL,RF,1.0,1737,14,gaussian,2.0,base,0.3034895622810181,0.5633758048788111,0.3173922975228483,0.40593623805083806,0.5579435209325996,0.44280985656567856,0.43446774970347424
SOL,RF,1.0,1737,5,gaussian,3.0,base,0.310782990999276,0.5604183800385182,0.31406876068499695,0.39838678347818546,0.5607451521408195,0.4334755271720447,0.4489100025196805
SOL,RF,1.0,1737,6,gaussian,3.0,base,0.3201183262665265,0.5566100511544625,0.30981474904617334,0.3917607581957523,0.5729638095633536,0.4734911569164313,0.4485446751062173
SOL,RF,1.0,1737,7,gaussian,3.0,base,0.3060512474950765,0.5623388348565657,0.31622496518783977,0.3983542525479157,0.5562086544081998,0.4323093829243436,0.44571426639194683
SOL,RF,1.0,1737,8,gaussian,3.0,base,0.2921434488454222,0.5679459473358116,0.32256259909517243,0.39983786517629644,0.5466873930789226,0.426684147411196,0.41968305331863404
SOL,RF,1.0,1737,9,gaussian,3.0,base,0.27811993621585807,0.5735442115614626,0.32895296261565976,0.4047533757473545,0.5305239761166897,0.43576954677570756,0.4100868287410756
SOL,RF,1.0,1737,10,gaussian,3.0,base,0.2904231554454396,0.5686356638933147,0.32334651825139066,0.4079398203489033,0.5431394268103708,0.4439975771790078,0.4228183213193613
SOL,RF,1.0,1737,11,gaussian,3.0,base,0.31725911019346886,0.5577792242330334,0.3111176629860045,0.38854026159925253,0.5677732625994552,0.4506355169072641,0.4544184268462036
SOL,RF,1.0,1737,12,gaussian,3.0,base,0.29187001695912695,0.5680556302493096,0.32268719905794035,0.4021987604088133,0.5438353961118849,0.4447953924553603,0.4282838503160731
SOL,RF,1.0,1737,13,gaussian,3.0,base,0.31937255693415756,0.5569152431842186,0.3101545880909374,0.3914520080482816,0.5701246642735968,0.4802347916790149,0.45330788838819647
SOL,RF,1.0,1737,14,gaussian,3.0,base,0.2832707566691175,0.5714943475355804,0.3266057892651187,0.4171629153610922,0.5368055694545814,0.41683388046379116,0.42368343873813835
SOL,RF,1.0,1737,5,gaussian,5.0,base,0.28625800657891554,0.5703021406992903,0.32524453168619316,0.4114325978802898,0.5356531099835241,0.4072072496303973,0.4360454131250425
SOL,RF,1.0,1737,6,gaussian,5.0,base,0.30559494804891674,0.5625236847690751,0.3164328959261778,0.4016343182328308,0.5572062145097071,0.4595257813704695,0.4389492814941965
SOL,RF,1.0,1737,7,gaussian,5.0,base,0.2977555743690167,0.5656900334965442,0.32000521399732135,0.4036280113910091,0.5466431805341665,0.418292763510015,0.4484992291610637
SOL,RF,1.0,1737,8,gaussian,5.0,base,0.2626875478098466,0.579642420496166,0.33598533563865407,0.4089149726744514,0.5166768452556313,0.39512958739751924,0.39610686257082806
SOL,RF,1.0,1737,9,gaussian,5.0,base,0.2510257655107674,0.5842084252293029,0.34129948410890204,0.41041957644074306,0.5017694125625979,0.42023106465332144,0.3944890984109351
SOL,RF,1.0,1737,10,gaussian,5.0,base,0.2838610514638923,0.5712589590465912,0.326336798290995,0.4109316532788487,0.5354391570271251,0.45398269641158867,0.4206632163878726
SOL,RF,1.0,1737,11,gaussian,5.0,base,0.3102418798845722,0.5606383318917394,0.3143153391863521,0.3923200427049029,0.5602012062315944,0.44445578337609787,0.4591619302844689
SOL,RF,1.0,1737,12,gaussian,5.0,base,0.2748166413944797,0.574854971669875,0.3304582384535728,0.41280887014109585,0.5263057912039465,0.41966687184939566,0.4185140427096276
SOL,RF,1.0,1737,13,gaussian,5.0,base,0.28924906360572145,0.569105912150885,0.3238815392450909,0.39941390916347386,0.5382985783203686,0.4426223025495931,0.4396956489696354
SOL,RF,1.0,1737,14,gaussian,5.0,base,0.25357107781162747,0.5832148941290206,0.34013961273392473,0.42981437799025146,0.5075574929806953,0.40820967591458185,0.40672978589873166
SOL,RF,1.0,1737,5,gaussian,10.0,base,0.23504962285484332,0.590406334723359,0.348579640081471,0.4285577267646277,0.49007540233152136,0.37730517680858083,0.4175720673798237
SOL,RF,1.0,1737,6,gaussian,10.0,base,0.2732395784189916,0.575479703420971,0.33117688904948867,0.4119729845302906,0.5232504443750171,0.4286215738369771,0.4185366240520466
SOL,RF,1.0,1737,7,gaussian,10.0,base,0.2732730607981597,0.5754664468848456,0.3311616314902689,0.41975965975684515,0.5250489868397429,0.38433287608755967,0.4483221302743724
SOL,RF,1.0,1737,8,gaussian,10.0,base,0.21852617806853758,0.5967488548246201,0.3561091957344955,0.4260290676020337,0.472050921445748,0.3375873154884884,0.36377164916197996
SOL,RF,1.0,1737,9,gaussian,10.0,base,0.21105757521174828,0.5995936603557085,0.35951255753875677,0.42475609959084687,0.46163755920005856,0.3855501184173734,0.368354803705111
SOL,RF,1.0,1737,10,gaussian,10.0,base,0.25697119540229696,0.5818850537725415,0.3385902158038735,0.42613520881470557,0.5077815532634409,0.431423221177919,0.40982919238004895
SOL,RF,1.0,1737,11,gaussian,10.0,base,0.27428539220134107,0.5750654945165726,0.3307003229835902,0.40377174400169463,0.528582755195704,0.4329963277543433,0.44871547210704765
SOL,RF,1.0,1737,12,gaussian,10.0,base,0.23043556196836323,0.5921842769646396,0.35068221788413295,0.4280407727674639,0.48373508763248696,0.37506021427947117,0.396329359825022
SOL,RF,1.0,1737,13,gaussian,10.0,base,0.25962688646142207,0.580844252806832,0.33738004601872706,0.4095450905110986,0.51120183559276,0.4222244001076053,0.43202711646812736
SOL,RF,1.0,1737,14,gaussian,10.0,base,0.20753561050286407,0.6009305108637504,0.361117478886968,0.44876352412961296,0.46917241518022074,0.3658613932091575,0.3896346630963932
SOL,RF,1.0,1737,5,systematic_bias,2.0,base,0.2744344546340569,0.5750064319988214,0.33063239684001516,0.3709067874074146,0.5709829366360339,0.4775321332047049,0.4294216355548482
SOL,RF,1.0,1737,6,systematic_bias,2.0,base,0.2566207908819633,0.5820222430166613,0.3387498913661455,0.3809001822499732,0.5536040257551345,0.4591081037520593,0.4203315061976128
SOL,RF,1.0,1737,7,systematic_bias,2.0,base,0.26558435687616444,0.5785026283233958,0.3346652909770771,0.3767171642866332,0.5647146927512174,0.46994949854894474,0.4254473600135438
SOL,RF,1.0,1737,8,systematic_bias,2.0,base,0.2803167941927651,0.5726708287659574,0.3279518781194885,0.3716587499446628,0.5747286656442049,0.4819385227392422,0.434579169506271
SOL,RF,1.0,1737,9,systematic_bias,2.0,base,0.2748853257250642,0.5748277478902685,0.3304269397445981,0.37213271012703003,0.5769782787639536,0.48829932279818,0.4316415561900339
SOL,RF,1.0,1737,10,systematic_bias,2.0,base,0.2679914116148281,0.5775538261345555,0.33356842208266435,0.3745712429198787,0.5669757234981372,0.4691564942189823,0.42690740489560347
SOL,RF,1.0,1737,11,systematic_bias,2.0,base,0.2628167217965761,0.5795916428361451,0.3359264724455015,0.37536899529883455,0.5629347798705314,0.47689103815166517,0.41856689423153187
SOL,RF,1.0,1737,12,systematic_bias,2.0,base,0.26833693103382794,0.5774175028594171,0.33341097260840485,0.37770436135079505,0.5651540806951157,0.4685738594538945,0.4278567387156267
SOL,RF,1.0,1737,13,systematic_bias,2.0,base,0.2715955263587584,0.5761302507672431,0.33192606584912643,0.37747582683452086,0.5684727831308918,0.46456604953846153,0.4348589630685817
SOL,RF,1.0,1737,14,systematic_bias,2.0,base,0.2697154838338325,0.5768732798105288,0.33278278095935665,0.37302213449262955,0.5684872053174017,0.4801116751873056,0.4291510614584929
SOL,RF,1.0,1737,5,systematic_bias,3.0,base,0.21580598819713326,0.5977865479692966,0.3573487569330482,0.39014204085628273,0.574228598478133,0.47043416495118034,0.4159334739374838
SOL,RF,1.0,1737,6,systematic_bias,3.0,base,0.169016868042273,0.6153617265991368,0.3786700545630708,0.40735308052356195,0.5413190648221624,0.43842577232804064,0.3908109195061651
SOL,RF,1.0,1737,7,systematic_bias,3.0,base,0.18744951856705028,0.6084985574656742,0.3702704944378064,0.40023518044182577,0.565511196960566,0.4653772042570774,0.40117098021762504
SOL,RF,1.0,1737,8,systematic_bias,3.0,base,0.19461798141380127,0.6058084707235181,0.36700390320036763,0.3917589415557306,0.5594135853645004,0.4639711687280172,0.39710804325463067
SOL,RF,1.0,1737,9,systematic_bias,3.0,base,0.19694493864420592,0.6049326688789032,0.36594353387695266,0.3904658549604767,0.5784637115139316,0.4919181020941618,0.40556543259783856
SOL,RF,1.0,1737,10,systematic_bias,3.0,base,0.17243989151147698,0.6140930057174688,0.37711021967111524,0.3987831768030642,0.5466279589848321,0.44439345975240846,0.3875775674469296
SOL,RF,1.0,1737,11,systematic_bias,3.0,base,0.17794278843779365,0.6120478811886134,0.37460260886747104,0.3969512720832523,0.5526958668841805,0.47262700889439757,0.38666499297060836
SOL,RF,1.0,1737,12,systematic_bias,3.0,base,0.19318138943463548,0.6063485323455895,0.36765854267765036,0.40033758223761945,0.5652658644869664,0.4628072841672569,0.40457090642702365
SOL,RF,1.0,1737,13,systematic_bias,3.0,base,0.19873381810231783,0.6042585214901467,0.36512836079345806,0.4008834822286733,0.5665027121914805,0.4577800638690198,0.4138041669056814
SOL,RF,1.0,1737,14,systematic_bias,3.0,base,0.17995121177963191,0.6112997562595808,0.3736873920030229,0.3955871048525649,0.5580728619438983,0.4724588444501267,0.39103164527250484
SOL,RF,1.0,1737,5,systematic_bias,5.0,base,0.08585767244413689,0.6454183166549996,0.41656480347377334,0.43895849900917483,0.5702757775367905,0.4699730430290052,0.37891264112661505
SOL,RF,1.0,1737,6,systematic_bias,5.0,base,0.014789817714824904,0.6700370577102314,0.44894965870498393,0.45931895158219754,0.5374384748920208,0.44085479000313393,0.351594541553103
SOL,RF,1.0,1737,7,systematic_bias,5.0,base,0.02578131068041234,0.666288941719542,0.44394095385774723,0.45889419411246685,0.5541972053183644,0.45500152364937574,0.3529613439437997
SOL,RF,1.0,1737,8,systematic_bias,5.0,base,0.06952926289434846,0.6511570345716572,0.4240054836721544,0.4415909814729045,0.5629437443800934,0.4681437171107464,0.366460001533267
SOL,RF,1.0,1737,9,systematic_bias,5.0,base,0.05164150146960966,0.6573862971715158,0.43215674370887636,0.44325736846034497,0.5807465780481627,0.4877736175653747,0.37041118597292433
SOL,RF,1.0,1737,10,systematic_bias,5.0,base,0.031646704130244174,0.664280179815974,0.4412681572963428,0.44853564176825766,0.5452411775293987,0.43636901985316057,0.35409791495644477
SOL,RF,1.0,1737,11,systematic_bias,5.0,base,0.026764172495565397,0.6659527568263586,0.44349307432462703,0.44822957161408294,0.5486812675176902,0.47099857643448756,0.3442614773626621
SOL,RF,1.0,1737,12,systematic_bias,5.0,base,0.042343499795338135,0.6606010466475706,0.43639374283186577,0.45768729638950306,0.5567265103244528,0.4505645190014471,0.36383164054787215
SOL,RF,1.0,1737,13,systematic_bias,5.0,base,0.05429191556251867,0.6564670430267956,0.43094897858034464,0.45775483182636556,0.5681682748184049,0.45295206048720776,0.38052882037214375
SOL,RF,1.0,1737,14,systematic_bias,5.0,base,0.030568536111565514,0.6646498828999609,0.44175946683893164,0.4490952248134669,0.5517437271592338,0.46392189297408254,0.35304635040052207
SOL,RF,1.0,1737,5,systematic_bias,10.0,base,-0.1781474176318414,0.7327135025595343,0.5368690768330606,0.5331829213609195,0.5638277379276412,0.4643989055979703,0.3195504557381964
SOL,RF,1.0,1737,6,systematic_bias,10.0,base,-0.28792354276334153,0.7660893378582523,0.5868928735800953,0.5591554885885057,0.522456896173942,0.42677417042319193,0.2899587492814096
SOL,RF,1.0,1737,7,systematic_bias,10.0,base,-0.27026289035444817,0.7608187068372303,0.5788451046734754,0.5632802833701149,0.5486278863535616,0.44088963291789834,0.2951332706585066
SOL,RF,1.0,1737,8,systematic_bias,10.0,base,-0.21220898149225098,0.7432298192840825,0.55239056427305,0.5390587007356322,0.5483507793657063,0.4558219357951361,0.2989572554241553
SOL,RF,1.0,1737,9,systematic_bias,10.0,base,-0.24518349939410466,0.7532706662209538,0.5674166965889597,0.5447540036091955,0.5654589467404765,0.4818138754918632,0.3041003702060241
SOL,RF,1.0,1737,10,systematic_bias,10.0,base,-0.2592021099299415,0.7574990602490435,0.573804826278184,0.5538763559494253,0.5392686455461078,0.4274298441016562,0.29683214106487116
SOL,RF,1.0,1737,11,systematic_bias,10.0,base,-0.26883451118500323,0.7603908256186694,0.5781942076850417,0.5499521240597701,0.5375293540274975,0.46046879975604954,0.283617446065933
SOL,RF,1.0,1737,12,systematic_bias,10.0,base,-0.22751007694202974,0.7479058152677603,0.5593631085113332,0.5514476701103448,0.5590247700125736,0.4427757425821853,0.31359765468759626
SOL,RF,1.0,1737,13,systematic_bias,10.0,base,-0.2304079461707964,0.7487881117362299,0.5606836362775088,0.5571346823586206,0.5673018490846627,0.44798884035458403,0.32583862533935026
SOL,RF,1.0,1737,14,systematic_bias,10.0,base,-0.28742117620169094,0.765939913148459,0.5866639505538689,0.558779865921839,0.5344858450332477,0.4495903023574589,0.2837406959258982
SOL,RF,1.0,1737,5,gross_errors,0.01,base,0.3104675372675121,0.560546616749861,0.31421250954971547,0.39500126405759534,0.5647194206247609,0.47746179133703204,0.4369887631168619
SOL,RF,1.0,1737,6,gross_errors,0.01,base,0.30347340749615603,0.5633823382784983,0.3173996590841483,0.4007632178914231,0.5572163786399185,0.46508329916852065,0.43398576460634497
SOL,RF,1.0,1737,7,gross_errors,0.01,base,0.3112349411632429,0.5602346043111451,0.3138628118676654,0.39936572351966043,0.5651054501432904,0.4718922461730058,0.44020441993008735
SOL,RF,1.0,1737,8,gross_errors,0.01,base,0.31996322444794145,0.5566735374281586,0.30988542727277946,0.39465765746194664,0.573061218162282,0.4785213658328804,0.4488669407952841
SOL,RF,1.0,1737,9,gross_errors,0.01,base,0.31612045058797245,0.5582441561651658,0.311636537892558,0.3942184836188782,0.5696639779625157,0.479410516197517,0.4446331956566758
SOL,RF,1.0,1737,10,gross_errors,0.01,base,0.31355451637398757,0.5592904490969118,0.31280580645102535,0.39676849445644924,0.5665057318260984,0.4809766979268647,0.4433573336563282
SOL,RF,1.0,1737,11,gross_errors,0.01,base,0.3086274932181783,0.5612940386159774,0.3150509977858343,0.396386211337747,0.5611436266377684,0.47528600438556134,0.43999041495859165
SOL,RF,1.0,1737,12,gross_errors,0.01,base,0.30441852943269987,0.5629999797574099,0.3169689772068439,0.3991918058013749,0.5577996309445823,0.4653578146852629,0.4348358603054449
SOL,RF,1.0,1737,13,gross_errors,0.01,base,0.31162480826500316,0.560076024868478,0.3136851536324759,0.396639143429532,0.564062090959779,0.4718394715489693,0.4439496599542328
SOL,RF,1.0,1737,14,gross_errors,0.01,base,0.31738928917820763,0.5577260454973335,0.31105834182609376,0.39426303408652247,0.5712267224182074,0.4810802061673783,0.44553729186018043
SOL,RF,1.0,1737,5,gross_errors,0.05,base,0.2933174774052604,0.5674747632603863,0.3220276069374314,0.4120115556381067,0.5498769769203,0.4669221740864325,0.42302979630088355
SOL,RF,1.0,1737,6,gross_errors,0.05,base,0.27310022247568566,0.575534874747381,0.3312403920504835,0.42242665603259066,0.5325534282442599,0.4559217264861664,0.4042222316977852
SOL,RF,1.0,1737,7,gross_errors,0.05,base,0.3045352659722821,0.5629527348048596,0.3169157816242706,0.4147066161572139,0.5666492707622981,0.4860852669549702,0.4276810548827808
SOL,RF,1.0,1737,8,gross_errors,0.05,base,0.2954209063342733,0.5666295942246088,0.3210690970511448,0.41611728745923254,0.5551439206074863,0.4714553976621624,0.42609127792630247
SOL,RF,1.0,1737,9,gross_errors,0.05,base,0.2913233318874191,0.5682748609180337,0.32293631755141056,0.4159567787942029,0.5505848947889017,0.4701667929608961,0.4228383191720562
SOL,RF,1.0,1737,10,gross_errors,0.05,base,0.299353034525048,0.5650462535280895,0.31927726862613,0.4133749794461045,0.5574647841450231,0.486264729833945,0.4297619472475369
SOL,RF,1.0,1737,11,gross_errors,0.05,base,0.2895504294510748,0.5689852459232408,0.3237442100783309,0.41865861210321575,0.549982739751265,0.46564566964426846,0.41560767252708464
SOL,RF,1.0,1737,12,gross_errors,0.05,base,0.2909609254421951,0.5684201458969101,0.3231014622614646,0.41671743778229714,0.549836390162945,0.44997167919856224,0.4236444100000216
SOL,RF,1.0,1737,13,gross_errors,0.05,base,0.29403431309971717,0.5671868762934626,0.32170095263953574,0.4148157786482079,0.5542477944774037,0.4693931053096209,0.4179327211430904
SOL,RF,1.0,1737,14,gross_errors,0.05,base,0.28943358921992535,0.5690320315342833,0.32379745291203355,0.4158560444374314,0.5497289598632441,0.4618002656160637,0.4144242920055391
SOL,RF,1.0,1737,5,gross_errors,0.1,base,0.2702927042940003,0.5766452530096484,0.3325197478185614,0.43390990978827837,0.5352747583721805,0.4555849602388618,0.40220343783511114
SOL,RF,1.0,1737,6,gross_errors,0.1,base,0.2305110020265645,0.592155250473147,0.35064784066291543,0.45230946328965793,0.5024004879326168,0.43508238326632653,0.367632317992164
SOL,RF,1.0,1737,7,gross_errors,0.1,base,0.27416498872851214,0.5751131971604473,0.33075518954811156,0.439324102974299,0.5505159753538051,0.49550203847537927,0.4043223257912397
SOL,RF,1.0,1737,8,gross_errors,0.1,base,0.2579890878561272,0.5814863482373139,0.33812637318636674,0.4435796257202307,0.5304918894087812,0.44300892769584926,0.39626925734669594
SOL,RF,1.0,1737,9,gross_errors,0.1,base,0.26693128891934625,0.5779718925397805,0.33405150856601556,0.43781184589875444,0.5381394488380191,0.4682034165818595,0.4060129543783904
SOL,RF,1.0,1737,10,gross_errors,0.1,base,0.2697858649587357,0.5768454810774751,0.33275070903950366,0.44168097468612394,0.5419196607813631,0.4429506860872786,0.4057635158052765
SOL,RF,1.0,1737,11,gross_errors,0.1,base,0.26957690031538084,0.5769280128184734,0.33284593197467266,0.4397172715526178,0.5434757051595805,0.47830290513089513,0.3975498082450675
SOL,RF,1.0,1737,12,gross_errors,0.1,base,0.2699967116487555,0.576762194041842,0.33265462847595945,0.4382670480219643,0.5435123595758942,0.4406616961093872,0.3982645049048005
SOL,RF,1.0,1737,13,gross_errors,0.1,base,0.27482518620315743,0.5748515849124697,0.3304543446763783,0.44062185580244245,0.5498082093830778,0.45983652477139153,0.4025604204432118
SOL,RF,1.0,1737,14,gross_errors,0.1,base,0.2802426259590335,0.5727003368115008,0.32798567578400645,0.4283207030364053,0.5511648106058196,0.48230466491677704,0.3993142279205718
SOL,RF,1.0,1737,5,gross_errors,0.2,base,0.20226398985202654,0.6029259486746458,0.3635196995852216,0.4732217865430785,0.4864816069590026,0.4277623825475876,0.3540181535042177
SOL,RF,1.0,1737,6,gross_errors,0.2,base,0.1837355754320672,0.6098876111916918,0.37196289828510826,0.4883668972576604,0.48545153160881593,0.40602798461981426,0.34474256125695035
SOL,RF,1.0,1737,7,gross_errors,0.2,base,0.22663823432503516,0.593643511842701,0.35241261915293515,0.4818046183761491,0.5411074410503848,0.45800537652495465,0.36130381346399354
SOL,RF,1.0,1737,8,gross_errors,0.2,base,0.19015390465806492,0.6074850902298753,0.36903813485159975,0.49749585105960065,0.5082352961891369,0.43381899958704445,0.34462953841117205
SOL,RF,1.0,1737,9,gross_errors,0.2,base,0.2107107659956573,0.5997254328104201,0.3596705947596457,0.48386843693711823,0.5196424796710655,0.4511638462926459,0.36571076441483463
SOL,RF,1.0,1737,10,gross_errors,0.2,base,0.1877836885467371,0.60837341886434,0.37011821678068574,0.5022795305739147,0.5168096705686097,0.4579536952978249,0.3611032858995779
SOL,RF,1.0,1737,11,gross_errors,0.2,base,0.19959122962730558,0.6039351352629773,0.3647376476051106,0.4939291151051316,0.5176576418076262,0.47144329740306007,0.34549737462329577
SOL,RF,1.0,1737,12,gross_errors,0.2,base,0.20226501051045753,0.6029255629695743,0.36351923448217816,0.48419880391841447,0.5110454258517596,0.4130217157015541,0.35234817718686434
SOL,RF,1.0,1737,13,gross_errors,0.2,base,0.201221343323163,0.6033198342238154,0.36399482236785213,0.4909749423673344,0.513132409033011,0.41538498377598315,0.35746339256620985
SOL,RF,1.0,1737,14,gross_errors,0.2,base,0.1940664321397767,0.6060158729426098,0.36725523825839346,0.4785667578920388,0.49003906113384926,0.44460900472930875,0.33684715786904956
SOL,LightGBM,1.0,1737,5,gaussian,2.0,base,0.2863947237113246,0.5702475174543732,0.3251822311628756,0.40899128481625113,0.5450817610009215,0.4586356105020532,0.4976927744132152
SOL,LightGBM,1.0,1737,6,gaussian,2.0,base,0.26541997824356045,0.5785673656090707,0.3347401965478201,0.41728307196358955,0.5220287012748914,0.4457392855584657,0.46279007260650995
SOL,LightGBM,1.0,1737,7,gaussian,2.0,base,0.3199064383982968,0.5566967792824052,0.309911304063403,0.4002705213517283,0.5690691138246265,0.4468505412814437,0.5136170144394104
SOL,LightGBM,1.0,1737,8,gaussian,2.0,base,0.3116126554372902,0.5600809687402772,0.31369069154504736,0.40070103936112267,0.5629596626105319,0.4640872874795228,0.5091759210987364
SOL,LightGBM,1.0,1737,9,gaussian,2.0,base,0.26220862658288413,0.5798306432732085,0.33620357487862285,0.41032285543470887,0.5225208754773322,0.4634152857405832,0.4700579278708729
SOL,LightGBM,1.0,1737,10,gaussian,2.0,base,0.3226887339354959,0.5555568755604569,0.30864344198249694,0.3995532555513403,0.5698420708400794,0.518840085199841,0.5080440015169927
SOL,LightGBM,1.0,1737,11,gaussian,2.0,base,0.3054764885052984,0.5625716635799523,0.31648687666311504,0.39856037783372783,0.5630985097941995,0.47984474055578397,0.5202986442561455
SOL,LightGBM,1.0,1737,12,gaussian,2.0,base,0.2596452498626489,0.5808370494508424,0.3373716780147603,0.40919779311081106,0.5245867688384502,0.44032398225143,0.47919217951810306
SOL,LightGBM,1.0,1737,13,gaussian,2.0,base,0.2954422850677694,0.5666209976631387,0.3210593549927706,0.3993291336854485,0.5516080543884463,0.46281683316690997,0.5026906084200128
SOL,LightGBM,1.0,1737,14,gaussian,2.0,base,0.2614762847130556,0.5801183458342497,0.3365372951734662,0.41694336754366157,0.5256863079916908,0.436021538316169,0.47760478819962354
SOL,LightGBM,1.0,1737,5,gaussian,3.0,base,0.24101509439887026,0.5880996845871155,0.3458612390114647,0.4196983298891253,0.5193804417518284,0.44888119801681403,0.48391343466434883
SOL,LightGBM,1.0,1737,6,gaussian,3.0,base,0.23424091815904502,0.5907183407452793,0.34894815809285584,0.4246990734648145,0.5112834216679152,0.4237633927005364,0.473811088650082
SOL,LightGBM,1.0,1737,7,gaussian,3.0,base,0.3089075149011298,0.5611803586404048,0.3149233949237734,0.4032201451356468,0.5687143879612875,0.4594928336770103,0.5310884113201307
SOL,LightGBM,1.0,1737,8,gaussian,3.0,base,0.17851275968880997,0.6118356634858202,0.37434287911313385,0.440156205626789,0.4688079216245154,0.3709340259255917,0.43367608948665803
SOL,LightGBM,1.0,1737,9,gaussian,3.0,base,0.1916696728889259,0.6069163168098247,0.36834741561000356,0.4294557491530365,0.47225702328863656,0.4277215623963992,0.4308765430254678
SOL,LightGBM,1.0,1737,10,gaussian,3.0,base,0.22422235531640178,0.5945700204114233,0.3535135091720403,0.42300414309138734,0.499851683302217,0.4416455346461555,0.45899974828971707
SOL,LightGBM,1.0,1737,11,gaussian,3.0,base,0.25600262994328926,0.5822641845774343,0.3390315806416245,0.42097083115790923,0.5333839466739432,0.4463518065056736,0.49954517111982233
SOL,LightGBM,1.0,1737,12,gaussian,3.0,base,0.19880958737996846,0.6042299508883077,0.3650938335504867,0.4350682644686502,0.4979643966385269,0.42677788797267513,0.47165659234533075
SOL,LightGBM,1.0,1737,13,gaussian,3.0,base,0.25411800726162426,0.5830011860021409,0.3398903828799029,0.4224977091062278,0.522141854502198,0.44417222911159254,0.47955231585954045
SOL,LightGBM,1.0,1737,14,gaussian,3.0,base,0.19204521471944025,0.6067753169390485,0.3681762852464827,0.4464071932789498,0.48154982458223333,0.3939651925848692,0.44514687397959624
SOL,LightGBM,1.0,1737,5,gaussian,5.0,base,0.1854590836601605,0.6092433948483794,0.3711775141663784,0.4474466478496607,0.49848669995166534,0.4039632139009507,0.4779432803400528
SOL,LightGBM,1.0,1737,6,gaussian,5.0,base,0.16615274025274618,0.616421289962591,0.37997520671914475,0.449544576563143,0.4643099091811454,0.3941526737078275,0.4333212568270447
SOL,LightGBM,1.0,1737,7,gaussian,5.0,base,0.20214682726977606,0.6029702225739226,0.3635730893108458,0.4515923912067736,0.5107882941350234,0.3729266324486043,0.49054515854137876
SOL,LightGBM,1.0,1737,8,gaussian,5.0,base,0.1273594054477193,0.6305972654287992,0.39765291116627943,0.4691355652728865,0.4433521803418872,0.30270540290106435,0.41567695988964487
SOL,LightGBM,1.0,1737,9,gaussian,5.0,base,0.10647632145592145,0.6380980390228534,0.40716910740481094,0.47263585205077335,0.4343577090050051,0.4049369202930491,0.41166803336331514
SOL,LightGBM,1.0,1737,10,gaussian,5.0,base,0.21294339165290355,0.5988766244537754,0.35865321131714833,0.44769137706239925,0.5000485515820196,0.435623687628336,0.46803512226621313
SOL,LightGBM,1.0,1737,11,gaussian,5.0,base,0.17655836155236093,0.6125630394285322,0.3752334772739215,0.4554563022340016,0.49632461357505925,0.39567883711038504,0.4759349048722018
SOL,LightGBM,1.0,1737,12,gaussian,5.0,base,0.09114499355606442,0.6435490876729332,0.41415542824466467,0.4685148849669305,0.43672895553366997,0.3641417714472176,0.4196099858716411
SOL,LightGBM,1.0,1737,13,gaussian,5.0,base,0.2059473259018384,0.6015324123076521,0.36184124305666315,0.4537427679448132,0.5080622970917295,0.3918886860725389,0.48515028774061664
SOL,LightGBM,1.0,1737,14,gaussian,5.0,base,0.07404386306307675,0.6495754221384189,0.4219482290463051,0.4795927997486522,0.42436833694635,0.29334818506551413,0.40549929906875615
SOL,LightGBM,1.0,1737,5,gaussian,10.0,base,0.019585591061983987,0.6684042762378154,0.4467642764929979,0.5196287793331135,0.4380995525695654,0.3410939851549563,0.4324675312455602
SOL,LightGBM,1.0,1737,6,gaussian,10.0,base,0.019533202213593004,0.6684221342283748,0.44678814952641555,0.5059470711888273,0.42264232174407473,0.3447508146632959,0.4143481838561766
SOL,LightGBM,1.0,1737,7,gaussian,10.0,base,0.006881864569142748,0.672720765027617,0.4525532276993423,0.5121972204334108,0.43183005516048484,0.2989128463900232,0.42600314504461523
SOL,LightGBM,1.0,1737,8,gaussian,10.0,base,-0.12571676239645413,0.7162241216875843,0.5129769924871516,0.5494033603494486,0.3670143887025305,0.30097215012435263,0.36123017357821086
SOL,LightGBM,1.0,1737,9,gaussian,10.0,base,-0.060868758145324664,0.6952887573259268,0.48342645606383156,0.5262098303682909,0.3696341105491489,0.3455527848478944,0.3604334156129219
SOL,LightGBM,1.0,1737,10,gaussian,10.0,base,0.034689707100993505,0.6632356245321905,0.4398814936486048,0.5019358088837395,0.4144078432671322,0.37625449527424143,0.4016123217423435
SOL,LightGBM,1.0,1737,11,gaussian,10.0,base,0.028141904034571397,0.6654812220606694,0.442865256915362,0.4927106651887855,0.45358567046332626,0.3892401142985536,0.4470469890431281
SOL,LightGBM,1.0,1737,12,gaussian,10.0,base,-0.08288435257919446,0.7024661736350277,0.49345872510143696,0.5315390748465831,0.3835251780010513,0.3096550336408953,0.37937388442387016
SOL,LightGBM,1.0,1737,13,gaussian,10.0,base,-0.0003962650846720539,0.6751813037388278,0.4558697929184632,0.5124665336309924,0.4244660388603117,0.35612819262391093,0.41887335053924685
SOL,LightGBM,1.0,1737,14,gaussian,10.0,base,-0.10985904050692064,0.7111615847197845,0.5057507995811552,0.5443441449059401,0.3754677327968805,0.24794517008177963,0.3706188390965182
SOL,LightGBM,1.0,1737,5,systematic_bias,2.0,base,0.3054261364926968,0.5625920560516493,0.31650982153242213,0.3820132493386819,0.5914932676843606,0.5226319856727383,0.5138263887096802
SOL,LightGBM,1.0,1737,6,systematic_bias,2.0,base,0.30509751459543843,0.5627251291600482,0.31665957098819303,0.38652704213350136,0.6006293232352209,0.4879959416030974,0.5186365016691409
SOL,LightGBM,1.0,1737,7,systematic_bias,2.0,base,0.28790825029430567,0.5696424610367905,0.32449253341605144,0.3905318596817457,0.5901964328756911,0.48336460387826097,0.5098840969776791
SOL,LightGBM,1.0,1737,8,systematic_bias,2.0,base,0.26079149199103613,0.5803872395515526,0.33684934783427123,0.39147682766144476,0.5676285468599901,0.4719945881234853,0.4873536830888531
SOL,LightGBM,1.0,1737,9,systematic_bias,2.0,base,0.2988907296852207,0.565232638793638,0.3194879359576193,0.3886731564200412,0.5919277916798636,0.5046620075089367,0.5176889302793559
SOL,LightGBM,1.0,1737,10,systematic_bias,2.0,base,0.2525872209275398,0.5835991310045199,0.3405879457092308,0.39904533515148966,0.5602222498429851,0.4640982214485912,0.4845231437696392
SOL,LightGBM,1.0,1737,11,systematic_bias,2.0,base,0.21005451211114534,0.5999747016165516,0.35996964257987024,0.4061655842747697,0.5275839113522679,0.4479558926611248,0.45876077373240437
SOL,LightGBM,1.0,1737,12,systematic_bias,2.0,base,0.279391485280692,0.5730388568108989,0.328373531415142,0.38828014934994237,0.5822261469485149,0.49479133048593776,0.5004594732334103
SOL,LightGBM,1.0,1737,13,systematic_bias,2.0,base,0.27984839289971897,0.572857158058608,0.328165323538985,0.40077522027034007,0.5764758310923549,0.48070998197472453,0.5034281760750564
SOL,LightGBM,1.0,1737,14,systematic_bias,2.0,base,0.3102960428313357,0.5606163195229268,0.31429065771543235,0.382771245910212,0.6055822917139891,0.496447899692917,0.5221125432476209
SOL,LightGBM,1.0,1737,5,systematic_bias,3.0,base,0.20721710217704725,0.6010512621210152,0.3612626196972654,0.417328383469303,0.5649633124817525,0.4880671581882957,0.4826417689515936
SOL,LightGBM,1.0,1737,6,systematic_bias,3.0,base,0.18029878489316198,0.6111701945303832,0.3735290066823065,0.4206526766328058,0.5612761338417762,0.4730734064048939,0.4713409956140087
SOL,LightGBM,1.0,1737,7,systematic_bias,3.0,base,0.11934727341558671,0.6334855589167449,0.4013039533560606,0.44603419739867306,0.5278129916605362,0.4458382015319705,0.42887027716878556
SOL,LightGBM,1.0,1737,8,systematic_bias,3.0,base,0.198966450640369,0.6041707975844538,0.36502235265383504,0.41488908360680454,0.5662242181267743,0.47615197473577314,0.47016430525907055
SOL,LightGBM,1.0,1737,9,systematic_bias,3.0,base,0.16925146302940575,0.6152748590317648,0.37856315215655806,0.43408351033088344,0.5589998527910699,0.4718597358383093,0.4582652916689148
SOL,LightGBM,1.0,1737,10,systematic_bias,3.0,base,0.16772938774613766,0.6158382461766572,0.37925674545394106,0.42824866031818265,0.5607302945699137,0.4869623170605045,0.4587249239500601
SOL,LightGBM,1.0,1737,11,systematic_bias,3.0,base,0.1752030548302137,0.6130669424588979,0.37585107593590167,0.4251842379555099,0.5561753186938084,0.4485106822516519,0.46300700810695583
SOL,LightGBM,1.0,1737,12,systematic_bias,3.0,base,0.20229952330411438,0.602912520498774,0.3635035073741845,0.4265195754760754,0.5805074813591974,0.4760403024650219,0.48770266979172106
SOL,LightGBM,1.0,1737,13,systematic_bias,3.0,base,0.15782236218166645,0.6194927523368813,0.3837712701979245,0.43965113375443343,0.5480370651341787,0.4632141007097259,0.45130977721159715
SOL,LightGBM,1.0,1737,14,systematic_bias,3.0,base,0.1404777624545137,0.6258394501026432,0.39167501730477877,0.4365230116318092,0.5315018843725948,0.47281981121563577,0.4383533014326374
SOL,LightGBM,1.0,1737,5,systematic_bias,5.0,base,0.10547502927343533,0.6384554686566876,0.40762538545763055,0.4643689313891033,0.5832903506732358,0.48227208168895336,0.46760157717921663
SOL,LightGBM,1.0,1737,6,systematic_bias,5.0,base,0.012452500006002398,0.6708313865545645,0.4500147491867196,0.4903727957415078,0.5466732872054949,0.43882303987085663,0.41354430221995403
SOL,LightGBM,1.0,1737,7,systematic_bias,5.0,base,-0.05880188066091563,0.694611115860376,0.4824846022767968,0.5003615409678358,0.4970225185855832,0.4230265889715852,0.36978729862495313
SOL,LightGBM,1.0,1737,8,systematic_bias,5.0,base,-0.01557537989781621,0.680284316955552,0.462786751895682,0.49492440785987196,0.5140694815376288,0.454443964120018,0.3953030476719874
SOL,LightGBM,1.0,1737,9,systematic_bias,5.0,base,0.03281981565515468,0.6638776867929301,0.4407335830215318,0.47131807005351367,0.55616925288155,0.46375037544596404,0.4257381208031838
SOL,LightGBM,1.0,1737,10,systematic_bias,5.0,base,0.02083047391352888,0.6679797877169582,0.4461969967983926,0.48476496410878395,0.5395170063403948,0.4531950132799061,0.4197591855126266
SOL,LightGBM,1.0,1737,11,systematic_bias,5.0,base,0.05535114508978822,0.6560993058250547,0.4304662991041187,0.47717053610912896,0.5573356811063827,0.44665467744886633,0.4355142679152246
SOL,LightGBM,1.0,1737,12,systematic_bias,5.0,base,-8.631397127922824e-05,0.6750767004849255,0.45572855153761377,0.4954413721835329,0.5546957701867888,0.44879423651615724,0.4232341310326977
SOL,LightGBM,1.0,1737,13,systematic_bias,5.0,base,-0.005644207507462751,0.6769499418003271,0.4582612237034663,0.5015369888448018,0.539688247895849,0.4594864190818235,0.42582124660123716
SOL,LightGBM,1.0,1737,14,systematic_bias,5.0,base,-0.04445031418304657,0.6898874894896433,0.4759447481543227,0.4962641852477701,0.5079620970444056,0.42369647680983824,0.38348063210280764
SOL,LightGBM,1.0,1737,5,systematic_bias,10.0,base,-0.15542963044381075,0.7256147918335112,0.5265168261275898,0.5420190388997063,0.5519948670673328,0.4955115145819051,0.399192907590511
SOL,LightGBM,1.0,1737,6,systematic_bias,10.0,base,-0.3548593709575758,0.7857447479085419,0.6173948088658581,0.5918871970030899,0.47756625213581533,0.39342257614657145,0.3197303711197463
SOL,LightGBM,1.0,1737,7,systematic_bias,10.0,base,-0.3490183413773589,0.7840491787236149,0.614733114657175,0.5994542693661983,0.5035162182025253,0.41330104216468644,0.3451034110110438
SOL,LightGBM,1.0,1737,8,systematic_bias,10.0,base,-0.2588139243101535,0.7573822907067483,0.5736279342762015,0.5687904814965801,0.5166198891483129,0.44523406329438164,0.36175955599102344
SOL,LightGBM,1.0,1737,9,systematic_bias,10.0,base,-0.2623205657164913,0.7584364660013652,0.5752258729606399,0.5769108934658443,0.5488607449098227,0.48482035252001854,0.3691032347833969
SOL,LightGBM,1.0,1737,10,systematic_bias,10.0,base,-0.36058835260132915,0.7874042443610919,0.6200054440378621,0.6004615915431837,0.48803163817538725,0.38560260146890135,0.3237783104117148
SOL,LightGBM,1.0,1737,11,systematic_bias,10.0,base,-0.23953695612375459,0.7515607944105143,0.5648436276949632,0.5620920253262235,0.5249138771276114,0.4319319423121049,0.37048012068582065
SOL,LightGBM,1.0,1737,12,systematic_bias,10.0,base,-0.26075886940256865,0.7579671660347395,0.5745142247867343,0.5850853085038221,0.5534967587394911,0.45233618645615226,0.37703713481474505
SOL,LightGBM,1.0,1737,13,systematic_bias,10.0,base,-0.3068927188064323,0.771710387775023,0.5955369225998763,0.5991940417938343,0.5319839217162619,0.41187168083494713,0.36702383810858036
SOL,LightGBM,1.0,1737,14,systematic_bias,10.0,base,-0.34424474237640834,0.7826607419921474,0.6125578370556988,0.5884322550116786,0.47519511303594736,0.44925725365963753,0.32275273403210725
SOL,LightGBM,1.0,1737,5,gross_errors,0.01,base,0.31848413880731097,0.5572785933924572,0.31055943065347563,0.39222446168573677,0.5662868894766011,0.46574378379337494,0.5043773206153405
SOL,LightGBM,1.0,1737,6,gross_errors,0.01,base,0.3303425480708536,0.5524089801906912,0.3051556813953194,0.3900852730626482,0.5756391998942192,0.4891410197370601,0.5086461738025396
SOL,LightGBM,1.0,1737,7,gross_errors,0.01,base,0.34329335287471296,0.5470412591992929,0.29925413926634803,0.3826580461792088,0.5861820690844675,0.5014295617867026,0.5157961246410805
SOL,LightGBM,1.0,1737,8,gross_errors,0.01,base,0.31163245675369433,0.5600729133770318,0.3136816682986362,0.39033745055616115,0.5634795586362106,0.479179080518904,0.5113484517194616
SOL,LightGBM,1.0,1737,9,gross_errors,0.01,base,0.30666100209776537,0.5620917243555914,0.3159471065890421,0.39150417859649195,0.5557900295301839,0.4807408157674973,0.4913548968809577
SOL,LightGBM,1.0,1737,10,gross_errors,0.01,base,0.34965644629872583,0.5443845572684052,0.2963545461923175,0.3755438705930586,0.5917053396513787,0.5236731911005518,0.5268047434237841
SOL,LightGBM,1.0,1737,11,gross_errors,0.01,base,0.3230506585224934,0.5554084234597473,0.3084785168500419,0.38863248356373575,0.5713358143959404,0.49649579047743625,0.5149265460930682
SOL,LightGBM,1.0,1737,12,gross_errors,0.01,base,0.3229877130857667,0.55543424489939,0.3085072004069555,0.38891085131905095,0.5702103257884459,0.4905945086918769,0.5093271988876584
SOL,LightGBM,1.0,1737,13,gross_errors,0.01,base,0.34557403883670224,0.5460905192924597,0.2982148552611083,0.3829167742321528,0.5889987911316161,0.5211815582292606,0.5295618668923717
SOL,LightGBM,1.0,1737,14,gross_errors,0.01,base,0.36531381498511284,0.5377914577984902,0.2892196520810253,0.38106566288507154,0.6047305141652074,0.5057725343006435,0.5289061575492006
SOL,LightGBM,1.0,1737,5,gross_errors,0.05,base,0.3232532471241216,0.5553253095333841,0.3083861994083488,0.3985574312433961,0.5723735378290812,0.4771470388141183,0.510395196445326
SOL,LightGBM,1.0,1737,6,gross_errors,0.05,base,0.239338459629028,0.5887488967298397,0.34662526340060335,0.42966783785993196,0.5010944042522416,0.4235093601525155,0.4365374707083878
SOL,LightGBM,1.0,1737,7,gross_errors,0.05,base,0.27177085581581417,0.5760609083297872,0.3318461701057394,0.41429598803021556,0.5346690732551141,0.462421387952272,0.482733838763925
SOL,LightGBM,1.0,1737,8,gross_errors,0.05,base,0.27883770659643325,0.5732590011429186,0.32862588239137674,0.41472722201163875,0.5385459700565806,0.4589737617187731,0.47848243648953087
SOL,LightGBM,1.0,1737,9,gross_errors,0.05,base,0.29995669767523625,0.5648027849051083,0.31900218583656603,0.4043688967442278,0.551487480385216,0.4779866218523119,0.484653887658377
SOL,LightGBM,1.0,1737,10,gross_errors,0.05,base,0.30793441500379404,0.5615753075556168,0.3153668260561856,0.4031953927940335,0.5579592707360015,0.4900180698425944,0.49171611951939825
SOL,LightGBM,1.0,1737,11,gross_errors,0.05,base,0.2800234156744956,0.5727875413688799,0.3280855675474063,0.4106737638240115,0.536560014983337,0.4835714745730338,0.4726601895983929
SOL,LightGBM,1.0,1737,12,gross_errors,0.05,base,0.32592496583644215,0.5542280451171993,0.3071687259944323,0.4001760810086537,0.575277294470286,0.46209366045273054,0.5085563254920946
SOL,LightGBM,1.0,1737,13,gross_errors,0.05,base,0.2552170766905907,0.5825714967194843,0.33938954878998,0.41567842440161984,0.5112717242401668,0.43356438389400664,0.4437605914237222
SOL,LightGBM,1.0,1737,14,gross_errors,0.05,base,0.2970154803427223,0.5659880448086264,0.3203424668662917,0.39846465140798915,0.5487899165669646,0.44225018313563424,0.4862079265330039
SOL,LightGBM,1.0,1737,5,gross_errors,0.1,base,0.23030544498350525,0.5922343377341155,0.3507415107913664,0.4350061934880651,0.4923541723077368,0.4135749745364117,0.42261224086805427
SOL,LightGBM,1.0,1737,6,gross_errors,0.1,base,0.17721521857862899,0.6123186707985484,0.37493415460850105,0.45779010949582205,0.4730063628736691,0.4254266680752109,0.41927380574807704
SOL,LightGBM,1.0,1737,7,gross_errors,0.1,base,0.2706976796761721,0.5764852165518799,0.33233520490286783,0.42931621103699913,0.5369734903885875,0.47724252881064844,0.47059627212840344
SOL,LightGBM,1.0,1737,8,gross_errors,0.1,base,0.2523936612505435,0.5836746943009506,0.3406761487673082,0.42754048661246935,0.5218637460424104,0.44003168081166993,0.45478397996060893
SOL,LightGBM,1.0,1737,9,gross_errors,0.1,base,0.29709656434397924,0.5659554026255691,0.32030551776106997,0.42491643523284445,0.560945262627772,0.45803497113456626,0.4910946771583405
SOL,LightGBM,1.0,1737,10,gross_errors,0.1,base,0.26816502510417806,0.5774853316641569,0.33348930828726137,0.4393343423377999,0.5405485650823132,0.45451882536157245,0.47261229156896556
SOL,LightGBM,1.0,1737,11,gross_errors,0.1,base,0.26532085189654386,0.5786064010668163,0.3347853673554934,0.42889747291556685,0.5354034932612636,0.4800043765041816,0.47148642822760956
SOL,LightGBM,1.0,1737,12,gross_errors,0.1,base,0.24307385143751514,0.5873015287090778,0.34492308562401974,0.4370404909508075,0.5088922240656543,0.40702793253767666,0.44412454271435176
SOL,LightGBM,1.0,1737,13,gross_errors,0.1,base,0.2707293106416828,0.5764727148902122,0.33232079101289197,0.4269093165304426,0.5412790983072263,0.4426721614485447,0.4739376278755628
SOL,LightGBM,1.0,1737,14,gross_errors,0.1,base,0.28506158685627714,0.5707799289178164,0.3257897272554275,0.41072247164707737,0.538566788581535,0.486845688057109,0.4683855761211023
SOL,LightGBM,1.0,1737,5,gross_errors,0.2,base,0.20875993384331104,0.6004661255557402,0.3605595679399219,0.4695569077799956,0.4980033347643261,0.3778460438118276,0.4219533275190796
SOL,LightGBM,1.0,1737,6,gross_errors,0.2,base,0.10357734486559911,0.6391323335458075,0.40849013978370924,0.5005203749957572,0.43658958103254314,0.40314753980845325,0.36910404561384663
SOL,LightGBM,1.0,1737,7,gross_errors,0.2,base,0.19976962183521585,0.6038678300747425,0.3646563561991782,0.4640660634773924,0.4920601006820535,0.40696487998271597,0.4104738587061058
SOL,LightGBM,1.0,1737,8,gross_errors,0.2,base,0.15503063312191923,0.6205186790366224,0.3850434310333548,0.49478714356649267,0.48414116857450923,0.42882159257780045,0.40476454892337893
SOL,LightGBM,1.0,1737,9,gross_errors,0.2,base,0.2350400472629227,0.5904100300430851,0.34858400357547664,0.4598006388561549,0.5252804310984387,0.4198022343864616,0.44496608040257896
SOL,LightGBM,1.0,1737,10,gross_errors,0.2,base,0.1824282902758224,0.6103757973881484,0.37255861403721796,0.4810404084373667,0.512719960683308,0.44418243414938957,0.43837263871289567
SOL,LightGBM,1.0,1737,11,gross_errors,0.2,base,0.18812858126865362,0.6082442378564147,0.3699610528855308,0.47792421488906406,0.483189778156436,0.4423407892926472,0.3983845949366301
SOL,LightGBM,1.0,1737,12,gross_errors,0.2,base,0.1460969948919223,0.6237903443168392,0.38911439366292083,0.4836571956999239,0.45668067320279565,0.35675500062403476,0.3855226582057498
SOL,LightGBM,1.0,1737,13,gross_errors,0.2,base,0.1811174644779655,0.6108649140534587,0.3731559432215394,0.4719193086090127,0.48968471227711624,0.4354006346593421,0.41607834862322624
SOL,LightGBM,1.0,1737,14,gross_errors,0.2,base,0.14189442252443707,0.6253234847530162,0.39102946058365573,0.4792316840179746,0.4296803834834223,0.3912467163019736,0.3592705006771137
SOL,FCNN,1.0,1737,5,gaussian,2.0,base,0.27464190233136854,0.5749242255817754,0.33053786516080413,0.3896185377821325,0.5934403345691271,0.5350394893058442,0.5809361897885237
SOL,FCNN,1.0,1737,6,gaussian,2.0,base,0.23622819767182324,0.5899513337923415,0.34804257624336277,0.3799955866550649,0.5970607994797079,0.5238000251417444,0.5910878890368775
SOL,FCNN,1.0,1737,7,gaussian,2.0,base,0.27882929490977504,0.573262344399405,0.3286297155063021,0.3847092916676253,0.5891082704763251,0.4975667363011157,0.5814451427057942
SOL,FCNN,1.0,1737,8,gaussian,2.0,base,0.238345451192015,0.5891330636111983,0.34707776663991624,0.3839996813136698,0.5717030020729398,0.5099107500204982,0.5643902815335742
SOL,FCNN,1.0,1737,9,gaussian,2.0,base,0.22186834344382245,0.5954714157742782,0.3545862070042233,0.3919651725909354,0.5446399467300201,0.5444909579547635,0.5306419595075287
SOL,FCNN,1.0,1737,10,gaussian,2.0,base,0.29038177243687224,0.5686522452626496,0.3233653760422525,0.37817353337944515,0.5898265425995347,0.5436893522358006,0.5777902155026924
SOL,FCNN,1.0,1737,11,gaussian,2.0,base,0.25511432895110475,0.5826116801327965,0.33943636982716,0.3911630686902737,0.5786465227957439,0.5044626448062576,0.5703839230520775
SOL,FCNN,1.0,1737,12,gaussian,2.0,base,0.2612349740706804,0.5802131141500274,0.3366472578316727,0.3899778360328414,0.5791335293986345,0.5171253472774184,0.5705702982148664
SOL,FCNN,1.0,1737,13,gaussian,2.0,base,0.24757313362692945,0.5855534230420001,0.34287281123620356,0.38123638969994583,0.5731150442496642,0.5069467696854552,0.565852176627678
SOL,FCNN,1.0,1737,14,gaussian,2.0,base,0.15845707657103236,0.6192592653270719,0.3834820376934248,0.41042779183781997,0.5511276610738126,0.5027642349443102,0.5484435864417834
SOL,FCNN,1.0,1737,5,gaussian,3.0,base,0.14723173344102714,0.6233757338391452,0.38859730553949284,0.4632178120070019,0.5470123312515244,0.46862612382604113,0.5416426170555353
SOL,FCNN,1.0,1737,6,gaussian,3.0,base,0.10117014746899589,0.6399899012373609,0.409587073685807,0.44668269442423486,0.5668303082031535,0.49893260771713155,0.5646033436079062
SOL,FCNN,1.0,1737,7,gaussian,3.0,base,0.08941958778244075,0.644159667360846,0.4149416770544357,0.4669317641058714,0.5354808730887072,0.44013518905218346,0.5333183425864823
SOL,FCNN,1.0,1737,8,gaussian,3.0,base,0.03912203688952187,0.6617112124998875,0.43786172874807133,0.4701908744365108,0.494708460204086,0.43301637336430193,0.4925635063558581
SOL,FCNN,1.0,1737,9,gaussian,3.0,base,-0.007200443045197735,0.6774735297120728,0.45897038346053476,0.490525739490611,0.5070175162846066,0.47785920466610227,0.48591348911981336
SOL,FCNN,1.0,1737,10,gaussian,3.0,base,0.19027858457730384,0.6074383257224991,0.36898131955655294,0.42068281862119206,0.5430242117014021,0.478413775577248,0.5351783864508127
SOL,FCNN,1.0,1737,11,gaussian,3.0,base,0.0727714569306348,0.6500215771828594,0.422528050803292,0.47060629000027754,0.4989783899412655,0.42621107101617295,0.49697499213660135
SOL,FCNN,1.0,1737,12,gaussian,3.0,base,0.10928941922736957,0.6370927790187474,0.40588720907783055,0.47524158964710345,0.5349595851642243,0.4635054545388334,0.5320101316821119
SOL,FCNN,1.0,1737,13,gaussian,3.0,base,0.06228005420192417,0.6536886643662723,0.427308869920961,0.4728394389653699,0.5273989665360247,0.4628853527064048,0.5241300465957822
SOL,FCNN,1.0,1737,14,gaussian,3.0,base,-0.0167818753974307,0.6806882832015396,0.46333653888785936,0.4940374304524104,0.5021563906650115,0.41561401398140113,0.5018593319998327
SOL,FCNN,1.0,1737,5,gaussian,5.0,base,-0.19050371729828086,0.73654579584718,0.5424997093801559,0.5840670498291854,0.4724653706068023,0.39415252792157324,0.4696211465706443
SOL,FCNN,1.0,1737,6,gaussian,5.0,base,-0.23157250902801763,0.7491423863436211,0.5612143150166152,0.5466222005232408,0.5028875049666828,0.44425656645967293,0.4924284037546599
SOL,FCNN,1.0,1737,7,gaussian,5.0,base,-0.1855274709996213,0.7350048214738563,0.5402320875898153,0.5661419336611907,0.4879762272885763,0.3899117515718576,0.48326162193523164
SOL,FCNN,1.0,1737,8,gaussian,5.0,base,-0.317234801584499,0.7747578319874067,0.6002496982258266,0.5754773856694172,0.4219706576474525,0.374870983721462,0.4167589390450756
SOL,FCNN,1.0,1737,9,gaussian,5.0,base,-0.2710040186050793,0.7610406223240164,0.5791828288273262,0.5755611133333588,0.4322785263616178,0.41182911124870775,0.4164685812466696
SOL,FCNN,1.0,1737,10,gaussian,5.0,base,-0.1254890475755024,0.7161516775782863,0.5128732252981938,0.5351641457311216,0.49167937803290956,0.4144265849405804,0.48952361926030163
SOL,FCNN,1.0,1737,11,gaussian,5.0,base,-0.2872677033597726,0.7658942581286061,0.586594014634368,0.5754096200748553,0.42813784382905273,0.3575380914887086,0.42554352763215947
SOL,FCNN,1.0,1737,12,gaussian,5.0,base,-0.27155114974853456,0.7612044078898141,0.5794321505908826,0.5976746262813907,0.46683894235077966,0.38937139482050076,0.45870537722243504
SOL,FCNN,1.0,1737,13,gaussian,5.0,base,-0.17149873783202363,0.730643103797215,0.5338393451264278,0.5609641475143327,0.4765199424682331,0.4023717382564916,0.4740311773154636
SOL,FCNN,1.0,1737,14,gaussian,5.0,base,-0.4094849884331835,0.8014281713548431,0.6422871138411678,0.6127072582975113,0.39979083778778246,0.33897957421652253,0.39485991424103806
SOL,FCNN,1.0,1737,5,gaussian,10.0,base,-0.93870012530394,0.9399174146413566,0.8834447463460918,0.7501579824508693,0.3649446337917516,0.30653083421243765,0.3451697913349688
SOL,FCNN,1.0,1737,6,gaussian,10.0,base,-0.887013342387525,0.9273034220773659,0.8598916365963934,0.6997294298059737,0.39161697782749616,0.3580073774411214,0.3691073167323585
SOL,FCNN,1.0,1737,7,gaussian,10.0,base,-0.6935581793730841,0.8784851759783946,0.7717362044137909,0.6978756270866537,0.41361555636300806,0.3126507224862366,0.39556260298194
SOL,FCNN,1.0,1737,8,gaussian,10.0,base,-0.9848164769608414,0.9510307411564481,0.904459470624583,0.7483385122542976,0.37248783338947405,0.30968091070102377,0.34905756145086564
SOL,FCNN,1.0,1737,9,gaussian,10.0,base,-0.7640640441462523,0.8965851698978144,0.8038649668806929,0.7172450038934105,0.32150183533196935,0.3245511815270805,0.3129663191079549
SOL,FCNN,1.0,1737,10,gaussian,10.0,base,-0.7008441579463169,0.8803728450496828,0.775056346300873,0.6902608015446495,0.4209535435756581,0.3646104742546134,0.40195378000751497
SOL,FCNN,1.0,1737,11,gaussian,10.0,base,-0.888963851844105,0.9277825514244638,0.8607804627276878,0.7266883973122256,0.371282991978599,0.3035967400595147,0.3524529703912183
SOL,FCNN,1.0,1737,12,gaussian,10.0,base,-0.8766685732601642,0.9247581504534204,0.8551776368300308,0.7384171996288225,0.4051425850292031,0.3289343910471929,0.3780074522215546
SOL,FCNN,1.0,1737,13,gaussian,10.0,base,-0.6654182207139607,0.8711562021958723,0.7589131286243356,0.6910737247364854,0.3981134239773119,0.3399242691440263,0.38434464833447346
SOL,FCNN,1.0,1737,14,gaussian,10.0,base,-0.9683583574844694,0.9470795547423858,0.8969596830110357,0.7502783121382582,0.3591514484234729,0.28847236379230984,0.33339406984161973
SOL,FCNN,1.0,1737,5,systematic_bias,2.0,base,0.2722891094747504,0.575855891261482,0.3316100075005557,0.36054049079792905,0.5989119397391551,0.5763992683143643,0.5731974534682338
SOL,FCNN,1.0,1737,6,systematic_bias,2.0,base,0.2326998144314939,0.5913124575443651,0.3496504224471566,0.3926468468794675,0.6096684706795158,0.5261591383079274,0.5661300536077717
SOL,FCNN,1.0,1737,7,systematic_bias,2.0,base,0.2222618224040679,0.595320840290394,0.3544069028840608,0.37789589855055783,0.5920292830388593,0.5558849555483624,0.539772025395507
SOL,FCNN,1.0,1737,8,systematic_bias,2.0,base,0.20605136157950732,0.6014930050465576,0.3617938351199382,0.3862539243780575,0.5972769886541711,0.5645944450563046,0.541531968018761
SOL,FCNN,1.0,1737,9,systematic_bias,2.0,base,0.2752645256836701,0.5746774246579932,0.3302541424115435,0.37033261441479554,0.6142925682199132,0.5574046314626061,0.5841118616460349
SOL,FCNN,1.0,1737,10,systematic_bias,2.0,base,0.23243908238999245,0.5914129143226132,0.3497692352275666,0.3754610527237037,0.598641292572689,0.5428106984814696,0.5597032918568213
SOL,FCNN,1.0,1737,11,systematic_bias,2.0,base,0.25992598594323657,0.5807269148312298,0.3372437496093985,0.3716580850510548,0.6054815408868013,0.5490892021998863,0.5656119028734294
SOL,FCNN,1.0,1737,12,systematic_bias,2.0,base,0.2858596389873129,0.5704612725706818,0.3254260635029617,0.3680517383226844,0.6244583421101266,0.571471474241522,0.6040030913425743
SOL,FCNN,1.0,1737,13,systematic_bias,2.0,base,0.20159550231163037,0.603178515988877,0.36382432215054394,0.40477420643963213,0.6105855702657762,0.5842287190985602,0.5517144966173463
SOL,FCNN,1.0,1737,14,systematic_bias,2.0,base,0.25203155199257954,0.5838160309997763,0.3408411580523317,0.3784265066639835,0.6056705697377289,0.5552790678757226,0.5809291183206671
SOL,FCNN,1.0,1737,5,systematic_bias,3.0,base,0.2140320271362598,0.5984623061344413,0.3581571318637537,0.41244248891535024,0.6112348188640095,0.5593434428578024,0.5798639019387699
SOL,FCNN,1.0,1737,6,systematic_bias,3.0,base,0.11701627027132588,0.6343233925678617,0.40236616635880157,0.44394698259200344,0.596250051184016,0.49330205100570396,0.5220059233735332
SOL,FCNN,1.0,1737,7,systematic_bias,3.0,base,0.1759455776794998,0.6127909237892469,0.3755127162784787,0.42489497885174643,0.6012175560527807,0.5115292690151196,0.5493356785397231
SOL,FCNN,1.0,1737,8,systematic_bias,3.0,base,0.0926714330483921,0.6430084340226517,0.4134598462242629,0.4387162507513792,0.5797919910068726,0.5217953183596294,0.51027595206759
SOL,FCNN,1.0,1737,9,systematic_bias,3.0,base,0.18922257902653639,0.6078342947723862,0.36946252990144396,0.4215929402396021,0.5994562821765453,0.5227169790589627,0.5625106316881873
SOL,FCNN,1.0,1737,10,systematic_bias,3.0,base,0.07668663895036665,0.6486477815931602,0.420743944565728,0.4457356256526038,0.5770267908379191,0.5191540358983565,0.5038041190014212
SOL,FCNN,1.0,1737,11,systematic_bias,3.0,base,0.11222861500560566,0.6360407606817313,0.40454784924859544,0.4501824535144636,0.6005892855041872,0.5180408120609461,0.5331182171694755
SOL,FCNN,1.0,1737,12,systematic_bias,3.0,base,0.19122957994841794,0.6070815111815178,0.3685479612184353,0.4209412757215006,0.6025644225764584,0.5217189263624055,0.5658888474461249
SOL,FCNN,1.0,1737,13,systematic_bias,3.0,base,0.0893747098875175,0.6441755408484028,0.4149621274273322,0.4721047102768602,0.6192095990892111,0.5564881461752986,0.5319198112722473
SOL,FCNN,1.0,1737,14,systematic_bias,3.0,base,0.1778624822198125,0.6120777757321688,0.3746392035452391,0.40943598509350815,0.5772412567457913,0.5232566068790484,0.5396686811479509
SOL,FCNN,1.0,1737,5,systematic_bias,5.0,base,-0.02505631289728094,0.6834523471694383,0.4671071108514144,0.5205790418913003,0.5896311710940829,0.513371424123752,0.5124525336296276
SOL,FCNN,1.0,1737,6,systematic_bias,5.0,base,-0.357785957210766,0.7865929205570507,0.6187284226704707,0.6191129767067537,0.5650792300712424,0.4395996432472166,0.43032075080389776
SOL,FCNN,1.0,1737,7,systematic_bias,5.0,base,-0.07763560292958349,0.700761675944022,0.49106692647187444,0.538953088978399,0.602649380679,0.48485191524406246,0.5142777765427347
SOL,FCNN,1.0,1737,8,systematic_bias,5.0,base,-0.04470560865275708,0.6899717987656372,0.47606108309188894,0.5026517601568559,0.5651600384450971,0.48633419698409247,0.4751799473075249
SOL,FCNN,1.0,1737,9,systematic_bias,5.0,base,-0.2289097139196976,0.7483320840327763,0.5600009079928382,0.5813449292174961,0.5750615827719004,0.512545326314076,0.4648229375813341
SOL,FCNN,1.0,1737,10,systematic_bias,5.0,base,-0.10669339782135578,0.7101466400241087,0.504308250337531,0.5111450242923133,0.5374403782592773,0.46330252007292516,0.4465463395531005
SOL,FCNN,1.0,1737,11,systematic_bias,5.0,base,-0.15645336571649082,0.7259361757445733,0.526983331254656,0.5414393236317947,0.5662030788663962,0.500680584905522,0.4708965438212316
SOL,FCNN,1.0,1737,12,systematic_bias,5.0,base,-0.1196852084696245,0.7143027918101144,0.5102284783877236,0.5396003252966745,0.5792761021436351,0.5026830320006961,0.4911775447735176
SOL,FCNN,1.0,1737,13,systematic_bias,5.0,base,-0.2438028308496476,0.7528529343888977,0.5667875408179738,0.5924895498245798,0.5774712691425932,0.49798506995767,0.4591943543425173
SOL,FCNN,1.0,1737,14,systematic_bias,5.0,base,-0.1253985311243928,0.716122879069831,0.5128319779272638,0.5435508781588949,0.5596852180060616,0.48739945714385635,0.47866045710432875
SOL,FCNN,1.0,1737,5,systematic_bias,10.0,base,-0.4566188301634222,0.8147180477789313,0.663765497376713,0.6422847006520354,0.5251986801501183,0.4415402769705911,0.4047035274608804
SOL,FCNN,1.0,1737,6,systematic_bias,10.0,base,-0.7792359687682102,0.9004324790706432,0.8107786493653042,0.7128406568848544,0.4977267427402658,0.37944736002844814,0.3421988481974827
SOL,FCNN,1.0,1737,7,systematic_bias,10.0,base,-0.44575711159445874,0.8116747681940993,0.6588159293229449,0.6399016078406643,0.5574363607381502,0.43201533204953263,0.42029940898872364
SOL,FCNN,1.0,1737,8,systematic_bias,10.0,base,-0.498290807456083,0.8262898814407501,0.6827549681713689,0.6284047545794345,0.5036082106009216,0.43589485006123063,0.3691290372745042
SOL,FCNN,1.0,1737,9,systematic_bias,10.0,base,-0.3479198177039984,0.7837298828436988,0.614232529262198,0.5999783423848455,0.5341840363713594,0.4537831879226552,0.4392772335210025
SOL,FCNN,1.0,1737,10,systematic_bias,10.0,base,-0.6863739677958582,0.8766198929123493,0.7684624366496587,0.6785858099158155,0.4714278209647749,0.38768289842384196,0.3384663927681185
SOL,FCNN,1.0,1737,11,systematic_bias,10.0,base,-0.7650145445963308,0.8968266831939326,0.8042980996886303,0.7035612490640081,0.5083031016459971,0.4435763277973685,0.35283087824907433
SOL,FCNN,1.0,1737,12,systematic_bias,10.0,base,-0.4436710427079582,0.811088977992474,0.657865330220876,0.635190091673348,0.5463174239479692,0.4601744573087301,0.41225247182467434
SOL,FCNN,1.0,1737,13,systematic_bias,10.0,base,-0.8894473524303839,0.9279012817818111,0.8610007887323279,0.7702691180687709,0.5523361406327514,0.44286715056359655,0.38966493188970297
SOL,FCNN,1.0,1737,14,systematic_bias,10.0,base,-0.4407650033577648,0.8102722255010638,0.6565410794184467,0.6211173505839808,0.5087641185218714,0.42862908182907067,0.39827018347273885
SOL,FCNN,1.0,1737,5,gross_errors,0.01,base,0.32482284331125166,0.5546809455420203,0.30767095134738964,0.3298655099897993,0.5983992014144839,0.5770123724065892,0.5679623711288186
SOL,FCNN,1.0,1737,6,gross_errors,0.01,base,0.31075961112843253,0.560427885316288,0.31407941464008643,0.3435269147531602,0.5940198808660728,0.5507838945123504,0.5722443344977757
SOL,FCNN,1.0,1737,7,gross_errors,0.01,base,0.3019917793365666,0.5639812240343854,0.31807482106332363,0.3402510655357898,0.5892920814922409,0.5575623721896985,0.5683733157688373
SOL,FCNN,1.0,1737,8,gross_errors,0.01,base,0.353627100534632,0.5427201505968599,0.2945451618638782,0.32943150292044565,0.6182880816778967,0.5697286724651572,0.5952342384986495
SOL,FCNN,1.0,1737,9,gross_errors,0.01,base,0.29308961168339365,0.5675662453760876,0.32213144289030926,0.3535487355261775,0.5717899107212597,0.5618958685971136,0.5492128625064737
SOL,FCNN,1.0,1737,10,gross_errors,0.01,base,0.33618000784811963,0.5499960126285968,0.30249561390735563,0.3243898664057918,0.6125878176121495,0.5778265886365442,0.5883670465624329
SOL,FCNN,1.0,1737,11,gross_errors,0.01,base,0.3334108787275214,0.5511419746255599,0.3037574761941613,0.3343478161530621,0.6070403057978164,0.5813795454387347,0.589630041349114
SOL,FCNN,1.0,1737,12,gross_errors,0.01,base,0.3321610180169554,0.5516584307752916,0.3043270242454572,0.3330746115419081,0.5997108229157625,0.5636409300604192,0.575666643966215
SOL,FCNN,1.0,1737,13,gross_errors,0.01,base,0.24461928655033705,0.5867016682302403,0.34421884750414694,0.34549213777462157,0.5713045428738285,0.5363449323194758,0.5213082255323684
SOL,FCNN,1.0,1737,14,gross_errors,0.01,base,0.3042877802054532,0.5630528911391166,0.3170285582201179,0.33416324194363123,0.6016388174097124,0.5677540705445437,0.5660718345756683
SOL,FCNN,1.0,1737,5,gross_errors,0.05,base,0.27458808254240397,0.574945554168753,0.3305623902584145,0.3631828862832179,0.5650223238790171,0.5387487289725847,0.5473108876465854
SOL,FCNN,1.0,1737,6,gross_errors,0.05,base,0.2861798046505567,0.5703333827349283,0.3252801674618662,0.3671572550610372,0.5856014137882528,0.5245912071435288,0.5747694880875218
SOL,FCNN,1.0,1737,7,gross_errors,0.05,base,0.24906021179389426,0.5849745000830573,0.34219516574742276,0.37004262212321076,0.5691680225018683,0.5394227717190837,0.5606903341595834
SOL,FCNN,1.0,1737,8,gross_errors,0.05,base,0.35890412634286106,0.5405002110024317,0.2921404780936733,0.35754389892027894,0.6282141859800571,0.5629872244963872,0.6088286216468028
SOL,FCNN,1.0,1737,9,gross_errors,0.05,base,0.3380838284982588,0.5492067582994706,0.3016280633618132,0.34301477198769803,0.610569661828562,0.5678581619300743,0.5938545371250384
SOL,FCNN,1.0,1737,10,gross_errors,0.05,base,0.27205673775922634,0.57594782470825,0.33171589678616503,0.3597891841020864,0.5787479102489494,0.5371179639326067,0.5686211475339857
SOL,FCNN,1.0,1737,11,gross_errors,0.05,base,0.3175834525170448,0.5576467194253217,0.31096986368582347,0.35263664658510496,0.5901953141070194,0.5388860596240829,0.5684799350416531
SOL,FCNN,1.0,1737,12,gross_errors,0.05,base,0.2723230102621248,0.5758424778333282,0.3315945592772271,0.37459268264617535,0.5727403242196369,0.5109364292122348,0.5595959249418896
SOL,FCNN,1.0,1737,13,gross_errors,0.05,base,0.24411015075026232,0.5868993569593899,0.3444508551993453,0.37638877694066586,0.5622357694863195,0.5257466361015429,0.5520226276808986
SOL,FCNN,1.0,1737,14,gross_errors,0.05,base,0.30890146150406994,0.5611828163723057,0.31492615339155305,0.34600422211723,0.6004776808782141,0.5102176300856827,0.5895377150445437
SOL,FCNN,1.0,1737,5,gross_errors,0.1,base,0.24494773854291962,0.5865741005807408,0.344069175472105,0.3748720384024549,0.5556546734129696,0.5250403745928559,0.5386270848616401
SOL,FCNN,1.0,1737,6,gross_errors,0.1,base,0.1205106549159497,0.6330669893056646,0.4007738129485385,0.40750130850073435,0.5195628683514458,0.5186244673298137,0.5117686308609332
SOL,FCNN,1.0,1737,7,gross_errors,0.1,base,0.18949212462338183,0.6077332481269072,0.36933970087888096,0.3904985594803158,0.550527363453662,0.5060453732754621,0.5448628569166678
SOL,FCNN,1.0,1737,8,gross_errors,0.1,base,0.2206490540539785,0.5959377685918638,0.3551418240342497,0.39336263024397444,0.5390883657323836,0.5349557351027807,0.5198563833704637
SOL,FCNN,1.0,1737,9,gross_errors,0.1,base,0.18881899209573094,0.6079855591334539,0.36964644011481856,0.39074961251128953,0.5102329619466933,0.5106131481934477,0.49443599645429165
SOL,FCNN,1.0,1737,10,gross_errors,0.1,base,0.13703031277912558,0.6270932809044905,0.3932459829555581,0.4153976588297411,0.5456870129763873,0.5047665362532301,0.533444049732387
SOL,FCNN,1.0,1737,11,gross_errors,0.1,base,0.21678950046076528,0.5974115675123546,0.35690058099756855,0.3999493651079161,0.5655431354162789,0.507156045853423,0.5581014115442403
SOL,FCNN,1.0,1737,12,gross_errors,0.1,base,0.22233661073409494,0.5952922161832339,0.35437282264834613,0.38139847915316993,0.5435796030922759,0.5026551868261354,0.532210134406013
SOL,FCNN,1.0,1737,13,gross_errors,0.1,base,0.15085224576780154,0.6220510245182722,0.38694747710423205,0.41025512890057125,0.5165299763807829,0.4610675439022313,0.5059491330480922
SOL,FCNN,1.0,1737,14,gross_errors,0.1,base,0.2141523737983968,0.5984164863932578,0.3581022911872522,0.37298381739231146,0.5348651118119335,0.4879406157196116,0.5219782073419632
SOL,FCNN,1.0,1737,5,gross_errors,0.2,base,0.050905349344909756,0.6576413918662564,0.43249220029578694,0.42554378595317965,0.47005731339333556,0.41604437500393054,0.4641052876145191
SOL,FCNN,1.0,1737,6,gross_errors,0.2,base,0.09889761177515333,0.6407984423371508,0.41062264370171875,0.43171372591045537,0.5307552638349754,0.4776763887032798,0.5209818743533446
SOL,FCNN,1.0,1737,7,gross_errors,0.2,base,-0.03132139440789872,0.685537775000881,0.4699620409531585,0.46246577661551885,0.43089761660803205,0.38295038503855994,0.4232147045207221
SOL,FCNN,1.0,1737,8,gross_errors,0.2,base,0.03280420875024581,0.6638830431031084,0.44074069491984375,0.44838908339244576,0.4275715121335434,0.451154953331137,0.41554820619617455
SOL,FCNN,1.0,1737,9,gross_errors,0.2,base,0.04951987996383367,0.6581212226909744,0.43312354375626316,0.4550996943845244,0.47546956605283186,0.42464678450813037,0.4653722886532077
SOL,FCNN,1.0,1737,10,gross_errors,0.2,base,-0.21670622907558634,0.744607219621735,0.5544399115128107,0.5203054416414359,0.4381045249475437,0.40122002684796076,0.4158632694234546
SOL,FCNN,1.0,1737,11,gross_errors,0.2,base,-0.06569943384134547,0.6968699612552677,0.4856277428999183,0.5063594090886374,0.5332037642419509,0.4705610718855001,0.49419854584164835
SOL,FCNN,1.0,1737,12,gross_errors,0.2,base,0.090191130845652,0.6438867083566707,0.41459009319838835,0.4427008055680911,0.48384446086211996,0.42276402792769097,0.4684297921382135
SOL,FCNN,1.0,1737,13,gross_errors,0.2,base,0.04018768086102831,0.6613441814053855,0.43737612627875955,0.46574355301508796,0.4574685242385319,0.4241154665045367,0.44095583593910903
SOL,FCNN,1.0,1737,14,gross_errors,0.2,base,0.09523369192385078,0.6420998773383615,0.4122922524779388,0.4294333251241259,0.449299305343505,0.4215828676958028,0.43373050381141726
