endpoint,model,fraction,n_train,seed,noise_type,noise_level,arm,R2,RMSE,MSE,MAE,Pearson,Spearman,CCC
HLM,RF,0.02,49,5,none,0.0,base,-0.04105648301289233,0.6241076278706296,0.38951033116630424,0.5152499263430422,0.16259050590565266,0.17477177126357865,0.09416108837167025
HLM,RF,0.02,49,6,none,0.0,base,-0.17101033415838574,0.6619157391550875,0.43813244574122584,0.5264195695048547,0.16689130836437402,0.23882772684918535,0.0754676051426898
HLM,RF,0.02,49,7,none,0.0,base,0.01594032460359307,0.6067825209373413,0.36818502771507505,0.4969277330711972,0.2207042436018543,0.22269911997103428,0.13245601300845486
HLM,RF,0.02,49,8,none,0.0,base,-0.08812000319324342,0.6380588563811382,0.407119104206406,0.5351050857055012,0.07395092285718863,0.05639382095458494,0.04878304736857701
HLM,RF,0.02,49,9,none,0.0,base,0.07376434507243901,0.5886851648645032,0.3465502233315473,0.4854088123656957,0.2929581964187059,0.3243805731761466,0.1742474856478222
HLM,RF,0.02,49,10,none,0.0,base,-0.08319779605723454,0.636614062762822,0.4052774649073862,0.5162971802653722,0.17589189414431766,0.20554088587344035,0.13940247644705797
HLM,RF,0.02,49,11,none,0.0,base,-0.20648270314068973,0.6718663558771555,0.45140440015964856,0.5342981514239483,0.11518185209144374,0.1695932469076465,0.08497232948227591
HLM,RF,0.02,49,12,none,0.0,base,-0.03698316315964689,0.6228854648070533,0.3879863022678989,0.4904940326278317,0.21280343971463675,0.2269800080722073,0.13207519707779825
HLM,RF,0.02,49,13,none,0.0,base,-0.09822449832759195,0.6410145800379787,0.4108996918212662,0.523839067245955,0.10824424724002728,0.10302357558928663,0.06832708760808487
HLM,RF,0.02,49,14,none,0.0,base,0.03938778983983804,0.5995099499070405,0.3594121800375422,0.5030438835372167,0.22726205296943267,0.23501978494714024,0.1363795934071624
HLM,RF,0.02,49,15,none,0.0,base,-0.15668325109311398,0.6578540725063495,0.43277198071318945,0.5301011385760521,0.09251313072454503,0.08621514068637269,0.043785047817635606
HLM,RF,0.02,49,16,none,0.0,base,-0.06909565441722076,0.6324564502856471,0.40000116150792125,0.4980899694789648,0.2632154396279372,0.2709305826483466,0.15525400189425212
HLM,RF,0.02,49,17,none,0.0,base,-0.1111931317137953,0.6447882552776995,0.4157518941440597,0.5197690699029126,0.15965085870308457,0.17331598856486072,0.10614703420465775
HLM,RF,0.02,49,18,none,0.0,base,-0.06041615968786207,0.6298839071539712,0.3967537364915527,0.5209111668252429,0.1300764514442354,0.13884673067292252,0.08367444689689679
HLM,RF,0.02,49,19,none,0.0,base,-0.13219765074951506,0.6508538359221075,0.42361071573452175,0.5280407219288029,0.12337991306098414,0.11360174901623571,0.04674737391494718
HLM,RF,0.05,123,5,none,0.0,base,0.018320208364773438,0.6060483449214428,0.3672945963820201,0.504282922061489,0.24417086466840365,0.23549507068226072,0.17746065536407543
HLM,RF,0.05,123,6,none,0.0,base,-0.10313613604937233,0.6424463997748118,0.41273737658361725,0.5290526172459548,0.08794364780847873,0.12272311137699755,0.052581239731696795
HLM,RF,0.05,123,7,none,0.0,base,0.053848569470362206,0.5949804135951622,0.3540016925618702,0.48639880459546925,0.28334399879515804,0.30398352144320095,0.16630017171289288
HLM,RF,0.05,123,8,none,0.0,base,0.017439483927900623,0.6063201453231885,0.3676241186247324,0.5028814760744337,0.2252106165842427,0.21589544079419162,0.15010571515345716
HLM,RF,0.05,123,9,none,0.0,base,0.03314377337738161,0.6014552128690682,0.3617483730873761,0.49509548741100345,0.25667956471188097,0.2601186612956273,0.18403270300773017
HLM,RF,0.05,123,10,none,0.0,base,0.07682010928890759,0.5877132905968508,0.3454069119441784,0.4965221019385112,0.29749006051176347,0.3094823308474444,0.20718197906686125
HLM,RF,0.05,123,11,none,0.0,base,0.012794846009237082,0.6077515163739986,0.36936190565489474,0.5009664093009709,0.24585069000936427,0.2424370652837233,0.16193301743043423
HLM,RF,0.05,123,12,none,0.0,base,-0.025586026251950944,0.6194530441571386,0.38372207391554597,0.4858821472233009,0.26627309608335775,0.30757329518663556,0.19139496401404324
HLM,RF,0.05,123,13,none,0.0,base,0.07916466894028851,0.586966521272299,0.3445296970945042,0.48757426047896435,0.30464089231121305,0.2949451483372111,0.20160394673709842
HLM,RF,0.05,123,14,none,0.0,base,0.05107531172119861,0.5958517470082837,0.3550393044128237,0.4939701380647249,0.2594542463438049,0.25496851988184754,0.1528889843802403
HLM,RF,0.05,123,15,none,0.0,base,-0.11956973168765073,0.6472140228430059,0.4188859913646269,0.5287756851553398,0.0874660101095367,0.08993232915925273,0.05350975782309207
HLM,RF,0.05,123,16,none,0.0,base,0.0025941789842196528,0.6108833570287441,0.37317847589470804,0.491086630288026,0.25255630993304795,0.265793115863626,0.165756561961468
HLM,RF,0.05,123,17,none,0.0,base,-0.012496944847285363,0.6154874540368663,0.3788248060767837,0.5001810909644013,0.23715789129125306,0.23497497383466576,0.13960778922070727
HLM,RF,0.05,123,18,none,0.0,base,-0.02965003095098817,0.6206791583076737,0.38524261755752226,0.5162855038058252,0.19369192404261087,0.1866370494150949,0.13495331413115702
HLM,RF,0.05,123,19,none,0.0,base,-0.04090980557637591,0.6240636601642137,0.3894554519375551,0.509116755944984,0.18936071565298462,0.17971659911211402,0.09180520753491823
HLM,RF,0.08,197,5,none,0.0,base,0.02988315521838769,0.6024685306221564,0.36296833039002024,0.48889114127508077,0.2732394167701483,0.24796849964593012,0.20503815015986143
HLM,RF,0.08,197,6,none,0.0,base,-0.031224021747037423,0.6211533826476279,0.3858315247745904,0.5119504129514563,0.16945166276680104,0.15534863494242698,0.1069591501387618
HLM,RF,0.08,197,7,none,0.0,base,0.05833716151856383,0.5935674266260331,0.3523222899514512,0.4820439945922329,0.30158593128550376,0.32999967586511064,0.17691211848381208
HLM,RF,0.08,197,8,none,0.0,base,0.05381404069387763,0.59499127008051,0.3540146114720184,0.49831788219902906,0.2528197352744093,0.23174188934795542,0.15526300949480995
HLM,RF,0.08,197,9,none,0.0,base,0.08721097096518104,0.5843964241416212,0.34151918054951363,0.4832131844757279,0.3153240288210219,0.3281123130487172,0.20949582690047766
HLM,RF,0.08,197,10,none,0.0,base,0.06201823366564785,0.5924061277313315,0.35094502017363066,0.49863484332686064,0.2775583107151758,0.2836520538456095,0.1913074220095974
HLM,RF,0.08,197,11,none,0.0,base,0.08109661603648688,0.5863504590729458,0.34380686085505424,0.4854002345339803,0.30871602679868926,0.3084286655384068,0.20709927757747826
HLM,RF,0.08,197,12,none,0.0,base,0.05088969111513353,0.5959100218932801,0.3551087541928496,0.47318294834304203,0.3094766041146362,0.3381794906801745,0.21160458063494625
HLM,RF,0.08,197,13,none,0.0,base,0.11858903955245326,0.5742639679450738,0.3297791048800208,0.48636865436893184,0.35419944911523593,0.3553656449545598,0.22800039137349953
HLM,RF,0.08,197,14,none,0.0,base,0.02301054927506263,0.6045988005440734,0.36553970961933235,0.49518946905177996,0.24985330103328401,0.25303750286638255,0.16847563588486095
HLM,RF,0.08,197,15,none,0.0,base,0.017043149383921374,0.6064424183976165,0.3677724068319498,0.49893796004530744,0.23862795176322454,0.25245999740481434,0.15231138465802083
HLM,RF,0.08,197,16,none,0.0,base,0.040626517293840925,0.5991232855542609,0.3589487112933324,0.48827300966666665,0.2789633947420729,0.27645911187245265,0.17411492850723423
HLM,RF,0.08,197,17,none,0.0,base,-0.030914535152258393,0.6210601666893085,0.3857157306481516,0.5026422536537217,0.21249316912221197,0.2124502040985661,0.13885158480133064
HLM,RF,0.08,197,18,none,0.0,base,0.12471370237580148,0.5722652950206932,0.327487567885121,0.48201560709708724,0.3622066359683732,0.3602919107702744,0.2238655482002654
HLM,RF,0.08,197,19,none,0.0,base,0.061955625528925196,0.5924258982782031,0.3509684449507359,0.4854457616990292,0.3052833223175308,0.3031213381569457,0.18172427073307437
HLM,RF,0.1,247,5,none,0.0,base,0.07322768992818585,0.5888556804201234,0.3467510123630465,0.4827683794207118,0.30860594922715306,0.2927090404027936,0.2211083018149823
HLM,RF,0.1,247,6,none,0.0,base,-0.049154247707055454,0.6265302087066069,0.3925401024219444,0.5201622051909387,0.13855369399862227,0.1470418167449054,0.08841177571314575
HLM,RF,0.1,247,7,none,0.0,base,0.09589003950194208,0.5816114811390124,0.3382719149927158,0.47650099895792863,0.33524377408315814,0.350816095852034,0.21152559141142632
HLM,RF,0.1,247,8,none,0.0,base,0.07332684836598136,0.5888241777680472,0.34671391232421683,0.486825063645631,0.29316173696596287,0.28759571454441457,0.1913120016083609
HLM,RF,0.1,247,9,none,0.0,base,0.05720795844330029,0.5939232107347766,0.3527447802495059,0.492040664909385,0.26981927263652,0.2864599083837672,0.17818949838121953
HLM,RF,0.1,247,10,none,0.0,base,0.09417125022809825,0.5821640648716181,0.33891499842784556,0.48734152699029115,0.31898258481214026,0.32110064655120996,0.20743081088297555
HLM,RF,0.1,247,11,none,0.0,base,0.06667714076835352,0.5909330709490771,0.34920189434130694,0.4853484168414237,0.3006841926390184,0.3276076674223483,0.20821332435432685
HLM,RF,0.1,247,12,none,0.0,base,0.08796165816128754,0.5841560678633123,0.3412383116215267,0.4664186553624594,0.34900448441706244,0.3747728415799374,0.24435694983848555
HLM,RF,0.1,247,13,none,0.0,base,0.13013415486483804,0.5704905876023431,0.32545951054286665,0.47913185879935277,0.3636627090977144,0.36818668783203695,0.23867942697959
HLM,RF,0.1,247,14,none,0.0,base,0.03212967903754427,0.6017705505899469,0.36212779555732777,0.4933487837928803,0.23901316091792393,0.25537433939441734,0.15586343931512173
HLM,RF,0.1,247,15,none,0.0,base,0.005954266059573832,0.6098535089576539,0.37192130238796317,0.4954088042168286,0.24872175827903661,0.264956641764103,0.16269186053441625
HLM,RF,0.1,247,16,none,0.0,base,0.06429410515695788,0.5916869991272732,0.3500935049362378,0.4837569682427185,0.3234763244628314,0.30038765462251077,0.2078068477432332
HLM,RF,0.1,247,17,none,0.0,base,0.019211555810346836,0.6057731419849482,0.3669610995503163,0.4927280915792879,0.25695637423137774,0.2556534640347702,0.1668124844970171
HLM,RF,0.1,247,18,none,0.0,base,0.1350594018182112,0.5688732142568848,0.3236167338989595,0.47390298752427185,0.37346431712155087,0.372036998473817,0.2515860179299909
HLM,RF,0.1,247,19,none,0.0,base,0.13241783529987028,0.569741233891598,0.3246050735963206,0.46900169875404535,0.38215451681203455,0.3751950378444557,0.24500267645949983
HLM,RF,0.15,370,5,none,0.0,base,0.11592146340883258,0.5751323117812951,0.33077717605489687,0.47358417954031423,0.35065111088411244,0.35957004822520416,0.23307651667464666
HLM,RF,0.15,370,6,none,0.0,base,0.05907714119769247,0.5933341615237997,0.3520454272311504,0.4929579771941746,0.2862470463794155,0.2953902000687344,0.18688322833708762
HLM,RF,0.15,370,7,none,0.0,base,0.1191669126926429,0.5740756867983804,0.32956289417303214,0.4725512955857604,0.35394322100408115,0.3670115980340625,0.23066739750056517
HLM,RF,0.15,370,8,none,0.0,base,0.1283760762644386,0.5710668034858974,0.32611729404360057,0.47270198888770204,0.36373238742594555,0.3718506582883811,0.2605116821294519
HLM,RF,0.15,370,9,none,0.0,base,0.0941256075617356,0.5821787316535438,0.338932075589729,0.48350824055339786,0.3173892411815967,0.3506596554507678,0.21120646365324938
HLM,RF,0.15,370,10,none,0.0,base,0.13373348659361184,0.5693090758698763,0.3241128238678126,0.4728052476407765,0.3783652706354479,0.37309919923284973,0.24135090203593954
HLM,RF,0.15,370,11,none,0.0,base,0.14901268733248585,0.5642660054290213,0.3183961248828243,0.4664985456957926,0.3941493481217312,0.39651641196798865,0.25632537710400877
HLM,RF,0.15,370,12,none,0.0,base,0.09145432504626871,0.5830364769894265,0.33993153350024213,0.4656393605857603,0.3398660082940417,0.3666823404795817,0.23634625898875503
HLM,RF,0.15,370,13,none,0.0,base,0.16546432002320255,0.5587850763532776,0.3122407615551382,0.4705052311262136,0.40924530812516186,0.40319239361433185,0.2775228292101398
HLM,RF,0.15,370,14,none,0.0,base,0.0837298927533826,0.5855097119427854,0.3428216227793236,0.48056899619741084,0.31097275854290707,0.32880288751353415,0.20175400800494314
HLM,RF,0.15,370,15,none,0.0,base,0.10245167446103287,0.5794970968631334,0.33581688527279985,0.47984061121359217,0.3306206153280583,0.33308249015537056,0.21354137605493265
HLM,RF,0.15,370,16,none,0.0,base,0.12792134048988457,0.5712157499735409,0.32628743301783475,0.4705654233527506,0.3788870876612542,0.3752163507602567,0.24693982286629582
HLM,RF,0.15,370,17,none,0.0,base,0.11289008157580316,0.5761174921800218,0.33191136479579747,0.4716157299255659,0.366241080394095,0.3812921514423339,0.21351090763216127
HLM,RF,0.15,370,18,none,0.0,base,0.1393922342997762,0.5674465689278325,0.32199560858796944,0.47591758674757273,0.3740779225667922,0.3709384706339315,0.24452848814533837
HLM,RF,0.15,370,19,none,0.0,base,0.11696546376339656,0.5747926271942618,0.3303865642768817,0.47488476217152104,0.36117541604093945,0.3520255331234828,0.24402714773240256
HLM,RF,0.2,494,5,none,0.0,base,0.15459039053311419,0.5624137554599989,0.3163092323306195,0.46013029760434554,0.40222008224596006,0.42080586028139516,0.27307279871252577
HLM,RF,0.2,494,6,none,0.0,base,0.10379045831540323,0.5790647463953277,0.3353159805178852,0.4804992200355984,0.3380299002643634,0.3420077428397382,0.23022578296082702
HLM,RF,0.2,494,7,none,0.0,base,0.1482361922105968,0.5645233828838658,0.31868664982264383,0.4694196625080905,0.38780686320072655,0.40092456054348663,0.2499153015494268
HLM,RF,0.2,494,8,none,0.0,base,0.11683643932222776,0.57483461852394,0.33043483865356366,0.4750752716841422,0.34803970804295087,0.36648607654806714,0.2359722324066089
HLM,RF,0.2,494,9,none,0.0,base,0.14052791833400535,0.5670720354990573,0.321570693445044,0.4690330361165047,0.3854213010518112,0.41191685755032004,0.23838869408975946
HLM,RF,0.2,494,10,none,0.0,base,0.1816030533095434,0.5533556444579569,0.3062024692534808,0.4546748645275077,0.4457774627149431,0.4492210160448583,0.28070294775186744
HLM,RF,0.2,494,11,none,0.0,base,0.16536073163005527,0.5588197554289862,0.31227951905771195,0.4642176879320385,0.4133396370621883,0.40712942134296,0.28145573956636616
HLM,RF,0.2,494,12,none,0.0,base,0.1296400785100893,0.570652581488253,0.32564436875920727,0.4603645998867312,0.37817307589202315,0.4013743684745555,0.25810204386448177
HLM,RF,0.2,494,13,none,0.0,base,0.11999025952772269,0.5738073193220561,0.32925483970756403,0.4789494792394821,0.3502513778947952,0.361596163522392,0.23781062688672927
HLM,RF,0.2,494,14,none,0.0,base,0.13562256201994483,0.5686879882892204,0.3234060280244405,0.4677114305695791,0.3792507414895737,0.3915647454757825,0.24903805922279648
HLM,RF,0.2,494,15,none,0.0,base,0.14304786822267923,0.5662401049894518,0.3206278564984653,0.47113709233009704,0.3856631387019602,0.37983492902915894,0.24377431197653382
HLM,RF,0.2,494,16,none,0.0,base,0.1612032802886343,0.5602098050511857,0.3138350256754875,0.45987744339805786,0.42603798188882785,0.43301731263226206,0.27316536475550013
HLM,RF,0.2,494,17,none,0.0,base,0.1221586875243783,0.5730999252795699,0.3284435243554486,0.4708312219093847,0.37394296404467625,0.38894469654670444,0.22337969477875155
HLM,RF,0.2,494,18,none,0.0,base,0.14427697711020016,0.5658338859878485,0.3201679865321094,0.4730896517087378,0.3798871667839604,0.37958220772358015,0.2502290876762276
HLM,RF,0.2,494,19,none,0.0,base,0.13969418367391884,0.5673470141859739,0.3218826345057397,0.46692195394174746,0.39413268401977825,0.38998409325710565,0.26421122601000885
HLM,RF,0.25,617,5,none,0.0,base,0.16607415106340584,0.5585808749224073,0.31201259382908203,0.4593593521205961,0.4133438708440507,0.44528997855673885,0.2789035425888984
HLM,RF,0.25,617,6,none,0.0,base,0.12672306920075183,0.5716080520119988,0.32673576512495195,0.46868079350927694,0.3730369500203446,0.3811246046723993,0.2404846642796907
HLM,RF,0.25,617,7,none,0.0,base,0.15175525580466465,0.5633560112369371,0.317369995396792,0.4654836662880257,0.39145582796080053,0.41176838699694085,0.25291312107481256
HLM,RF,0.25,617,8,none,0.0,base,0.14886189156380136,0.5643159974533669,0.3184525449817884,0.46715846534077643,0.3869053154689059,0.4050104187541082,0.2674768707768275
HLM,RF,0.25,617,9,none,0.0,base,0.16106675456715513,0.5602553941278373,0.31388610664933836,0.46463580478964384,0.4089260831033555,0.4239785024700977,0.26530707884258353
HLM,RF,0.25,617,10,none,0.0,base,0.17316547501700952,0.5562008463282146,0.3093593814562222,0.45633309358576024,0.4262348415871021,0.4441570518250054,0.27768721003149827
HLM,RF,0.25,617,11,none,0.0,base,0.1756055687696807,0.5553795302402742,0.3084464226099076,0.45790951319093814,0.4244727756544397,0.42153695242450223,0.30210233682525667
HLM,RF,0.25,617,12,none,0.0,base,0.13420808537484918,0.5691531016939033,0.3239352531677907,0.460119561355987,0.3820429737817754,0.40721220492423804,0.2570903483683481
HLM,RF,0.25,617,13,none,0.0,base,0.14995108390544376,0.5639548072878994,0.3180450246631318,0.47060252286407767,0.3926671634230537,0.3899219541527736,0.2671247857688666
HLM,RF,0.25,617,14,none,0.0,base,0.10942529661732825,0.5772414667362136,0.3332077109197752,0.4723799796310679,0.34962131283092873,0.3665815090492175,0.2392252596420268
HLM,RF,0.25,617,15,none,0.0,base,0.16792457863450228,0.5579608033235011,0.3113202580454067,0.46009448362135913,0.41958857492938834,0.4162755930689186,0.2709487851740852
HLM,RF,0.25,617,16,none,0.0,base,0.1868776730505054,0.5515695559950418,0.3042289751005675,0.45173175640129437,0.45384069036659175,0.45200969152971365,0.3092252291322025
HLM,RF,0.25,617,17,none,0.0,base,0.1588101037143287,0.5610084050194063,0.31473043050241817,0.459311835947087,0.42238035654461653,0.4283905331327924,0.26652400096951717
HLM,RF,0.25,617,18,none,0.0,base,0.14967028203774246,0.5640479469204405,0.31815008642516407,0.46996976092575893,0.3876641378315273,0.3966808222171419,0.25717975954850125
HLM,RF,0.25,617,19,none,0.0,base,0.1566123338425509,0.5617407979578125,0.31555272409027996,0.4661195957155339,0.4056150898176999,0.3903899898972356,0.2806482227710467
HLM,RF,0.3,740,5,none,0.0,base,0.1939038481280866,0.5491813344607578,0.30160013812009867,0.4492554937482197,0.45348548299357305,0.47585056595301456,0.3049014530005266
HLM,RF,0.3,740,6,none,0.0,base,0.15172112496340018,0.5633673450066498,0.3173827654198415,0.4620847785329013,0.40355093963277394,0.428622712798172,0.2644237789966729
HLM,RF,0.3,740,7,none,0.0,base,0.14872019138413295,0.5643629700595524,0.3185055619744392,0.45983885022006454,0.38763610068883925,0.41821676521314277,0.2656249042373215
HLM,RF,0.3,740,8,none,0.0,base,0.17137172316684512,0.5568038362572009,0.31003051207073573,0.46068821329207077,0.4158729937995611,0.4298198867875495,0.28985486583047715
HLM,RF,0.3,740,9,none,0.0,base,0.16196596438097555,0.559955059017904,0.31354966811974433,0.4631956103915855,0.4063114180683237,0.4167139347027046,0.27148806421448707
HLM,RF,0.3,740,10,none,0.0,base,0.2080717919979037,0.5443337348323389,0.2962992148765231,0.44728962919093807,0.47937257743331796,0.49675288033281056,0.30082830882624934
HLM,RF,0.3,740,11,none,0.0,base,0.19446981756877768,0.5489885073217767,0.3013883811713925,0.45075656943221565,0.44584573606217237,0.4411609289124069,0.3170235162846146
HLM,RF,0.3,740,12,none,0.0,base,0.14747948631674634,0.5647740881457719,0.31896977064088816,0.45613090064401274,0.40433218867511883,0.42406339420468786,0.27148222374762665
HLM,RF,0.3,740,13,none,0.0,base,0.16983311699225745,0.5573205362841388,0.31060618016404007,0.46415601720388333,0.41425982889929003,0.4088162782120281,0.285325889286042
HLM,RF,0.3,740,14,none,0.0,base,0.1513449067474445,0.5634922600367492,0.3175235271213235,0.45874708558899663,0.4002365414184751,0.4110470129264186,0.2745117074363232
HLM,RF,0.3,740,15,none,0.0,base,0.15472700709255838,0.5623683111358846,0.3162581173698271,0.4629712667152102,0.39705307174464316,0.4023894700034946,0.2730662289461803
HLM,RF,0.3,740,16,none,0.0,base,0.1969593825671062,0.5481395011342935,0.30045691270375224,0.45057554591585725,0.4507287600299057,0.4492654672287185,0.3343554687113546
HLM,RF,0.3,740,17,none,0.0,base,0.2127288819100206,0.5427308439221015,0.2945567689443965,0.44483076489660156,0.47697715000259266,0.480722199746923,0.32158730115791423
HLM,RF,0.3,740,18,none,0.0,base,0.12658027971792307,0.5716547819089631,0.32678918967938414,0.4705749984517799,0.36149648981558186,0.36966080118089506,0.26043730271139726
HLM,RF,0.3,740,19,none,0.0,base,0.1921317473776053,0.5497846560203947,0.30226316799546377,0.45338503695922316,0.452943952209889,0.44455346177523114,0.2985823267326902
HLM,RF,0.4,987,5,none,0.0,base,0.22510295914439393,0.5384487155357897,0.2899270192621417,0.44172580772651376,0.4883971321770932,0.5045318375083441,0.32702249456590127
HLM,RF,0.4,987,6,none,0.0,base,0.1646000994634369,0.5590743321664143,0.31256410888732217,0.4518449083394817,0.4138099054206786,0.4545592458687717,0.29545450490348024
HLM,RF,0.4,987,7,none,0.0,base,0.20851340750844005,0.5441819409325099,0.29613398483707376,0.4481791295404528,0.464024431682641,0.4874192629263866,0.31845251803402386
HLM,RF,0.4,987,8,none,0.0,base,0.2011782769263757,0.5466977384597752,0.2988784172370328,0.44967648991661247,0.4568624200513653,0.467703376095914,0.3066239960537145
HLM,RF,0.4,987,9,none,0.0,base,0.17982601501770346,0.5539560871634414,0.30686734650543024,0.4576562422642393,0.42720245908896737,0.4372738798427863,0.2987945037419673
HLM,RF,0.4,987,10,none,0.0,base,0.22399516755719828,0.5388334607942556,0.2903414984715147,0.44074261414886684,0.4996460043155965,0.506065416206114,0.3250103710493929
HLM,RF,0.4,987,11,none,0.0,base,0.20040947797850894,0.5469607505666009,0.2991660626603794,0.4483460103044071,0.4502888296047331,0.46105816834608937,0.33266139705659253
HLM,RF,0.4,987,12,none,0.0,base,0.1658089986460699,0.5586696701661636,0.3121118003635701,0.4503623782879332,0.41972615140285946,0.43236941541742074,0.29091326879334495
HLM,RF,0.4,987,13,none,0.0,base,0.22016553195779331,0.5401614139580623,0.2917743531291731,0.4491161897150752,0.47425329484555123,0.4632530130358015,0.3379976337502323
HLM,RF,0.4,987,14,none,0.0,base,0.19170520037358274,0.5499297774870713,0.3024227601669797,0.4500859100744334,0.4478563968742628,0.43942201094020583,0.30352133873131215
HLM,RF,0.4,987,15,none,0.0,base,0.14186928950286248,0.5666293503241603,0.32106882064878,0.4635695396893201,0.3830490155806722,0.37886337886254434,0.2783245981755621
HLM,RF,0.4,987,16,none,0.0,base,0.17714839769049273,0.5548595989797462,0.30786917457996477,0.45365583911823043,0.42776170428963817,0.4341323714792165,0.3179343749747145
HLM,RF,0.4,987,17,none,0.0,base,0.23211179966660134,0.5360080857503132,0.2873046679897151,0.44056545815841375,0.49138840409057555,0.5112584405433632,0.34257814051828295
HLM,RF,0.4,987,18,none,0.0,base,0.1788216687133538,0.5542951576162449,0.30724312175681784,0.4537770192089381,0.4247313669872963,0.42995424299741264,0.3089621313426418
HLM,RF,0.4,987,19,none,0.0,base,0.2103945403870987,0.5435348753214013,0.2954301606906513,0.4462267065935272,0.475621590718641,0.4725030241669718,0.31218074088534986
HLM,RF,0.5,1234,5,none,0.0,base,0.20548682507971294,0.545221402629467,0.2972663778852433,0.4439564402438353,0.4595106598540244,0.47858083016561404,0.32205968253619444
HLM,RF,0.5,1234,6,none,0.0,base,0.1679023085693373,0.5579682700386502,0.31132859036992416,0.4569832982308516,0.4194838266130655,0.46058301115690253,0.2867017967838793
HLM,RF,0.5,1234,7,none,0.0,base,0.21629064947699872,0.5415017422558576,0.2932241368661292,0.4421743948511324,0.47474034192194847,0.49783063514981635,0.32915413944890587
HLM,RF,0.5,1234,8,none,0.0,base,0.2142647492443338,0.542201185525886,0.2939821255856763,0.44771174920517776,0.46650320561206654,0.46448761960106116,0.33213152508036115
HLM,RF,0.5,1234,9,none,0.0,base,0.176935997216647,0.554931206568015,0.3079486440230329,0.4559539411187698,0.42326631225475025,0.44121918592954235,0.3144300187753766
HLM,RF,0.5,1234,10,none,0.0,base,0.22821795147452928,0.5373653763783104,0.28876154773020324,0.4393172799472873,0.4945666235306776,0.49641788962968836,0.3345056906061247
HLM,RF,0.5,1234,11,none,0.0,base,0.19401135450619578,0.5491447119904134,0.3015599147070341,0.4481533035451569,0.44231057957447795,0.4523626015359883,0.3348891002529741
HLM,RF,0.5,1234,12,none,0.0,base,0.1713306301266131,0.5568176424954248,0.31004588699416263,0.44748895932588967,0.4219874154706554,0.43906048835637584,0.31252142345034
HLM,RF,0.5,1234,13,none,0.0,base,0.22580184495604183,0.5382058451696545,0.28966553177478216,0.4440803197424214,0.48225865542395024,0.48719623573148374,0.34643212950016106
HLM,RF,0.5,1234,14,none,0.0,base,0.2335005817118857,0.5355231614574564,0.28678505645738883,0.43871518025242673,0.4869296235502947,0.4885920903159286,0.3552758404372288
HLM,RF,0.5,1234,15,none,0.0,base,0.13738601633998693,0.5681075894609382,0.32274623320311785,0.46329202202265346,0.3786225579789306,0.38136531978777405,0.2832151470340573
HLM,RF,0.5,1234,16,none,0.0,base,0.20306929686735797,0.5460502667843711,0.2981708938552828,0.44817009054875906,0.4567366848473426,0.46797052025524954,0.3313143884431501
HLM,RF,0.5,1234,17,none,0.0,base,0.2456192931435358,0.5312728598909545,0.2822508516567138,0.43628400758878066,0.5045952914082962,0.5164173744990053,0.3565025208268904
HLM,RF,0.5,1234,18,none,0.0,base,0.19846409798495357,0.5476257159831815,0.29989392480609217,0.44566932566547984,0.44711861955130994,0.4632155804599192,0.3346880167571265
HLM,RF,0.5,1234,19,none,0.0,base,0.22480653159060182,0.5385516942321661,0.29003792736033657,0.44404835635533946,0.48212232062716576,0.4935929384823537,0.3376457945221733
HLM,RF,0.6,1481,5,none,0.0,base,0.21771545716390328,0.5410092849230344,0.2926910463729329,0.44099258779911354,0.4696314961070906,0.490478887530214,0.3471270274135101
HLM,RF,0.6,1481,6,none,0.0,base,0.19173597843379908,0.5499193073387163,0.30241124458389357,0.4484701404249802,0.4449291168482041,0.48133189311028013,0.3110878940310872
HLM,RF,0.6,1481,7,none,0.0,base,0.2330092186018604,0.5356947820500936,0.2869688995156972,0.43817521591262093,0.4923753596355758,0.5084000417440898,0.34910377746106286
HLM,RF,0.6,1481,8,none,0.0,base,0.23465515908219658,0.5351196804361101,0.28635307239004465,0.439934740780613,0.4918695305900384,0.49282500507465915,0.35010691240721714
HLM,RF,0.6,1481,9,none,0.0,base,0.19233691345197723,0.549714839981916,0.3021864052963435,0.4509661395265368,0.4406802541925037,0.45183227243207397,0.3336951340857464
HLM,RF,0.6,1481,10,none,0.0,base,0.21273996370544113,0.5427270241113604,0.29455262270077315,0.44102812252394774,0.47249884415862264,0.4733862375679742,0.33210032813588825
HLM,RF,0.6,1481,11,none,0.0,base,0.19037167387329812,0.5503832282034679,0.3029216978876706,0.44705961165383445,0.43973582772415537,0.4527687552679856,0.33889446958587816
HLM,RF,0.6,1481,12,none,0.0,base,0.19269029528004644,0.5495945667567206,0.3020541878085074,0.4437798309142854,0.4472623271919804,0.46499457905423597,0.3250536498846189
HLM,RF,0.6,1481,13,none,0.0,base,0.21318541152325698,0.5425734593647753,0.29438595880705953,0.44460878009262167,0.46579290938193213,0.472436540210082,0.34743094140628306
HLM,RF,0.6,1481,14,none,0.0,base,0.24703761477109776,0.5307731981898575,0.2817201879166897,0.4342282904077666,0.5047699902813626,0.5084010958207458,0.3640132312421341
HLM,RF,0.6,1481,15,none,0.0,base,0.1652470551751415,0.5588578092854846,0.312322050999371,0.4563693759487052,0.40945126090739487,0.4177640007255998,0.3036250213188517
HLM,RF,0.6,1481,16,none,0.0,base,0.2124976894049423,0.542810528093152,0.2946432694087666,0.44581422483201544,0.46531641535146745,0.4742122994468706,0.3370338119866351
HLM,RF,0.6,1481,17,none,0.0,base,0.23365494326520764,0.5354692355526722,0.28672730222336323,0.4396005588469252,0.48961202991307,0.4988877711990629,0.3529978569002014
HLM,RF,0.6,1481,18,none,0.0,base,0.2017114491423848,0.5465152617630649,0.29867893133995127,0.4443713295679069,0.4531364342814476,0.4761261170164116,0.3314647072003483
HLM,RF,0.6,1481,19,none,0.0,base,0.21114450728905376,0.5432766894134723,0.2951495612600624,0.4447686812983353,0.4650263429869197,0.4799461165270342,0.3352313244897057
HLM,LightGBM,0.02,49,5,none,0.0,base,-0.034382521592956294,0.6221039098123202,0.3870132746037755,0.525979505823653,0.15872065853294665,0.1659826217299604,0.10717241773238936
HLM,LightGBM,0.02,49,6,none,0.0,base,0.046397687195732784,0.5973185359184477,0.3567894333517579,0.494952928709832,0.30409472027401985,0.30278447484508514,0.12048140192370248
HLM,LightGBM,0.02,49,7,none,0.0,base,-0.04306662792297766,0.624709872697971,0.39026242504631503,0.5175171625801761,0.215057931395358,0.19874755291781873,0.17404137266977127
HLM,LightGBM,0.02,49,8,none,0.0,base,-0.16375386737424025,0.6598616865141719,0.4354174453293272,0.5471264754831577,0.09230666652309098,0.11932601246942379,0.0728982055931987
HLM,LightGBM,0.02,49,9,none,0.0,base,-0.16437109742200384,0.6600366515484547,0.4356483813872963,0.5541483946455281,0.09880590689138574,0.10711685573687783,0.07803827961241366
HLM,LightGBM,0.02,49,10,none,0.0,base,-0.05773837879943766,0.6290881076770882,0.3957518472207397,0.523416227935005,0.06062238486560356,0.054217823153076494,0.03039625109314277
HLM,LightGBM,0.02,49,11,none,0.0,base,0.029874131332693787,0.6024713326529331,0.36297170666860107,0.49649727101371544,0.2623431980145219,0.26236963584983886,0.18872585197036354
HLM,LightGBM,0.02,49,12,none,0.0,base,0.03409506790962946,0.6011592527009871,0.3613924471080093,0.5097803044772896,0.20414270970394172,0.1695274506374137,0.0751724267394428
HLM,LightGBM,0.02,49,13,none,0.0,base,0.026952233345420185,0.6033779347380258,0.3640649321287253,0.5091886051289976,0.17964374106518097,0.17885662587722326,0.07485962562997446
HLM,LightGBM,0.02,49,14,none,0.0,base,0.04470083261290081,0.5978497385985067,0.3574243099423028,0.5009708952275342,0.2665133200843116,0.25711840450108664,0.19267348661504113
HLM,LightGBM,0.02,49,15,none,0.0,base,0.06088052243195863,0.5927652940172699,0.3513706937913804,0.49477955352353004,0.27664413766555196,0.27232430617569603,0.13519090195659794
HLM,LightGBM,0.02,49,16,none,0.0,base,-0.004471410142870225,0.6130432771067308,0.37582205960575993,0.4986694655097027,0.2528730758286633,0.25996098720769095,0.1791793535302271
HLM,LightGBM,0.02,49,17,none,0.0,base,-0.04917002960498151,0.6265349209777714,0.3925460072046223,0.5180099560585468,0.19215248997594306,0.17340871474215938,0.14950289967721883
HLM,LightGBM,0.02,49,18,none,0.0,base,0.05154935849051012,0.595702895953645,0.3548619402475592,0.5015288725908272,0.2589510018680484,0.24799271923117427,0.17309544947360594
HLM,LightGBM,0.02,49,19,none,0.0,base,-0.03187532426502404,0.6213495063296801,0.38607520901613723,0.5098149412088617,0.2370650346487867,0.2365676897130667,0.06059566443161189
HLM,LightGBM,0.05,123,5,none,0.0,base,-0.09901449942069984,0.6412450935546152,0.4111952700078672,0.5219675194384772,0.2700000013232072,0.25345970557401604,0.2496303327722061
HLM,LightGBM,0.05,123,6,none,0.0,base,-0.06529106269317175,0.6313300856076216,0.39857767699332686,0.5074820548725681,0.2607494671095958,0.2713798832943388,0.22918527764771066
HLM,LightGBM,0.05,123,7,none,0.0,base,-0.04959202423225073,0.6266609099892372,0.3927038961085388,0.5048958397541893,0.30781336638226164,0.3267189091424249,0.2872775303845457
HLM,LightGBM,0.05,123,8,none,0.0,base,-0.03336143528521185,0.6217967803836113,0.386631236095425,0.5067564546758824,0.2980869579078303,0.29473737418246154,0.271996896078634
HLM,LightGBM,0.05,123,9,none,0.0,base,-0.2582597919435432,0.6861317297645715,0.470776750589723,0.5583338020847606,0.19534643176118402,0.18777710236497264,0.18675730983940156
HLM,LightGBM,0.05,123,10,none,0.0,base,-0.1735013266280767,0.6626193841836888,0.439064448295971,0.5431034259740856,0.22763310929876568,0.23837543118666643,0.20951080771184344
HLM,LightGBM,0.05,123,11,none,0.0,base,-0.16431720425820018,0.660021376403325,0.4356282173093396,0.5388696038612995,0.17156795638923045,0.16545134477289034,0.14771353404232118
HLM,LightGBM,0.05,123,12,none,0.0,base,-0.13251750132331908,0.6509457638960683,0.4237303875342358,0.5059080612807347,0.27670341404176646,0.29815211986942763,0.23754533689479526
HLM,LightGBM,0.05,123,13,none,0.0,base,-0.1626874189519829,0.6595592730204854,0.4350184346273112,0.5369633168508854,0.2636132644664561,0.26288390002620954,0.2523106193122051
HLM,LightGBM,0.05,123,14,none,0.0,base,-0.18675676661222784,0.6663512279910107,0.4440239590451278,0.5349487896815676,0.2261422076692272,0.21417161955898825,0.21181747935089817
HLM,LightGBM,0.05,123,15,none,0.0,base,-0.2074570848558135,0.6721376080739548,0.4517689641873773,0.536919198722203,0.19256935356284005,0.1930891603718286,0.1752492251967705
HLM,LightGBM,0.05,123,16,none,0.0,base,-0.12957689070770795,0.6501001159524047,0.4226301607613301,0.5273753936418328,0.2718798793424774,0.2612774066926863,0.25790422417729436
HLM,LightGBM,0.05,123,17,none,0.0,base,-0.08048083138619222,0.6358151579351791,0.40426091506013667,0.5171213238785412,0.25042402081012277,0.2549643614749615,0.22543655331978799
HLM,LightGBM,0.05,123,18,none,0.0,base,-0.1422755592955398,0.6537441059020507,0.42738135600167165,0.5306887993405531,0.19455492696032223,0.20625953739179667,0.17273096245673605
HLM,LightGBM,0.05,123,19,none,0.0,base,-0.15457615402634395,0.6572546023212078,0.43198361227240906,0.5387817119394814,0.15522247317531554,0.15204796680153884,0.1307094533354922
HLM,LightGBM,0.08,197,5,none,0.0,base,-0.03204299195268634,0.6213999852978426,0.386137941728159,0.5013712811688856,0.3098073440016341,0.30870249408629286,0.2836082338052298
HLM,LightGBM,0.08,197,6,none,0.0,base,-0.13857454239652078,0.6526841685786108,0.42599662391315235,0.521091941111791,0.22948107999943426,0.24871666268902753,0.2102517596334365
HLM,LightGBM,0.08,197,7,none,0.0,base,-0.07834931174762971,0.6351876958320686,0.40346340893645244,0.5011838650420274,0.30763628128744985,0.32961159569138615,0.28693890500514063
HLM,LightGBM,0.08,197,8,none,0.0,base,-0.15062799698783413,0.6561298750450911,0.4305064129266869,0.5286357783523358,0.23082897483592799,0.2446518860115264,0.21359420899664402
HLM,LightGBM,0.08,197,9,none,0.0,base,-0.1454942255215539,0.6546645072301939,0.4285856170269526,0.5337610199306707,0.24707642691661583,0.24328356596607187,0.23220304634879846
HLM,LightGBM,0.08,197,10,none,0.0,base,-0.09336840628052023,0.6395958015984125,0.40908278942231585,0.5200429162030326,0.3006600529537338,0.30342871719351744,0.28355963994638245
HLM,LightGBM,0.08,197,11,none,0.0,base,-0.1508721078930111,0.6561994718061279,0.4305977467986412,0.5253172886599962,0.23472458899546303,0.2290988306967519,0.21806764788231767
HLM,LightGBM,0.08,197,12,none,0.0,base,0.014097470782203358,0.6073504176233215,0.3688745297872231,0.47597011243680176,0.34276802856695426,0.3502285895168269,0.309154475617998
HLM,LightGBM,0.08,197,13,none,0.0,base,-0.14589342957883122,0.6547785723891295,0.42873497885994655,0.537140133092107,0.2906480516230876,0.3012047697044243,0.2771637910175903
HLM,LightGBM,0.08,197,14,none,0.0,base,-0.12391645316487243,0.6484692076194842,0.4205123132306417,0.5143595947868219,0.2792279157544761,0.29217254109406343,0.26560193263114623
HLM,LightGBM,0.08,197,15,none,0.0,base,-0.18616138902546164,0.6661840579490467,0.4438011990654588,0.533189329333024,0.23315636503793205,0.2257338837912915,0.22003367484700942
HLM,LightGBM,0.08,197,16,none,0.0,base,-0.16846118732674142,0.661194891681063,0.4371786847851327,0.518911258779357,0.2544410945405088,0.2600846480415804,0.23894149299918807
HLM,LightGBM,0.08,197,17,none,0.0,base,-0.09405854777640688,0.6397976283419071,0.4093410052319292,0.516415850835475,0.25854981974889824,0.26279005147060974,0.23502166936903102
HLM,LightGBM,0.08,197,18,none,0.0,base,-0.11865749938182191,0.6469502921257211,0.4185446804815558,0.5204942139206409,0.2933385852295842,0.29787743533915323,0.28094866167245747
HLM,LightGBM,0.08,197,19,none,0.0,base,-0.1518126286243886,0.6564675481470993,0.4309496417702642,0.525482703346362,0.22375576414712253,0.2317019372717734,0.2070344613863943
HLM,LightGBM,0.1,247,5,none,0.0,base,-0.012324816732806942,0.6154351342750488,0.37876040450014736,0.4836722807489491,0.3617905295036996,0.3746476121313643,0.3454479783593498
HLM,LightGBM,0.1,247,6,none,0.0,base,-0.1283786363176902,0.6497552115812549,0.42218183497700135,0.5262918501211492,0.23152068693544833,0.22274220856799767,0.21196337419806113
HLM,LightGBM,0.1,247,7,none,0.0,base,-0.08127276007589535,0.6360481227511336,0.4045572144552412,0.5034062861330877,0.31374949768026794,0.3244124268585079,0.29593786812788575
HLM,LightGBM,0.1,247,8,none,0.0,base,-0.10524975697569094,0.6430615724178224,0.41352818592048224,0.5207267922705863,0.2642692349154365,0.26412145312391666,0.2454028323066979
HLM,LightGBM,0.1,247,9,none,0.0,base,-0.17450421405673722,0.6629024647037856,0.43943967771035364,0.544384539779154,0.23180946298524877,0.23958918154182338,0.21857290374512184
HLM,LightGBM,0.1,247,10,none,0.0,base,-0.06488459829497373,0.6312096313511197,0.39842559871041644,0.5065182576668161,0.289907516920294,0.31118188805475827,0.2689463387570242
HLM,LightGBM,0.1,247,11,none,0.0,base,-0.08718905325204584,0.6377858497467448,0.4067707901371773,0.5065759769304444,0.2912524260201148,0.2966543207803628,0.27387043616744666
HLM,LightGBM,0.1,247,12,none,0.0,base,-0.01775527953245537,0.6170836306295636,0.38079220719096374,0.48906685334789,0.3428989993955447,0.346425712324568,0.3183049580600687
HLM,LightGBM,0.1,247,13,none,0.0,base,-0.10725554854400987,0.6436448174277891,0.41427865100165195,0.5274699376386447,0.3002683300910018,0.3088420692610626,0.28733838057464567
HLM,LightGBM,0.1,247,14,none,0.0,base,-0.12647397475053213,0.6492065985441704,0.42146920759329165,0.5197081882717848,0.2596341301264129,0.2729364905247629,0.24355958762962324
HLM,LightGBM,0.1,247,15,none,0.0,base,-0.16595383459918156,0.6604850952556506,0.4362405610548658,0.5182519927858888,0.2611741565260316,0.2720660288803798,0.24591591499776902
HLM,LightGBM,0.1,247,16,none,0.0,base,-0.1142601537854937,0.6456774873322351,0.4168994176476686,0.509347283030768,0.30018544748093046,0.29457640147190933,0.28546143389709777
HLM,LightGBM,0.1,247,17,none,0.0,base,-0.07726433962271084,0.6348680710258029,0.4030574676080239,0.5059808294543948,0.27678016588605403,0.27986575907879296,0.25452989170034773
HLM,LightGBM,0.1,247,18,none,0.0,base,-0.0952300008752387,0.6401400654057423,0.4097793033376681,0.5120894479483223,0.2952712294494767,0.3053823840024935,0.280135101925734
HLM,LightGBM,0.1,247,19,none,0.0,base,-0.0701148477889566,0.6327578460801534,0.4003824917759951,0.5136253402300334,0.2985026382496939,0.2843572054193037,0.2800013272517297
HLM,LightGBM,0.15,370,5,none,0.0,base,-0.05431368443864515,0.6280688664129321,0.39447050095722563,0.49256590222687535,0.34720474134410956,0.36762285965781033,0.33445370692696264
HLM,LightGBM,0.15,370,6,none,0.0,base,0.04811447855597706,0.596780610806161,0.3561470974341745,0.4768938015432547,0.3796354029885746,0.38424783380420247,0.35425285059459416
HLM,LightGBM,0.15,370,7,none,0.0,base,-0.02369697943843896,0.6188822899208174,0.3830152887776347,0.49041031567899995,0.3444344177200986,0.3544717365318768,0.32639037040921637
HLM,LightGBM,0.15,370,8,none,0.0,base,-0.08317888711235599,0.636608506181743,0.40527039014295035,0.5068409475018971,0.30827507777259217,0.3251656031930182,0.293506253778343
HLM,LightGBM,0.15,370,9,none,0.0,base,-0.07827541550696893,0.6351659316474559,0.4034357607255807,0.5047130309229466,0.2833129068532857,0.2859224064167544,0.263460172363346
HLM,LightGBM,0.15,370,10,none,0.0,base,-0.034907999262395295,0.6222619075544428,0.38720988159329384,0.4940727368729042,0.31563170975249855,0.3306806608032765,0.29386892365254935
HLM,LightGBM,0.15,370,11,none,0.0,base,0.01525752146219772,0.6069929965708548,0.36844049788606575,0.48334280753183345,0.36750431093959657,0.35213518280489614,0.34626951407454937
HLM,LightGBM,0.15,370,12,none,0.0,base,-0.004510907184725355,0.6130553297932035,0.3758368373878535,0.4872740956756028,0.33314760775315194,0.33166149198630146,0.30373730450263514
HLM,LightGBM,0.15,370,13,none,0.0,base,-0.06520806852188477,0.631305492451975,0.39854662480003067,0.5193553643475158,0.3317392121534671,0.33407694720736364,0.31586913592413746
HLM,LightGBM,0.15,370,14,none,0.0,base,-0.08847483254501398,0.6381628814682904,0.4072518632839113,0.5030568546854036,0.2912758624654976,0.2982977034146666,0.27419575649475425
HLM,LightGBM,0.15,370,15,none,0.0,base,-0.08941747245656084,0.6384391522650038,0.4076045511448567,0.4905612564191408,0.3222713298474897,0.32868729900998556,0.3078560955315495
HLM,LightGBM,0.15,370,16,none,0.0,base,-0.03026218226964117,0.6208636351193704,0.38547165341363865,0.48367197971127535,0.32614148916692187,0.3190938131440713,0.3018016071775571
HLM,LightGBM,0.15,370,17,none,0.0,base,0.005166678942323144,0.6100950560262758,0.3722159773877046,0.49221961847893936,0.3181473011228872,0.32636521955513526,0.28365887842475773
HLM,LightGBM,0.15,370,18,none,0.0,base,-0.033116970972313364,0.6217232261998057,0.38653976999629475,0.4974416138837638,0.3421078704701129,0.35423271822282637,0.3252454293863671
HLM,LightGBM,0.15,370,19,none,0.0,base,-0.04973937488740443,0.6267048964396446,0.3927590272214256,0.5039050679971779,0.3157749334202384,0.3061565133241906,0.29644022799142256
HLM,LightGBM,0.2,494,5,none,0.0,base,0.036787624903170335,0.6003207720635513,0.3603850293709783,0.4745937702123898,0.3701673550773226,0.3886608157068061,0.3454189618102907
HLM,LightGBM,0.2,494,6,none,0.0,base,0.0806165519402734,0.5865036030560059,0.3439864763976769,0.47380181606747906,0.39929164354611946,0.4116241841685592,0.3671486621290889
HLM,LightGBM,0.2,494,7,none,0.0,base,0.0643126736747579,0.5916811282627512,0.3500865575422822,0.4718821278830565,0.38748265517224306,0.38761049259204367,0.35911282737510813
HLM,LightGBM,0.2,494,8,none,0.0,base,0.001265961580910857,0.6112899698356092,0.3736754272216201,0.4867781347195543,0.34072006887346007,0.3533362645906569,0.3162946913226378
HLM,LightGBM,0.2,494,9,none,0.0,base,0.07208570434808814,0.5892183680297115,0.3471782852235965,0.47061125600726517,0.38842099376197997,0.4001464205886594,0.3561879821280415
HLM,LightGBM,0.2,494,10,none,0.0,base,-0.0009371363172006042,0.6119638177912667,0.3744997142856627,0.4881989582420315,0.3421346062608994,0.3616577370246159,0.31852564164872743
HLM,LightGBM,0.2,494,11,none,0.0,base,0.03014471999298385,0.6023873057832333,0.36287046616878266,0.4788875751091991,0.40363555736500606,0.39670935941441476,0.3894278211759594
HLM,LightGBM,0.2,494,12,none,0.0,base,0.03576991386127504,0.6006378318310442,0.3607658050266978,0.481327480262975,0.36611436051999974,0.37260018391837535,0.33775276607543403
HLM,LightGBM,0.2,494,13,none,0.0,base,0.022291488245083646,0.6048212509875807,0.36580874564618204,0.49507467016500034,0.36385448020352357,0.35621474226476835,0.33966400829612464
HLM,LightGBM,0.2,494,14,none,0.0,base,-0.08176394207469762,0.6361925728511385,0.40474098975095113,0.4989179880206906,0.3127741544826246,0.3173069475386145,0.2975204066372238
HLM,LightGBM,0.2,494,15,none,0.0,base,-0.0233266479349179,0.6187703367035522,0.38287672958422736,0.4920657345533528,0.3648961391824869,0.3666596135585103,0.35019727430722764
HLM,LightGBM,0.2,494,16,none,0.0,base,-0.012849426067596426,0.6155945797381995,0.37895668660305054,0.4820292890134229,0.33236113762497077,0.3164459725841357,0.303449719392942
HLM,LightGBM,0.2,494,17,none,0.0,base,0.08042382556013583,0.5865650729429551,0.3440585847965743,0.47151473099117786,0.37917390009943786,0.4069146467969982,0.3418081612077157
HLM,LightGBM,0.2,494,18,none,0.0,base,0.05176828740111117,0.59563413954864,0.3547800281958487,0.48136691782330865,0.3852228813972181,0.39000710297923114,0.3611613101548871
HLM,LightGBM,0.2,494,19,none,0.0,base,0.014474098859764029,0.6072343985121368,0.3687336147363965,0.4869660836175965,0.3632459441124417,0.36127592989245416,0.3363260150745978
HLM,LightGBM,0.25,617,5,none,0.0,base,0.12193262646721348,0.5731737126676992,0.3285281048932742,0.4584025810103181,0.4286257045853436,0.44134169020432185,0.39746043119816843
HLM,LightGBM,0.25,617,6,none,0.0,base,0.09872945865108607,0.5806974676322071,0.33720954891445826,0.4619035254192954,0.4112027979514409,0.4181816464640664,0.3767089684733122
HLM,LightGBM,0.25,617,7,none,0.0,base,0.047113142253747964,0.5970944200844797,0.3565217464960211,0.474000359420956,0.3890233456990006,0.4006104199908044,0.3672277698671283
HLM,LightGBM,0.25,617,8,none,0.0,base,0.04499825837243576,0.597756663171848,0.35731302836634204,0.4779187491326554,0.37529296996624373,0.3863353683484938,0.34992347819099356
HLM,LightGBM,0.25,617,9,none,0.0,base,0.11160204587315092,0.576535586218363,0.3323932821761515,0.46234541766988263,0.41943879877517776,0.4237145719591037,0.38791477226114046
HLM,LightGBM,0.25,617,10,none,0.0,base,0.04531801993492812,0.5976565818847215,0.35719338987012883,0.4720947501661363,0.3608406371834178,0.3787926528898437,0.3287245972161673
HLM,LightGBM,0.25,617,11,none,0.0,base,0.03217952867630858,0.6017550534566096,0.3621091443605671,0.4731513698029391,0.40660817087837803,0.40746600601565963,0.3909152924089189
HLM,LightGBM,0.25,617,12,none,0.0,base,0.050485019066902725,0.5960370473969372,0.35526016186965875,0.4734234680745587,0.3765070609029385,0.37887219711359355,0.34827860004181327
HLM,LightGBM,0.25,617,13,none,0.0,base,0.05726475219300853,0.5939053215117586,0.3527235309199854,0.4784594472529084,0.38907660301807595,0.392958620452849,0.36308011609432356
HLM,LightGBM,0.25,617,14,none,0.0,base,-0.014925373439691247,0.6162251215376178,0.3797334004140518,0.48188252706604556,0.36159771846625677,0.3727956251559144,0.3441947270576617
HLM,LightGBM,0.25,617,15,none,0.0,base,0.013471087340735766,0.607543324034654,0.3691088905790767,0.4775226454333339,0.3860261910985467,0.3898049773531415,0.36767653994614835
HLM,LightGBM,0.25,617,16,none,0.0,base,0.05567677106507696,0.5944053100426798,0.35331767260693436,0.4615386570662044,0.39624099330526963,0.39302194217977077,0.3674335468823281
HLM,LightGBM,0.25,617,17,none,0.0,base,0.10599009785481162,0.5783536871116056,0.33449298739558897,0.46652638298734456,0.4172294433638223,0.42795777039252714,0.3868507445246717
HLM,LightGBM,0.25,617,18,none,0.0,base,0.011765265382339463,0.6080683533164583,0.36974712230498913,0.4886982860751467,0.3678635419292761,0.3751842142768414,0.34834427554387953
HLM,LightGBM,0.25,617,19,none,0.0,base,0.04546909414585354,0.5976092917552863,0.35713686559225494,0.4769043082271399,0.3904925574615692,0.3861373561922814,0.36673724394641716
HLM,LightGBM,0.3,740,5,none,0.0,base,0.14984802388450413,0.5639889932221436,0.31808358447572715,0.44857047026127644,0.44500103456071216,0.45047986637320664,0.410155475772967
HLM,LightGBM,0.3,740,6,none,0.0,base,0.1311210878383463,0.5701668619564718,0.3250902504732904,0.45125062833175267,0.44256366151321114,0.45405393180354786,0.4108595760978255
HLM,LightGBM,0.3,740,7,none,0.0,base,0.10578871854329885,0.5784188216861966,0.3345683332808481,0.45754936177557815,0.4307523142680353,0.4446172205583273,0.4072311818309381
HLM,LightGBM,0.3,740,8,none,0.0,base,0.07050635503809954,0.5897195921145534,0.34776919732375516,0.46584286649512746,0.39918987510609466,0.4112473646186236,0.3739365134762357
HLM,LightGBM,0.3,740,9,none,0.0,base,0.06154175407093265,0.5925565750021642,0.3511232945782955,0.47209991813604063,0.3888397479490758,0.40084049150287193,0.36292530823046343
HLM,LightGBM,0.3,740,10,none,0.0,base,0.039812764037880255,0.5993773238369513,0.3592531763299456,0.4726331082506101,0.3579805224083069,0.38789817839157836,0.32621830501501164
HLM,LightGBM,0.3,740,11,none,0.0,base,0.13824080518789672,0.567826042672666,0.3224264147373003,0.4571242798649847,0.45299385059868913,0.45131027310466076,0.42749056118708917
HLM,LightGBM,0.3,740,12,none,0.0,base,0.09509202001120698,0.5818681064085374,0.33857049325545696,0.4614600768227647,0.4107528632389561,0.4068590378260961,0.38001149809197843
HLM,LightGBM,0.3,740,13,none,0.0,base,0.12699459230133137,0.5715191816598579,0.3266341750051537,0.45694836560589275,0.426273206550772,0.42282326016428073,0.39181528467166143
HLM,LightGBM,0.3,740,14,none,0.0,base,0.015930313273261665,0.6067856074802401,0.3681887734451641,0.4687759159350176,0.3747216541564184,0.39072007014569193,0.3528016681181723
HLM,LightGBM,0.3,740,15,none,0.0,base,0.07473093455755464,0.5883779183140295,0.34618857475955084,0.46737191802184913,0.41367215010228653,0.4260354430821777,0.39165257770262507
HLM,LightGBM,0.3,740,16,none,0.0,base,0.11512430706431998,0.57539154614251,0.3310754313722682,0.45041699817505493,0.43894783527501163,0.4302997744670951,0.41251078341724223
HLM,LightGBM,0.3,740,17,none,0.0,base,0.13185302576948132,0.5699266589357336,0.3248163965656479,0.4564682853923881,0.4462910867311121,0.4463198114496756,0.41968881443218725
HLM,LightGBM,0.3,740,18,none,0.0,base,0.05514061748245902,0.5945740273335242,0.3535182739796064,0.47526839397984694,0.39882724571809886,0.40132755204551585,0.37814497234387107
HLM,LightGBM,0.3,740,19,none,0.0,base,0.12482744076408148,0.5722281125313136,0.3274450127711497,0.4587759961812414,0.43273777777539174,0.427939156941333,0.3988973118523788
HLM,LightGBM,0.4,987,5,none,0.0,base,0.2218401221894042,0.5395811400755949,0.2911478067252788,0.43132941693612065,0.5003523240392369,0.5189878818252501,0.4622713475422274
HLM,LightGBM,0.4,987,6,none,0.0,base,0.17269917227534914,0.55635766212089,0.30953384820062235,0.4397350579044078,0.4602161124496212,0.4630571347420879,0.42103516335535723
HLM,LightGBM,0.4,987,7,none,0.0,base,0.1830625699733126,0.552862001251966,0.30565639242832887,0.44261679072692484,0.47160708632838905,0.476870629354993,0.43503057326251615
HLM,LightGBM,0.4,987,8,none,0.0,base,0.11550329656799452,0.5752683137423965,0.3309336327960203,0.4574454636486093,0.42692646122366246,0.43505432862462445,0.3977068689703381
HLM,LightGBM,0.4,987,9,none,0.0,base,0.14349082355120613,0.5660937423848986,0.32046212516733996,0.45241632127258713,0.44641138149965426,0.4429403902720848,0.41571367658734387
HLM,LightGBM,0.4,987,10,none,0.0,base,0.1211546963511142,0.5734275601458875,0.32881916673486533,0.4543378302898503,0.4223341281648092,0.42782865885675747,0.38114708497279726
HLM,LightGBM,0.4,987,11,none,0.0,base,0.1294706893769021,0.5707081088862309,0.325707745548498,0.4481551908625405,0.4428253018129021,0.4557155936696182,0.4157174269014211
HLM,LightGBM,0.4,987,12,none,0.0,base,0.12008937266958408,0.5737750052208328,0.32921775661616665,0.4538006298020776,0.42755294221983214,0.42495992496441753,0.39551336451118946
HLM,LightGBM,0.4,987,13,none,0.0,base,0.18299732410795277,0.5528840783647072,0.30568080410919174,0.4430739126482395,0.4735785566410438,0.47187805954669576,0.4396157599143421
HLM,LightGBM,0.4,987,14,none,0.0,base,0.09851394848868011,0.5807668911402041,0.33729018184465764,0.4551180634275713,0.4290703750626353,0.43683335292812797,0.40411679883635065
HLM,LightGBM,0.4,987,15,none,0.0,base,0.10906049740226287,0.5773596801063576,0.33334420021251565,0.4662044476025152,0.42536687370565734,0.40398444223918134,0.39831455162610735
HLM,LightGBM,0.4,987,16,none,0.0,base,0.163376707447473,0.5594835474716058,0.3130218398914126,0.444210708407102,0.46261499910819687,0.4504893530631109,0.43129437233084345
HLM,LightGBM,0.4,987,17,none,0.0,base,0.20731675455019105,0.5445931614032355,0.2965817114471706,0.42861047261546026,0.498045962710471,0.500869486730764,0.46764390809855966
HLM,LightGBM,0.4,987,18,none,0.0,base,0.12521511261573082,0.572101359640358,0.32729996570234626,0.4531451591281503,0.4406041459767992,0.4302854287408985,0.4145510917432234
HLM,LightGBM,0.4,987,19,none,0.0,base,0.15727444690356907,0.561520253502884,0.31530499509394316,0.447270488902522,0.44736668050966777,0.4442037911264848,0.40645834052323576
HLM,LightGBM,0.5,1234,5,none,0.0,base,0.18015386612696493,0.5538453586631295,0.30674468131269056,0.43773894797469093,0.475615222889662,0.4954450797129239,0.4441265312403103
HLM,LightGBM,0.5,1234,6,none,0.0,base,0.19849568023933417,0.5476149270559513,0.29988210833449486,0.4375290206633539,0.4788815256440678,0.4816177535575568,0.4347138572719942
HLM,LightGBM,0.5,1234,7,none,0.0,base,0.20379502533584437,0.5458015786093078,0.29789936321241234,0.4351652269420254,0.48408466037067366,0.49704712197496204,0.443139096279137
HLM,LightGBM,0.5,1234,8,none,0.0,base,0.16459631468868974,0.5590755986066044,0.312565524957333,0.44699995893586697,0.462261955137972,0.4503194153388102,0.4306455363027971
HLM,LightGBM,0.5,1234,9,none,0.0,base,0.17762605240465568,0.5546985311909823,0.3076904605054332,0.4415125236411359,0.4686780122794539,0.47386257737975074,0.4342546360595489
HLM,LightGBM,0.5,1234,10,none,0.0,base,0.10607797491892546,0.5783252616585294,0.3344601082724065,0.45713319899646,0.4238301548845475,0.42816218413623586,0.39614386522635336
HLM,LightGBM,0.5,1234,11,none,0.0,base,0.17271906747498433,0.5563509723455791,0.3095264044298712,0.44716757524268524,0.47824923115312235,0.46916103556526345,0.4524959285675691
HLM,LightGBM,0.5,1234,12,none,0.0,base,0.19208309678003044,0.5498012100496503,0.3022813705720597,0.43123970091147207,0.48151102560510467,0.47528794611056435,0.44714079094921005
HLM,LightGBM,0.5,1234,13,none,0.0,base,0.18526626952875203,0.552115821413177,0.3048318802547472,0.4415161600265556,0.47394874876524523,0.4726402083873755,0.43765952488036963
HLM,LightGBM,0.5,1234,14,none,0.0,base,0.2052774128505641,0.54529325071863,0.2973447292792906,0.4321840888130902,0.5024768117408032,0.507603879649363,0.4761277074457217
HLM,LightGBM,0.5,1234,15,none,0.0,base,0.1365032873587564,0.568398192682092,0.32307650544426864,0.45439418248524793,0.4385764458665397,0.44113537398079494,0.4067192680043134
HLM,LightGBM,0.5,1234,16,none,0.0,base,0.17920753893543562,0.5541649111646006,0.30709874876606974,0.4402510087038679,0.4689308246846358,0.4577217329287151,0.4333234488788323
HLM,LightGBM,0.5,1234,17,none,0.0,base,0.19442677896272487,0.5490031730568524,0.3014044840264922,0.4369644301603944,0.4921745079651414,0.4940566036650712,0.4646748190369538
HLM,LightGBM,0.5,1234,18,none,0.0,base,0.21683106468477786,0.5413150108858057,0.29302194101029994,0.43281869010894186,0.5094204832771613,0.5131878121708773,0.4821261159559453
HLM,LightGBM,0.5,1234,19,none,0.0,base,0.21485067462023788,0.5419989872149745,0.29376290214205814,0.43552453524109946,0.49706274999728506,0.49022377527026917,0.46104975464887327
HLM,LightGBM,0.6,1481,5,none,0.0,base,0.2368493917328871,0.5343520396238964,0.28553210225021813,0.42091815426665824,0.5156321049299749,0.5264746540935707,0.4809672780026864
HLM,LightGBM,0.6,1481,6,none,0.0,base,0.2177587103293861,0.5409943282887711,0.2926748632406187,0.43092076575296806,0.49681851327043164,0.5036915841583715,0.4556594340644909
HLM,LightGBM,0.6,1481,7,none,0.0,base,0.20631303963718195,0.5449378409177194,0.29695725046406557,0.4349701814896613,0.4828594620864334,0.48689973168089984,0.43818880493261847
HLM,LightGBM,0.6,1481,8,none,0.0,base,0.17405987972147852,0.5558999377171202,0.3090247407538982,0.44472875626382996,0.4721441654003692,0.459138231990106,0.4415987734065834
HLM,LightGBM,0.6,1481,9,none,0.0,base,0.210432362461221,0.5435218575146756,0.29541600959620334,0.42776424317764433,0.504408763436528,0.5144976181073291,0.47690743013887343
HLM,LightGBM,0.6,1481,10,none,0.0,base,0.17273596989477802,0.5563452888314604,0.30952008040496115,0.4349447274475047,0.4682909109221378,0.4662670552515524,0.43604108289460947
HLM,LightGBM,0.6,1481,11,none,0.0,base,0.24033517417361294,0.5331302842058934,0.2842278999374566,0.42356609950287727,0.5308663642653828,0.5326223376617515,0.5064096282427915
HLM,LightGBM,0.6,1481,12,none,0.0,base,0.16959872459078884,0.5573992087065774,0.3106938778667187,0.4457568884155578,0.46596642143997496,0.4588997278647902,0.43327002360728606
HLM,LightGBM,0.6,1481,13,none,0.0,base,0.22106326253603004,0.5398504126646751,0.2914384680542201,0.4313361478888071,0.5045623016928767,0.5043518732012178,0.4707763354680526
HLM,LightGBM,0.6,1481,14,none,0.0,base,0.21588268259489984,0.5416426656957678,0.29337677730201733,0.42724198118977047,0.5005917142929409,0.5052014075676008,0.4672366882642273
HLM,LightGBM,0.6,1481,15,none,0.0,base,0.15108498320180075,0.5635785457930858,0.3176207772782492,0.45438792291835206,0.4492631500170174,0.442220018859845,0.41574892982053174
HLM,LightGBM,0.6,1481,16,none,0.0,base,0.2045130433761464,0.545555421033644,0.29763071741919656,0.4365435075206736,0.4893654939354742,0.48280785752058286,0.45410708764994234
HLM,LightGBM,0.6,1481,17,none,0.0,base,0.2051198833180824,0.5453472919249,0.297403668809822,0.4322757594151256,0.49537503670597377,0.5016386798886084,0.46383728991793094
HLM,LightGBM,0.6,1481,18,none,0.0,base,0.23710165690129625,0.5342637152831285,0.2854377174681318,0.42540030116707644,0.5184635286849495,0.5196747798763645,0.48539975902661153
HLM,LightGBM,0.6,1481,19,none,0.0,base,0.3029838172774407,0.5106740324382433,0.26078796740673593,0.4097527333383775,0.5614628090423502,0.5590411493662628,0.5180798361090178
HLM,FCNN,0.02,49,5,none,0.0,base,-0.04250750822714133,0.6245424172331154,0.39005323092338284,0.5337025371518676,0.07265472051162811,0.07131995775089167,0.037013343159772255
HLM,FCNN,0.02,49,6,none,0.0,base,-0.0012433629127628354,0.6120574227034384,0.3746142886863755,0.5092595206660052,0.20679067018509642,0.19916760419168353,0.07901037974316229
HLM,FCNN,0.02,49,7,none,0.0,base,-0.029322447032712917,0.6205804156868356,0.3851200523340457,0.5239059165794594,0.09594502657185228,0.08464816575503743,0.051092127298591375
HLM,FCNN,0.02,49,8,none,0.0,base,-0.02814504157735409,0.6202253841625277,0.3846795271595551,0.5347193135574057,0.11185173690291872,0.0892379240256126,0.05624999256915274
HLM,FCNN,0.02,49,9,none,0.0,base,0.048461453159689416,0.5966718337607975,0.35601727720347276,0.5106732181879062,0.24568091889466145,0.26436360795374847,0.11832816244634337
HLM,FCNN,0.02,49,10,none,0.0,base,0.004001618153051112,0.6104521961764631,0.3726518838166669,0.518427125722811,0.15075906855916626,0.16983987513596968,0.07837292661097595
HLM,FCNN,0.02,49,11,none,0.0,base,0.03855382844400734,0.5997701275748978,0.3597242059312092,0.5051264879299583,0.21561299691050603,0.2136941430986097,0.11251774300700414
HLM,FCNN,0.02,49,12,none,0.0,base,0.02678402091737886,0.6034300859709116,0.3641278686548618,0.503004282087789,0.18446281808915915,0.20495394514034135,0.08918039455045047
HLM,FCNN,0.02,49,13,none,0.0,base,-0.009841841046698052,0.6146799178577813,0.37783140141764876,0.5203507456718495,0.12245535075141896,0.12161298869389574,0.06359708183661734
HLM,FCNN,0.02,49,14,none,0.0,base,0.029895156268630485,0.6024648041238971,0.3629638402080458,0.5168499788625897,0.1965413014247657,0.21790805876834501,0.08717889346559095
HLM,FCNN,0.02,49,15,none,0.0,base,-0.04730153152730798,0.625976765030009,0.391846910357435,0.5178765071336073,0.09122499062314095,0.09442446964780526,0.03572041438800931
HLM,FCNN,0.02,49,16,none,0.0,base,-0.0004921096559631355,0.6118277600495892,0.3743332079672977,0.49953010645517026,0.2304263640238558,0.21490237203828208,0.14821046752781475
HLM,FCNN,0.02,49,17,none,0.0,base,-0.08626633962446872,0.637515143096349,0.4064255576771584,0.5251005970299544,0.1157979242104978,0.1269323479747476,0.07284973992833342
HLM,FCNN,0.02,49,18,none,0.0,base,0.013296277010887203,0.6075971491902683,0.3691742957041411,0.5187667461090211,0.16204085407773242,0.15226080736075429,0.07559076493593539
HLM,FCNN,0.02,49,19,none,0.0,base,-0.08522775312981912,0.6372103039734054,0.40603697148987966,0.5250620067789453,0.055483745173349426,0.04655751181998386,0.014169403483153245
HLM,FCNN,0.05,123,5,none,0.0,base,0.01349489469494869,0.607535993237658,0.3690999830792676,0.5234582903331152,0.1898143149278471,0.17311118918335103,0.07028485095447119
HLM,FCNN,0.05,123,6,none,0.0,base,0.0358114712817168,0.6006248882254548,0.36075025635584007,0.5080460736268176,0.1990003471924711,0.1939403095085201,0.06903472231331727
HLM,FCNN,0.05,123,7,none,0.0,base,0.0554100798734698,0.5944892386514737,0.35341745487240894,0.5056310354610184,0.24293762126372154,0.25063112298823687,0.08607298382374348
HLM,FCNN,0.05,123,8,none,0.0,base,0.0368793849161313,0.600292176732327,0.3603506974460353,0.5163550122785475,0.22495592024343208,0.2117278016605745,0.09921621759415507
HLM,FCNN,0.05,123,9,none,0.0,base,0.047757599398813744,0.5968924722632152,0.3562806234444931,0.5132244359909107,0.26430008943107997,0.27132146512342487,0.10815715180380482
HLM,FCNN,0.05,123,10,none,0.0,base,0.00388677368533219,0.6104873895251637,0.37269485276924896,0.5272069454968523,0.2597633454474423,0.26506546875154097,0.09527712295078776
HLM,FCNN,0.05,123,11,none,0.0,base,0.047854428243167435,0.5968621239624101,0.3562443950209195,0.509937626955199,0.2203485308860786,0.21211498201276335,0.09242325578722592
HLM,FCNN,0.05,123,12,none,0.0,base,0.037613345785834085,0.6000634021982824,0.3600760866577775,0.49698142494988673,0.21829672195445937,0.2376095484542476,0.09473977151176415
HLM,FCNN,0.05,123,13,none,0.0,base,0.03128505776365109,0.6020330637387156,0.3624438098346243,0.5173860677233822,0.219606256749847,0.20779856381552622,0.09164386647917
HLM,FCNN,0.05,123,14,none,0.0,base,0.04912328311896863,0.5964642940942841,0.35576965412939265,0.5112772263680861,0.24403406650467063,0.2520116291882026,0.080146031216923
HLM,FCNN,0.05,123,15,none,0.0,base,0.017511436325608587,0.6062979446616358,0.367597197700924,0.514818095862293,0.14231945765338777,0.13009735453499074,0.045527576718451146
HLM,FCNN,0.05,123,16,none,0.0,base,0.049218480085361116,0.5964344358531506,0.35573403627146605,0.5016669303819169,0.23166575530945333,0.22705721275996452,0.10111916890854641
HLM,FCNN,0.05,123,17,none,0.0,base,0.014885507405031695,0.6071076400486003,0.3685796866053809,0.5106782169332844,0.15877284955305285,0.17071326762764027,0.07071295488230082
HLM,FCNN,0.05,123,18,none,0.0,base,0.03415607630393347,0.6011402672197789,0.3613696208730672,0.5142899011163681,0.19145464902727197,0.17965263465552395,0.08706210948747023
HLM,FCNN,0.05,123,19,none,0.0,base,-0.002938139697691522,0.6125752099707715,0.37524838787073483,0.511739306511234,0.14851008182803097,0.14646017210427328,0.04876642111105039
HLM,FCNN,0.08,197,5,none,0.0,base,-0.10770991923748907,0.6437768661431814,0.4144486533811358,0.5014644456466503,0.2768888944877403,0.2827089637487076,0.26092986783428956
HLM,FCNN,0.08,197,6,none,0.0,base,-0.0866166428751729,0.6376179289496873,0.4065566233180884,0.5100391014120293,0.2673132153442972,0.2785144070965817,0.2458081683194169
HLM,FCNN,0.08,197,7,none,0.0,base,-0.10352106308389608,0.642558477246704,0.412881396681603,0.49400537349398776,0.27241783251862534,0.29814265130948386,0.2492721463529488
HLM,FCNN,0.08,197,8,none,0.0,base,-0.1304754311621914,0.6503586309496786,0.4229663488507403,0.5301375269389846,0.21900146087528385,0.22284160028390484,0.19832401158872714
HLM,FCNN,0.08,197,9,none,0.0,base,-0.02519302891887376,0.6193343477659996,0.3835750343227361,0.5022519310721673,0.3257311025007054,0.333890581312741,0.30230403689518603
HLM,FCNN,0.08,197,10,none,0.0,base,-0.07078316887769498,0.6329554040374621,0.4006325435002268,0.5031324997336502,0.2829755545608323,0.27935229520137494,0.2618925431056561
HLM,FCNN,0.08,197,11,none,0.0,base,-0.034267190866308805,0.6220692274320119,0.38697012371786005,0.4942850890962299,0.2949945899721637,0.31070793919734785,0.2651946415012505
HLM,FCNN,0.08,197,12,none,0.0,base,-0.03315010816175268,0.6217331969948383,0.3865521682454225,0.47645109151521703,0.3138197989892516,0.3170326305161806,0.28395750371412176
HLM,FCNN,0.08,197,13,none,0.0,base,-0.07446901559913388,0.634043846812408,0.40201159968067623,0.5171261051231341,0.2948978375136668,0.28848499531348576,0.27468804829241655
HLM,FCNN,0.08,197,14,none,0.0,base,-0.012924231532339014,0.6156173121341546,0.3789846749992811,0.47990710292348276,0.31386775962717356,0.32767991023706616,0.27469136470221667
HLM,FCNN,0.08,197,15,none,0.0,base,-0.1495859470291645,0.6558327003798393,0.43011653088751206,0.5157258780621095,0.2439881173930229,0.2468323849750419,0.2209907715453076
HLM,FCNN,0.08,197,16,none,0.0,base,-0.1345259681818165,0.6515227191531999,0.42448185357277946,0.4987310582195918,0.2649327129320943,0.29891788612621045,0.23195130561224678
HLM,FCNN,0.08,197,17,none,0.0,base,-0.28778492217876006,0.6941351100968316,0.4818235510691406,0.5377263817845656,0.1775269863324177,0.19110872539100848,0.15401150661801138
HLM,FCNN,0.08,197,18,none,0.0,base,-0.02417839341850625,0.6190277937040202,0.3831954093780669,0.49782567684430046,0.31146645819515345,0.3075841187542499,0.2821423360789705
HLM,FCNN,0.08,197,19,none,0.0,base,-0.025297438561925123,0.6193658846717427,0.38361409909521044,0.4877500386993507,0.30561973614460447,0.2923793200829515,0.2780310208153056
HLM,FCNN,0.1,247,5,none,0.0,base,-0.08612783997491524,0.6374745000075873,0.4063737381599235,0.4850034631919244,0.30600862216047087,0.3262926425209899,0.2840830514188192
HLM,FCNN,0.1,247,6,none,0.0,base,-0.12495308874729893,0.6487681939536618,0.4209001694858961,0.5129101145918454,0.25965694883362866,0.26669039218977086,0.23391894910972486
HLM,FCNN,0.1,247,7,none,0.0,base,-0.09563589874233047,0.640258674016591,0.40993116965348325,0.484489346065444,0.3113196790211737,0.33464164949393915,0.2802424599120822
HLM,FCNN,0.1,247,8,none,0.0,base,-0.13960624278587064,0.6529798110741479,0.4263826336704299,0.5236685214721162,0.2230573665660768,0.2336432122527446,0.20169788696644253
HLM,FCNN,0.1,247,9,none,0.0,base,-0.056636971375509715,0.6287604922704794,0.39533975664021553,0.5141919004099361,0.2944843694089408,0.29690722205024866,0.2725556748787751
HLM,FCNN,0.1,247,10,none,0.0,base,-0.040001571280288806,0.6237913408393652,0.389115636906173,0.4912517430047032,0.3000784433275879,0.30407581742357004,0.27598896942625256
HLM,FCNN,0.1,247,11,none,0.0,base,-0.05586278324935945,0.628530106566696,0.39505009486074216,0.48365366581319613,0.3231516418203765,0.3365979129307753,0.29891474142520125
HLM,FCNN,0.1,247,12,none,0.0,base,-0.02182163650919433,0.6183151550265376,0.38231363093549114,0.47466874764191525,0.35549618069468303,0.35909491674520405,0.32258209118596026
HLM,FCNN,0.1,247,13,none,0.0,base,-0.10774429156681053,0.6437868542900833,0.414461513756721,0.5176832580083396,0.28692205059132536,0.29196442522746524,0.27202640823077756
HLM,FCNN,0.1,247,14,none,0.0,base,-0.06225521273317525,0.6304298664457508,0.3974418165068072,0.48609850504382596,0.30843195287630215,0.3387555821364725,0.28361372589828043
HLM,FCNN,0.1,247,15,none,0.0,base,-0.20866975992998604,0.6724750444867795,0.4522226854574961,0.5246437011264135,0.25720015262356116,0.2562578355964737,0.23218103987636424
HLM,FCNN,0.1,247,16,none,0.0,base,-0.13166561786719555,0.6507008960483291,0.4234116561180984,0.4896696500355063,0.30277066727882435,0.3210529817190082,0.28117060736152544
HLM,FCNN,0.1,247,17,none,0.0,base,-0.26687315301498105,0.6884761664418412,0.47399943175845377,0.535958221892397,0.19878738177709562,0.21316211718837094,0.1834804649770421
HLM,FCNN,0.1,247,18,none,0.0,base,-0.05094965564658094,0.6270660672216111,0.393211852660778,0.5010669594650083,0.33777466762629904,0.3401209713346396,0.31223396808423604
HLM,FCNN,0.1,247,19,none,0.0,base,0.028976942527557337,0.6027498561091856,0.36330738903964405,0.47181157391723455,0.3576292835965289,0.3380750342544811,0.32097491066826134
HLM,FCNN,0.15,370,5,none,0.0,base,-0.23701443469243455,0.6803145005078154,0.4628278196011983,0.5179366493708354,0.2995938759670773,0.32301608379951513,0.29673967797788164
HLM,FCNN,0.15,370,6,none,0.0,base,-0.13966906691088865,0.6529978095364167,0.4264061392593584,0.5110594977198017,0.33131473445400983,0.3332389305566367,0.31878346051021395
HLM,FCNN,0.15,370,7,none,0.0,base,-0.1727033813776877,0.6623940653494621,0.4387658978101875,0.5144394333391406,0.3053269046348979,0.3324137170809026,0.2994129946603429
HLM,FCNN,0.15,370,8,none,0.0,base,-0.22743575736432353,0.6776754136293632,0.45924396623772856,0.5346602136414538,0.2990307729129138,0.31128467338331417,0.29468547157796904
HLM,FCNN,0.15,370,9,none,0.0,base,-0.18648631707822005,0.6662752964047824,0.44392277059928076,0.5208828490304329,0.3090910760599039,0.3349567155773438,0.3033261589685282
HLM,FCNN,0.15,370,10,none,0.0,base,-0.13228147795919076,0.650877929882685,0.4236420796083694,0.49380313550659594,0.33654125735463003,0.34138686598015255,0.31894356537145274
HLM,FCNN,0.15,370,11,none,0.0,base,-0.05774715701837718,0.6290907180870888,0.39575513158332903,0.48984836406969795,0.39082821442907484,0.3907996143694418,0.38467208216170873
HLM,FCNN,0.15,370,12,none,0.0,base,-0.07066197463582391,0.6329195831900384,0.40058719878545196,0.48336567681095893,0.36987119628584786,0.391849474718843,0.3629729859491102
HLM,FCNN,0.15,370,13,none,0.0,base,-0.20766706807490576,0.6721960496884742,0.4518475292167898,0.5333525669594367,0.3206637316240203,0.31687462185452375,0.3179278285804627
HLM,FCNN,0.15,370,14,none,0.0,base,-0.19484172964811486,0.668617185369947,0.44704894057203,0.505281308623712,0.31796102416256994,0.3448549067244096,0.30187017220865536
HLM,FCNN,0.15,370,15,none,0.0,base,-0.1084054313282703,0.6439789426634368,0.4147088785939181,0.5027538875347033,0.3474385414873527,0.3533342592740918,0.3376753325557944
HLM,FCNN,0.15,370,16,none,0.0,base,-0.1669486050692892,0.6607667920807068,0.43661275351662804,0.4992790724462367,0.33897112755055386,0.3487288955271701,0.3355087897986802
HLM,FCNN,0.15,370,17,none,0.0,base,-0.21019754625850395,0.6728999222137622,0.4527943053152872,0.5253792635578971,0.2982715538201462,0.32010212744771316,0.2939509317207589
HLM,FCNN,0.15,370,18,none,0.0,base,-0.07583662718440776,0.6344472320884914,0.40252329030474804,0.4931135685480728,0.3709708415413627,0.37293648579002087,0.36332074855537383
HLM,FCNN,0.15,370,19,none,0.0,base,-0.04452314059027618,0.6251458853171269,0.3908073779289344,0.49483343996647333,0.38238484567654146,0.3740861234931303,0.37401983545621903
HLM,FCNN,0.2,494,5,none,0.0,base,-0.18466936271760392,0.6657649425936292,0.4432429587866983,0.49857074795318645,0.31319806153337126,0.36037086368272936,0.3051914837188429
HLM,FCNN,0.2,494,6,none,0.0,base,-0.16713280469778224,0.6608189401335245,0.43668167163919464,0.5154471531819773,0.34385956460367406,0.35027620293065515,0.3409575657581006
HLM,FCNN,0.2,494,7,none,0.0,base,-0.2391833879440024,0.6809106633597088,0.46363933147695874,0.5324955872888164,0.3471225675873026,0.36258025977213193,0.3369584020194721
HLM,FCNN,0.2,494,8,none,0.0,base,-0.2007281854490588,0.670262152166834,0.4492513526273162,0.511439824749999,0.3144934659023666,0.3437720357792441,0.307233405979934
HLM,FCNN,0.2,494,9,none,0.0,base,-0.06694552656113517,0.6318201430285887,0.3991966931366663,0.48220610432887767,0.3977324974955377,0.4309252789802926,0.389918491274808
HLM,FCNN,0.2,494,10,none,0.0,base,-0.010405375394840544,0.6148514025996075,0.37804224727870456,0.46259354786991386,0.40664838960282673,0.4257711269333826,0.39266736059013446
HLM,FCNN,0.2,494,11,none,0.0,base,-0.10837666833365178,0.6439705870191453,0.4146981169457827,0.5004369950578744,0.3807558342868992,0.38955017360343747,0.37574153896998713
HLM,FCNN,0.2,494,12,none,0.0,base,-0.08092421680969308,0.6359456009053788,0.40442680731090325,0.4888615894679097,0.38625930815988313,0.3947204196012418,0.3820550861724187
HLM,FCNN,0.2,494,13,none,0.0,base,-0.1671014081234754,0.6608100518603112,0.43666992463962706,0.5125277934165386,0.36372974885782206,0.37043696152834404,0.3606507109683529
HLM,FCNN,0.2,494,14,none,0.0,base,-0.10261059539568862,0.6422933488902103,0.4125407460286014,0.48085794221234246,0.3744737097572092,0.4090437788054225,0.36557032384626864
HLM,FCNN,0.2,494,15,none,0.0,base,-0.10712545457643285,0.6436070046718279,0.41422997646264226,0.48612270199872604,0.36377281298036396,0.36802569690471915,0.3496399555136455
HLM,FCNN,0.2,494,16,none,0.0,base,-0.13205374759711463,0.6508124726076151,0.4235568745016377,0.5038978116046511,0.37976563105325106,0.39048861033754084,0.375058234611524
HLM,FCNN,0.2,494,17,none,0.0,base,-0.20482968059051299,0.6714059303313019,0.4507859232840411,0.5125306684601236,0.3361722607334242,0.3678584072266519,0.3343060134950848
HLM,FCNN,0.2,494,18,none,0.0,base,-0.08257350461109292,0.6364305828868305,0.4050438868336709,0.4964614461446534,0.40099296142193275,0.40418811041647484,0.3979946597590056
HLM,FCNN,0.2,494,19,none,0.0,base,-0.029087818998121406,0.6205096828168354,0.38503226646944966,0.4760354741015079,0.41901923339923636,0.4153829701055721,0.40473431250982506
HLM,FCNN,0.25,617,5,none,0.0,base,-0.1682999870064923,0.6611492810498357,0.43711837183271474,0.5045406375130466,0.3865063306527545,0.4149563261517493,0.37909644115458896
HLM,FCNN,0.25,617,6,none,0.0,base,-0.11978713660952933,0.6472768597882597,0.4189673332173504,0.4968590866099546,0.3732304860016026,0.39059265541624655,0.36964738386071905
HLM,FCNN,0.25,617,7,none,0.0,base,-0.13493394670721504,0.6516398532663557,0.4246344983649975,0.4960710521607877,0.3588828700786225,0.39168832953640476,0.35556480388005823
HLM,FCNN,0.25,617,8,none,0.0,base,-0.116352146060694,0.6462833238174223,0.41768213464449505,0.49566786893719916,0.35331533168225193,0.3790236499326336,0.34785551793371966
HLM,FCNN,0.25,617,9,none,0.0,base,-0.13812672106702828,0.6525557998916378,0.42582907197221526,0.5086303816375485,0.38489749531054135,0.40832476998007955,0.38254252368057035
HLM,FCNN,0.25,617,10,none,0.0,base,-0.03403299596943854,0.6219987941397846,0.38688249991134627,0.4717884235721453,0.39720857379911156,0.4254455200834178,0.3908345121331133
HLM,FCNN,0.25,617,11,none,0.0,base,-0.16986078896389145,0.6615907681171662,0.43770234445786194,0.5049842531919387,0.40043940281993884,0.4098411749411123,0.4003057540107107
HLM,FCNN,0.25,617,12,none,0.0,base,-0.11298358867653735,0.6453075173740478,0.41642179197945706,0.49720813548752874,0.38794317570466463,0.4023457129676762,0.384020180779059
HLM,FCNN,0.25,617,13,none,0.0,base,-0.13606899829323238,0.6519656255340482,0.42505917687800276,0.5026637702374813,0.3941978645386142,0.40214543840303135,0.3930141204985467
HLM,FCNN,0.25,617,14,none,0.0,base,-0.1274413943708652,0.6494853091176279,0.4218311667596207,0.49150952916208285,0.38228386879176673,0.4122688163166856,0.3803702246306442
HLM,FCNN,0.25,617,15,none,0.0,base,-0.22770388048709767,0.6777494258639692,0.4593442842589399,0.5183013764830222,0.35798287287517255,0.38003409809877425,0.35683919125866814
HLM,FCNN,0.25,617,16,none,0.0,base,-0.07359670650126504,0.6337864198839837,0.4016852260293572,0.48077717871083875,0.40349117359536685,0.4192879641875319,0.4006472796961458
HLM,FCNN,0.25,617,17,none,0.0,base,-0.11635182688982115,0.6462832314295373,0.4176820152270049,0.487204813378331,0.3682034094642256,0.4016860666544982,0.3504675673023664
HLM,FCNN,0.25,617,18,none,0.0,base,-0.1490502207194353,0.6556798680595589,0.42991608937860065,0.5180198162928338,0.37855151017897193,0.3846518279645142,0.374041639506129
HLM,FCNN,0.25,617,19,none,0.0,base,-0.00762752755661511,0.6140056335654631,0.3770029180501257,0.4711260076269254,0.4418705207521063,0.44164027669903105,0.43350109205391846
HLM,FCNN,0.3,740,5,none,0.0,base,-0.06792436635062082,0.6321098995814264,0.399562925148841,0.4832432507388538,0.4253081642824773,0.4526225985414123,0.4208127832932101
HLM,FCNN,0.3,740,6,none,0.0,base,-0.1887248459272295,0.666903526847177,0.44476031412120337,0.5118152184859897,0.4048754133801919,0.420674769138247,0.39835909981134976
HLM,FCNN,0.3,740,7,none,0.0,base,-0.21091744729932183,0.6731000338964663,0.45306365563142414,0.5189556001038227,0.39229522383676135,0.4219943188564704,0.3809769884720843
HLM,FCNN,0.3,740,8,none,0.0,base,-0.1830572648831219,0.6653118019816318,0.442639793856046,0.5157643796033952,0.3801869245371708,0.39735412010847476,0.3728605537501483
HLM,FCNN,0.3,740,9,none,0.0,base,-0.12269498144593949,0.6481167338558151,0.4200553007039295,0.5077017346448064,0.38904256709739776,0.4191825565219293,0.38730630143895184
HLM,FCNN,0.3,740,10,none,0.0,base,-0.056866248849987366,0.6288287052907474,0.3954255405976376,0.46565619829475374,0.4052395753861525,0.4370724226555518,0.3921507196237014
HLM,FCNN,0.3,740,11,none,0.0,base,-0.09368855633770856,0.6396894350178564,0.40920257327346427,0.490940066178294,0.4228132822283165,0.4305766624082022,0.42064351761621616
HLM,FCNN,0.3,740,12,none,0.0,base,-0.1891925008083537,0.6670346968241962,0.44493528676734745,0.5244762725934211,0.3856996365135097,0.3899366340983978,0.38057434171627635
HLM,FCNN,0.3,740,13,none,0.0,base,-0.1972949346631716,0.6693032234982713,0.447966804985177,0.5137294496888714,0.4146222856844496,0.42077462361951534,0.40488976889819284
HLM,FCNN,0.3,740,14,none,0.0,base,-0.15620492316818213,0.657718035907078,0.4325930147574643,0.48492384203950956,0.3611623027223307,0.38733337326825595,0.3532620004121495
HLM,FCNN,0.3,740,15,none,0.0,base,-0.1689785686793468,0.6613412602772574,0.4373722625451111,0.5016657845036405,0.3645162117774473,0.39870135862080874,0.36072315493121865
HLM,FCNN,0.3,740,16,none,0.0,base,-0.038754712388242796,0.6234172966736283,0.3886491257918548,0.47982744820851575,0.4596845995594768,0.46422518022289766,0.45305352309987756
HLM,FCNN,0.3,740,17,none,0.0,base,-0.07766015097833345,0.6349846927799095,0.4032055600647961,0.48246712360485783,0.424994777691999,0.4394938166987492,0.42394407406207857
HLM,FCNN,0.3,740,18,none,0.0,base,-0.15272965507473035,0.6567288225577745,0.4312927463781209,0.5066554442946054,0.38444187822077064,0.40291913066855395,0.38064487216992116
HLM,FCNN,0.3,740,19,none,0.0,base,0.03295229350130657,0.601514767156982,0.3618200151079184,0.44793925493150244,0.46516041044451406,0.478724621647008,0.4359605773787047
HLM,FCNN,0.4,987,5,none,0.0,base,-0.04068303371116877,0.6239956774301809,0.3893706054515504,0.48834565001434027,0.44894504898744947,0.47272144941744976,0.4400761656550396
HLM,FCNN,0.4,987,6,none,0.0,base,-0.030682392421079285,0.6209902371676665,0.3856288746575547,0.4723286116743798,0.4301096161620782,0.45279999192986536,0.4202572702027241
HLM,FCNN,0.4,987,7,none,0.0,base,0.03444251267361753,0.6010511217585991,0.3612624509672703,0.45765621266429257,0.4405302555720799,0.46678296150171,0.4262844057675255
HLM,FCNN,0.4,987,8,none,0.0,base,-0.0013877012916996279,0.6121015379484601,0.37466829275887015,0.4677174675622032,0.42392905514323065,0.4307820273918201,0.41551373024183935
HLM,FCNN,0.4,987,9,none,0.0,base,-0.08658533125506218,0.63760874217976,0.4065449081040557,0.48573510794110586,0.398458009787931,0.44040906374642,0.3854804732159712
HLM,FCNN,0.4,987,10,none,0.0,base,-0.06461754761283989,0.6311304793320396,0.39832568194189,0.46403029635521975,0.41049668561648744,0.4368551800276637,0.38304137557705115
HLM,FCNN,0.4,987,11,none,0.0,base,-0.09173524542686651,0.6391179419968592,0.4084717437823007,0.4880836880170828,0.41797608707376827,0.42696673266236945,0.41636481747520476
HLM,FCNN,0.4,987,12,none,0.0,base,-0.11240700572297668,0.6451403444171011,0.41620606399461585,0.4925146188850403,0.40042021962365637,0.4293686391420237,0.3976186829482373
HLM,FCNN,0.4,987,13,none,0.0,base,-0.024569148729908896,0.6191458714394512,0.38334161012051743,0.47101357076163425,0.430770914690354,0.45054586185554846,0.42610401191617525
HLM,FCNN,0.4,987,14,none,0.0,base,-0.16875937008245168,0.6612792523514709,0.43729024959052026,0.503099387981995,0.39816134782216733,0.42036147698872683,0.395071804660222
HLM,FCNN,0.4,987,15,none,0.0,base,-0.070581126609369,0.6328956861681727,0.40055694957028215,0.4843265463005732,0.4114112153120832,0.42742574448228843,0.4091585811472154
HLM,FCNN,0.4,987,16,none,0.0,base,-0.04094876752953125,0.6240753396159,0.3894700295167009,0.4657691947001116,0.4174300980284436,0.4486137650542408,0.4018860483925745
HLM,FCNN,0.4,987,17,none,0.0,base,0.035201997319805,0.600814688969386,0.36097829048137997,0.4427982326779967,0.47828117026971356,0.495903885859349,0.473914348826976
HLM,FCNN,0.4,987,18,none,0.0,base,-0.04662841526656614,0.6257755704116157,0.391595064523983,0.48301585048794055,0.41632742354243996,0.44275577260216,0.4130100692839326
HLM,FCNN,0.4,987,19,none,0.0,base,0.026167102443838464,0.6036213118649971,0.3643586881376202,0.47203719303376157,0.4536028756341214,0.4706845876802077,0.44863817657871186
HLM,FCNN,0.5,1234,5,none,0.0,base,0.007975524008086543,0.6092331660167448,0.3711650505747866,0.4563574538949454,0.4285461248248846,0.47205583857294975,0.39882846323334065
HLM,FCNN,0.5,1234,6,none,0.0,base,-0.014252450304441666,0.6160208006539439,0.37948162683832615,0.47071348510798355,0.4421025270562401,0.4605777664828091,0.43952644212784464
HLM,FCNN,0.5,1234,7,none,0.0,base,0.012832872687530417,0.6077398111099711,0.3693476780079833,0.4636734842339735,0.4475768007082962,0.47657014038046563,0.4384682664072563
HLM,FCNN,0.5,1234,8,none,0.0,base,-0.005471819961418545,0.6133484833474234,0.37619636202458456,0.46578750121470947,0.43244870736204755,0.43652476555977987,0.4267833410465859
HLM,FCNN,0.5,1234,9,none,0.0,base,-0.0019903593718517687,0.6122856986150192,0.3748937767284822,0.4602356493289416,0.43617939896538355,0.47890484304600156,0.41651214814697424
HLM,FCNN,0.5,1234,10,none,0.0,base,0.0006932448486288711,0.6114652145979403,0.37388970866330523,0.4750039869802468,0.41202538228779984,0.4351934153248464,0.40374094810177835
HLM,FCNN,0.5,1234,11,none,0.0,base,-0.022111720917735278,0.6184029153809759,0.38242216575169047,0.47464331832283296,0.4075317934244789,0.4301605078025661,0.3935474189999009
HLM,FCNN,0.5,1234,12,none,0.0,base,-0.00336102591717391,0.6127043417204276,0.3754066103630626,0.45928288772780534,0.43911133213004316,0.47428603339441894,0.4311916240360217
HLM,FCNN,0.5,1234,13,none,0.0,base,0.008994861603099147,0.6089200820680047,0.37078366634570564,0.4662626120773859,0.45149823603298445,0.4649863006961082,0.44856866943977725
HLM,FCNN,0.5,1234,14,none,0.0,base,-0.024057288532813415,0.6189911938758292,0.38315009809582445,0.46417597778653014,0.4628714189855231,0.4758749382620368,0.4618267464552919
HLM,FCNN,0.5,1234,15,none,0.0,base,-0.06216189962321361,0.6304021759892978,0.3974069034920416,0.4808715982679781,0.38673495458251783,0.41551231302402253,0.371380712771078
HLM,FCNN,0.5,1234,16,none,0.0,base,-9.740156850734927e-05,0.6117070608529065,0.3741855282973014,0.46197059462125095,0.4292140350164393,0.46550986828391194,0.42254286511151395
HLM,FCNN,0.5,1234,17,none,0.0,base,0.03842027319234875,0.5998117834008373,0.35977417550649293,0.44953372917233314,0.46749360496507597,0.4985987999401916,0.4616135678627048
HLM,FCNN,0.5,1234,18,none,0.0,base,0.06769367136708337,0.5906111752645038,0.34882156034731837,0.4572439724796382,0.4671578142174304,0.4900336558343836,0.4612011804625282
HLM,FCNN,0.5,1234,19,none,0.0,base,0.06756994232774294,0.5906503648134389,0.3488678534542484,0.4638073996930416,0.47697057861515973,0.4911100737736793,0.4716682449184544
HLM,FCNN,0.6,1481,5,none,0.0,base,0.00853644883495408,0.609060900948115,0.37095518106372966,0.4686996904495573,0.47563985880518833,0.4893294812097852,0.4644429652544011
HLM,FCNN,0.6,1481,6,none,0.0,base,0.006667003923529813,0.6096348351004058,0.371654632167899,0.46252106516367714,0.4263995744500418,0.45133587945464615,0.40945850537226425
HLM,FCNN,0.6,1481,7,none,0.0,base,0.061481398137851806,0.5925756295153114,0.35114587669546754,0.45109642366806824,0.4627001627056022,0.4899696142502334,0.4525751165502911
HLM,FCNN,0.6,1481,8,none,0.0,base,-0.06813326204519554,0.6321717197739469,0.3996410832819497,0.49424616132254123,0.44349435569641515,0.44154350732017056,0.43128069714955086
HLM,FCNN,0.6,1481,9,none,0.0,base,0.018297364653445114,0.606055396259884,0.36730314333572506,0.4650658246934515,0.5003822283779867,0.5149251618826877,0.48541045725042425
HLM,FCNN,0.6,1481,10,none,0.0,base,0.060860562498098236,0.5927715932653848,0.35137816178238274,0.4535063871221943,0.43419583701795067,0.44984621204781494,0.41287122452026637
HLM,FCNN,0.6,1481,11,none,0.0,base,0.07400091438540912,0.5886099821948494,0.346461711139421,0.4471629371798864,0.45879764969479964,0.47611652748976047,0.44631707060157355
HLM,FCNN,0.6,1481,12,none,0.0,base,-0.00909598702784864,0.6144528792499169,0.37755234081851297,0.47359299634361884,0.46471357440450806,0.4902163453153035,0.4561352705193407
HLM,FCNN,0.6,1481,13,none,0.0,base,0.0520346507445093,0.5955504752701334,0.3546803685944817,0.45536397507318166,0.45153466833592615,0.4804005521117148,0.4174422274416106
HLM,FCNN,0.6,1481,14,none,0.0,base,0.013475897925083302,0.6075418427592801,0.3691070907033419,0.4659508701244157,0.4729443662156453,0.4777300360490812,0.46616753474753003
HLM,FCNN,0.6,1481,15,none,0.0,base,-0.00145570798919481,0.6121223222547533,0.37469373740255196,0.4697730572113851,0.42249174654318566,0.44539032151255503,0.4157143130844413
HLM,FCNN,0.6,1481,16,none,0.0,base,0.014283043899932069,0.6072932551699508,0.36880509777491494,0.4596520802471631,0.4287710881028249,0.4642042272357108,0.42001277887931227
HLM,FCNN,0.6,1481,17,none,0.0,base,0.03803563886495631,0.5999317345234982,0.35991808608837317,0.46723074536908715,0.474664965259717,0.4867612620011595,0.46450314429443607
HLM,FCNN,0.6,1481,18,none,0.0,base,0.0615160684446272,0.59256468409102,0.3511329048318904,0.44802639297065,0.4693407813491758,0.4955480964241603,0.46241342238130184
HLM,FCNN,0.6,1481,19,none,0.0,base,0.11115285159512567,0.5766813225729845,0.3325613478045267,0.4548671057335937,0.48278878762600247,0.4966020188250653,0.4727590189869138
SOL,RF,0.02,35,5,none,0.0,base,0.060169344759709587,0.6544239432192436,0.4282706974586238,0.45880969755862105,0.25212571120092464,0.2327804110221491,0.12339120549180589
SOL,RF,0.02,35,6,none,0.0,base,-0.03912648235431493,0.6881269762080117,0.47351873538518147,0.4818159833747124,0.0681246179273639,0.0811808599553755,0.033407979825058096
SOL,RF,0.02,35,7,none,0.0,base,-0.07982462470255336,0.7014730501554511,0.4920644400943921,0.47247531145747146,0.12414667477771048,0.1106432425081914,0.08378513050333632
SOL,RF,0.02,35,8,none,0.0,base,-0.07556273601677677,0.700087382665114,0.4901223433668898,0.4206091715034485,0.2264326648994357,0.2577186170661383,0.11068203987055948
SOL,RF,0.02,35,9,none,0.0,base,-0.025210706356347368,0.6835038158534483,0.46717746628622464,0.42868913942988546,0.19326853282474268,0.17730793945775328,0.08376704297037664
SOL,RF,0.02,35,10,none,0.0,base,-0.06570810320197618,0.6968727957339811,0.48563169343409496,0.5163926333195417,0.13402739377716524,0.1301845008876805,0.0940603428757763
SOL,RF,0.02,35,11,none,0.0,base,-0.012450226645986717,0.679236816766069,0.4613626532505023,0.4641081025287357,0.16892725150055457,0.16675279597107673,0.10098673355582989
SOL,RF,0.02,35,12,none,0.0,base,-0.1330945891411055,0.7185673166765598,0.5163389885957514,0.464370920721839,-0.006319118323593879,0.11660480287732232,-0.0031099838325426526
SOL,RF,0.02,35,13,none,0.0,base,0.025733211220771546,0.6663053896397315,0.44396287226295444,0.49485660956321814,0.19491717487499646,0.14407450494019788,0.10751470124155371
SOL,RF,0.02,35,14,none,0.0,base,0.04930673603941116,0.6581950099664678,0.43322067114475865,0.43302056896091917,0.2775381485660399,0.24376037565369385,0.14671580413490196
SOL,RF,0.02,35,15,none,0.0,base,-0.19170620251206105,0.7369176812428323,0.5430476689283126,0.46126284259770106,0.0570801067495489,0.17869742824695675,0.03465788782816731
SOL,RF,0.02,35,16,none,0.0,base,-0.11701987002770897,0.7134521093908449,0.5090139123942462,0.4229043662482758,0.2000911876586473,0.13679605330391867,0.06611666086715823
SOL,RF,0.02,35,17,none,0.0,base,-0.11770927007857535,0.7136722388920113,0.509328064565136,0.5860610312321841,0.2760388256035462,0.2875620744208078,0.2110131292223498
SOL,RF,0.02,35,18,none,0.0,base,0.005860048463462886,0.6730667561859647,0.4530188582826968,0.44532479364137945,0.22199256165516126,0.23004072283926105,0.14212331802671532
SOL,RF,0.02,35,19,none,0.0,base,-0.05959663389531511,0.6948717599367743,0.48284676275763017,0.5038926407310345,0.04486781784775323,0.016264351882268963,0.024217581169407306
SOL,RF,0.05,87,5,none,0.0,base,0.022605091012178002,0.6673742000694554,0.4453883229183454,0.4466616125471263,0.24750027284946818,0.2250258943726348,0.17671321141126517
SOL,RF,0.05,87,6,none,0.0,base,0.0634617126578223,0.6532766648992154,0.4267704009018418,0.4547056286206898,0.2689638561629338,0.27179776939059713,0.15875670442427767
SOL,RF,0.05,87,7,none,0.0,base,0.030924180032076642,0.6645279555733407,0.4415974037384838,0.4436922585701149,0.25326751677052306,0.208355454879168,0.15763510571066286
SOL,RF,0.05,87,8,none,0.0,base,-0.05224544760554761,0.6924571513220982,0.47949690641711523,0.44757343690114926,0.1387807202236062,0.20382011740275158,0.07219220916981052
SOL,RF,0.05,87,9,none,0.0,base,0.010561738826753042,0.6714732672803655,0.4508763486721692,0.4422965049517242,0.20386531368369432,0.15511876130986443,0.10611138268163278
SOL,RF,0.05,87,10,none,0.0,base,-0.00651358576145733,0.6772424898079056,0.4586573900012111,0.4864801900873568,0.21298318145677692,0.20029041350811308,0.1571108567935327
SOL,RF,0.05,87,11,none,0.0,base,0.03197688917219277,0.6641669184266773,0.44111769553238855,0.48192510792183885,0.24799053638401516,0.21302025054935347,0.17642313479028846
SOL,RF,0.05,87,12,none,0.0,base,0.014300048832762702,0.6702035818349787,0.4491728411044351,0.4324599831724132,0.22369765596129806,0.2723133424787325,0.11431666534215291
SOL,RF,0.05,87,13,none,0.0,base,0.03344864352057719,0.6636618362860197,0.4404470329425316,0.47419024542988475,0.26475365763826103,0.2504666162420638,0.1984215329807328
SOL,RF,0.05,87,14,none,0.0,base,0.07298406949196035,0.6499470482671886,0.4224311655512312,0.43118270823908,0.3064405690953157,0.2747426517263342,0.19752688146911979
SOL,RF,0.05,87,15,none,0.0,base,0.025889649962028916,0.6662518929167103,0.4438915848150996,0.4570185224597704,0.230701535285913,0.2694780914061873,0.1521400842148057
SOL,RF,0.05,87,16,none,0.0,base,0.050188198800301564,0.6578898069338832,0.4328189980675022,0.4522452054206895,0.2551607943001807,0.2103822482788009,0.15499543831950263
SOL,RF,0.05,87,17,none,0.0,base,0.034557424705107254,0.6632810666002,0.439941773310299,0.48156063747126404,0.2518172475482141,0.22781689931701682,0.17890332063829056
SOL,RF,0.05,87,18,none,0.0,base,0.0008079798344242661,0.6747748005753956,0.45532103149156494,0.4478553532045977,0.21658364632886015,0.22647675917487514,0.14349260317977897
SOL,RF,0.05,87,19,none,0.0,base,-0.012605006442093059,0.67928873443841,0.4614331847349366,0.48189410142988504,0.20951374742176665,0.23793067491896844,0.15615387075271903
SOL,RF,0.08,139,5,none,0.0,base,0.08409786552079723,0.646039262364601,0.4173667285165977,0.440458212151724,0.3105654792270543,0.22743085731577764,0.21255696106431907
SOL,RF,0.08,139,6,none,0.0,base,0.0503092624715058,0.6578478780521365,0.4327638306576987,0.4572556590114943,0.2794974891512066,0.28547981975617415,0.2038003940546576
SOL,RF,0.08,139,7,none,0.0,base,0.030269641932684666,0.6647523371105413,0.4418956696939267,0.45660202668045996,0.2547649255313912,0.26742359861824794,0.17856338266319413
SOL,RF,0.08,139,8,none,0.0,base,0.0338665519248752,0.6635183468360792,0.4402565965880835,0.44150490064827574,0.24791847906372572,0.25025347673835846,0.1362873153385756
SOL,RF,0.08,139,9,none,0.0,base,0.02882591491466613,0.6652469921251003,0.4425535605314932,0.43727786671724156,0.2504327312702046,0.2382354410834664,0.14820852990554703
SOL,RF,0.08,139,10,none,0.0,base,-0.038954609031250476,0.6880700651567356,0.47344041456479435,0.4756979724091954,0.21270780337645312,0.2172695553949424,0.17001175412715383
SOL,RF,0.08,139,11,none,0.0,base,0.10638391434567374,0.6381310338235616,0.4072112163287275,0.45318405037241377,0.3304647827129673,0.29103965972955387,0.21767940579317271
SOL,RF,0.08,139,12,none,0.0,base,0.03511635862759643,0.6630890386272271,0.4396870731475803,0.4643244578160914,0.2182278785028351,0.2179583954462472,0.11892641291583347
SOL,RF,0.08,139,13,none,0.0,base,0.03782407317631542,0.6621579847884349,0.43845319681908124,0.45259918745287336,0.2708325272929562,0.2767144108149898,0.20497951098994927
SOL,RF,0.08,139,14,none,0.0,base,0.0855663725812228,0.6455211427063061,0.41669754568085526,0.462476717967816,0.31934971065018875,0.285185758476624,0.23812436903887677
SOL,RF,0.08,139,15,none,0.0,base,0.03929009060123301,0.661653344647633,0.4377851484833995,0.47703216228505774,0.273091871585555,0.2703184762687792,0.20764289724504628
SOL,RF,0.08,139,16,none,0.0,base,0.04584074053757725,0.6593937275472904,0.43480008792871033,0.45381425917701146,0.2548805426770698,0.20536209861389468,0.16683591108725004
SOL,RF,0.08,139,17,none,0.0,base,0.09218959760102097,0.6431791456841975,0.41367941344305426,0.47570397183448254,0.34463904000850587,0.2949212916419384,0.26767111522736625
SOL,RF,0.08,139,18,none,0.0,base,0.026410911010888993,0.6660736083757933,0.44365405177474965,0.445022783457471,0.24527310839742197,0.2506465893729285,0.1548747122271288
SOL,RF,0.08,139,19,none,0.0,base,-0.0048723622677089296,0.6766901079141221,0.45790950214882625,0.49134103990804606,0.2192444626471125,0.2560904667857961,0.161762765014287
SOL,RF,0.1,174,5,none,0.0,base,0.08225067745683934,0.6466903990343157,0.41820847220316243,0.43544109118160895,0.30862437238594576,0.22532490198009003,0.1857388489267791
SOL,RF,0.1,174,6,none,0.0,base,0.10255631581594016,0.6394962171226035,0.4089554117141201,0.4574297735494253,0.33888361918734244,0.3333176856086943,0.25343538606193755
SOL,RF,0.1,174,7,none,0.0,base,0.009920409749703096,0.6716908480979437,0.4511685954185348,0.4556630963540231,0.23540939117801118,0.25110552450128987,0.1658815705250069
SOL,RF,0.1,174,8,none,0.0,base,0.057650695294426124,0.6553002509284395,0.4294184188668757,0.4435133274666666,0.27819092706357645,0.2532522270950388,0.1772221965760601
SOL,RF,0.1,174,9,none,0.0,base,0.030230323335332376,0.6647658134673096,0.44191358675485387,0.4471742277057473,0.2514315299269274,0.19675968910969485,0.16416550663482468
SOL,RF,0.1,174,10,none,0.0,base,-0.0039784724470308674,0.676389064218515,0.4575021661943983,0.46803534646436795,0.2426960171880287,0.25211276173186453,0.19212509305231246
SOL,RF,0.1,174,11,none,0.0,base,0.11037051693721234,0.6367060267553329,0.4053945645065627,0.4762481702528734,0.3388125699159372,0.32475557385553117,0.22811092437456995
SOL,RF,0.1,174,12,none,0.0,base,0.03679125073680933,0.6625132775047631,0.43892384287010316,0.4698584571586201,0.22772730123331764,0.23511670863954287,0.138998842665098
SOL,RF,0.1,174,13,none,0.0,base,0.031043939903222406,0.6644868926143772,0.4415428304563109,0.4599573483724137,0.27025683658743743,0.2806301567108675,0.2092713081107661
SOL,RF,0.1,174,14,none,0.0,base,0.09341163275330966,0.6427460969921819,0.4131225451986833,0.45198038118160905,0.3189071380198802,0.25556877067498246,0.21859609295440033
SOL,RF,0.1,174,15,none,0.0,base,0.039604088087313416,0.6615452087455093,0.43764206321413945,0.46781687309885084,0.288132438204311,0.2870389204474518,0.2289814605088763
SOL,RF,0.1,174,16,none,0.0,base,0.056878178231331344,0.655568796209955,0.42977044656416946,0.4531976443448275,0.28154762837470815,0.24411529228965184,0.20195847901037248
SOL,RF,0.1,174,17,none,0.0,base,0.06365720772847461,0.653208478133697,0.42668131590574054,0.46784237630804587,0.3274616040961114,0.28078520039225646,0.2701786141739593
SOL,RF,0.1,174,18,none,0.0,base,0.05272605647860651,0.6570102919160828,0.43166252368365643,0.45123756394022974,0.26637927188573,0.25884138051026095,0.17298877883667801
SOL,RF,0.1,174,19,none,0.0,base,0.005696421930896256,0.6731221442870239,0.453093421129561,0.4810839873425288,0.24610799837092218,0.27796270561695763,0.19062682765564612
SOL,RF,0.15,261,5,none,0.0,base,0.07948600200184763,0.6476637283363684,0.41946830500256527,0.4509722969379311,0.2970861140856413,0.27372863543493725,0.1945421030069712
SOL,RF,0.15,261,6,none,0.0,base,0.10534738654554221,0.6385010186935018,0.40768355087263963,0.448788256445977,0.33884094678136506,0.3361844872570216,0.24823198873102148
SOL,RF,0.15,261,7,none,0.0,base,0.033293725908567606,0.663715019589121,0.4405176272281873,0.4660363694988505,0.2702665030590721,0.2920317351896871,0.20583153480536862
SOL,RF,0.15,261,8,none,0.0,base,0.08224257939382595,0.6466932521707444,0.41821216240317394,0.43965785475402286,0.3105409085288106,0.2993335126266454,0.19398450595482203
SOL,RF,0.15,261,9,none,0.0,base,0.04867704641031678,0.6584129509055647,0.4335076139201736,0.45096355417011486,0.25899178335591067,0.2747386426043425,0.16930272530808796
SOL,RF,0.15,261,10,none,0.0,base,0.04025539041461812,0.6613208538713659,0.43734527176515237,0.4589027354206898,0.2734968590884228,0.3127780667793191,0.20649533902641853
SOL,RF,0.15,261,11,none,0.0,base,0.1125766492064112,0.6359160745062028,0.40438925381537844,0.46655739658850537,0.34883488546115105,0.3322654611704234,0.25552559106681566
SOL,RF,0.15,261,12,none,0.0,base,0.06590080262770626,0.6524254240125286,0.42565893389792775,0.4603328571999998,0.28791887971458424,0.3043419993912121,0.204972311992803
SOL,RF,0.15,261,13,none,0.0,base,0.07388514250599054,0.6496310924617397,0.42202055629303337,0.4513873227999997,0.3024558625307818,0.3170505516393328,0.21888493813366589
SOL,RF,0.15,261,14,none,0.0,base,0.0964184484367846,0.6416793371362585,0.411752371707628,0.4625963054804596,0.3213895854194374,0.2703751871216802,0.22256349983152743
SOL,RF,0.15,261,15,none,0.0,base,0.053851374743834945,0.6566199268085249,0.4311497282820326,0.46185404120919565,0.30100559323968196,0.3170730756156136,0.23846526774101431
SOL,RF,0.15,261,16,none,0.0,base,0.09057566016523388,0.6437506251126999,0.4144148673329919,0.4613408864,0.32791962412583203,0.33456166756789996,0.247196735976606
SOL,RF,0.15,261,17,none,0.0,base,0.041296724662026385,0.6609619860287229,0.43687074697503364,0.46861399064367804,0.3241625813222891,0.2727781090572637,0.2790054081801971
SOL,RF,0.15,261,18,none,0.0,base,0.06588117993618514,0.6524322767513158,0.42566787574690546,0.4468357960413792,0.2860112867090323,0.2775284812586906,0.19167303164808566
SOL,RF,0.15,261,19,none,0.0,base,0.03424337994844606,0.6633889357837174,0.4400848801202531,0.4680476010712642,0.25405961128999216,0.28743203308202175,0.18382857876924366
SOL,RF,0.2,347,5,none,0.0,base,0.059210820976528966,0.6547575783547356,0.42870748641295775,0.45139716059770124,0.27931042759997593,0.29736838681255795,0.19440429401861903
SOL,RF,0.2,347,6,none,0.0,base,0.11736308977219545,0.6341988051480781,0.40220812445125,0.4423935808873563,0.35223734393912515,0.36525251691830574,0.25690556544801957
SOL,RF,0.2,347,7,none,0.0,base,0.025700126413096047,0.6663167029672385,0.4439779486531312,0.4660530648965518,0.2664894231527651,0.3207885111981595,0.20602811560066295
SOL,RF,0.2,347,8,none,0.0,base,0.06729000917407668,0.6519400949868911,0.4250258874515166,0.4467966249885056,0.29752011520342486,0.2951135837112868,0.2082025180589345
SOL,RF,0.2,347,9,none,0.0,base,0.0814578930628268,0.6469696557835283,0.4185697355046571,0.4517038047954022,0.2991967175722712,0.3176608128995999,0.1990557027493238
SOL,RF,0.2,347,10,none,0.0,base,0.04727168457101294,0.658899098617844,0.4341480221594074,0.46177639435862067,0.28463065109006924,0.3115972710130665,0.218274381112264
SOL,RF,0.2,347,11,none,0.0,base,0.12429589973703414,0.6317031879700862,0.39904891769157,0.4631595734804596,0.35944439452329596,0.3407177837258786,0.2588144654549029
SOL,RF,0.2,347,12,none,0.0,base,0.07371022463558097,0.6496924383743611,0.42210026448082294,0.4494789839678157,0.29828955085081327,0.3297620925056655,0.2122813711999245
SOL,RF,0.2,347,13,none,0.0,base,0.07401486602350815,0.6495855930396124,0.421961442684625,0.44925901043678135,0.30227690077880776,0.3221307652409877,0.21885746540626483
SOL,RF,0.2,347,14,none,0.0,base,0.08333478531771887,0.6463083288481736,0.4177144559385189,0.4616527898712642,0.30514899467474593,0.3114662091705007,0.21118582386927837
SOL,RF,0.2,347,15,none,0.0,base,0.08651537012230726,0.6451860954270046,0.4162650977323439,0.45054868827586225,0.3156418684798184,0.31455520121855846,0.2273586574864377
SOL,RF,0.2,347,16,none,0.0,base,0.09469750644624408,0.6422901107907323,0.4125365864195712,0.46415501525517217,0.33984202929536894,0.3642597125269013,0.26437984833032047
SOL,RF,0.2,347,17,none,0.0,base,0.10216874344675231,0.6396342894689241,0.4091320242644154,0.4685318683862068,0.36318997657997504,0.31475135662364423,0.29660359516676094
SOL,RF,0.2,347,18,none,0.0,base,0.07637235259372299,0.6487581687117239,0.4208871614701895,0.4512397347632182,0.3015774173282144,0.2809742122708843,0.21014587166609242
SOL,RF,0.2,347,19,none,0.0,base,0.07538702922923468,0.6491041231611491,0.42133616270480423,0.456895104073563,0.2910743186667482,0.2720372233131936,0.19564036845359015
SOL,RF,0.25,434,5,none,0.0,base,0.06299627953684184,0.6534389747767785,0.4269824937573273,0.45480591274022997,0.2822811219009344,0.3098245830545816,0.19553043426320665
SOL,RF,0.25,434,6,none,0.0,base,0.08828858415469265,0.6445595885676256,0.41545706321446685,0.4623656743632183,0.32730481179407944,0.3161290367262539,0.24810432027139093
SOL,RF,0.25,434,7,none,0.0,base,0.018915386672342938,0.6686326954374966,0.4470696814080121,0.47408717468505757,0.2552376361967208,0.317169950581559,0.19657766174020208
SOL,RF,0.25,434,8,none,0.0,base,0.10672679031742405,0.6380085982530965,0.40705497144488106,0.45805523414712646,0.3388984176868485,0.2749586340619973,0.24540978941783928
SOL,RF,0.25,434,9,none,0.0,base,0.09062706310299129,0.6437324316580773,0.41439144356842106,0.45984928151724136,0.3197984944330991,0.3233523082653016,0.2311239496521746
SOL,RF,0.25,434,10,none,0.0,base,0.055526178423563555,0.6560385189155573,0.4303865383009181,0.4668129611494252,0.2882382517142105,0.32005039539291996,0.21693579634535964
SOL,RF,0.25,434,11,none,0.0,base,0.12864334273183464,0.6301331881338977,0.3970678347877901,0.465261739935632,0.373853022922453,0.37751627530472676,0.28377421932575536
SOL,RF,0.25,434,12,none,0.0,base,0.055519405016547396,0.6560408713407059,0.4303896248694726,0.4627386358160915,0.2852739557627436,0.29263922651112356,0.2122730559275687
SOL,RF,0.25,434,13,none,0.0,base,0.03575606787627039,0.6628691911226094,0.43939556453954254,0.46923913809655166,0.28918159353088735,0.3179097429287222,0.2333709347986134
SOL,RF,0.25,434,14,none,0.0,base,0.04538059398131844,0.6595527058193648,0.4350097717536456,0.47716023387126427,0.2601323443258848,0.27251379857831853,0.18242875891326818
SOL,RF,0.25,434,15,none,0.0,base,0.08425383042908707,0.6459842544438044,0.4172956569893178,0.45382093594023,0.31104584675416336,0.3222261823443907,0.22184848248162334
SOL,RF,0.25,434,16,none,0.0,base,0.11282362961655445,0.6358275768674434,0.4042767075051247,0.4627077758620688,0.35143573437038234,0.38680621278394317,0.26343590358613506
SOL,RF,0.25,434,17,none,0.0,base,0.08606624846081934,0.6453446812607889,0.4164697576315893,0.46675071023448267,0.3407101850337555,0.31507004537542255,0.27423243669181563
SOL,RF,0.25,434,18,none,0.0,base,0.11557700760098277,0.6348401553472036,0.40302202284126165,0.4492241382942528,0.34890472159029323,0.32834490432815566,0.25092301664784733
SOL,RF,0.25,434,19,none,0.0,base,0.044993347458261335,0.6596864678158648,0.43518623581937205,0.4639860759816089,0.2548281853926015,0.2659271756115562,0.17412840582209607
SOL,RF,0.3,521,5,none,0.0,base,0.09558497002509458,0.6419752166822827,0.41213217883426395,0.44868677036321836,0.3170142573295192,0.3420526026697404,0.20724501429905104
SOL,RF,0.3,521,6,none,0.0,base,0.11492191068515767,0.6350752266018009,0.40332054344332874,0.4518686904873562,0.35770779151944465,0.3695086737178441,0.27340699743073
SOL,RF,0.3,521,7,none,0.0,base,0.054801997279542825,0.656289981518071,0.43071653984099006,0.4608379658712646,0.28917253271199683,0.3459984534271196,0.2191215083346046
SOL,RF,0.3,521,8,none,0.0,base,0.09156316110764273,0.6434010209811567,0.4139648737995948,0.45343754059310326,0.33355637096480645,0.3174994275161514,0.2581551318509136
SOL,RF,0.3,521,9,none,0.0,base,0.12256724335575109,0.6323263775679512,0.3998366477682072,0.4435248688275862,0.3537165780077382,0.36332420213341493,0.24543431091328108
SOL,RF,0.3,521,10,none,0.0,base,0.036826690404722306,0.6625010893542014,0.4389076933955035,0.4633653836367815,0.28299439497663365,0.32530219941582056,0.22390781157356376
SOL,RF,0.3,521,11,none,0.0,base,0.13138044523554637,0.6291427236208226,0.3958205666850268,0.4553457130896549,0.3733640904617559,0.36295237429196453,0.28178264400166747
SOL,RF,0.3,521,12,none,0.0,base,0.06385281195327364,0.6531402461717325,0.42659218116927133,0.463452625655172,0.29761248587828215,0.3051852270857618,0.22395589364560026
SOL,RF,0.3,521,13,none,0.0,base,0.040841204508055395,0.6611189927678093,0.43707832259832263,0.4735309145057471,0.2918419636638543,0.30764340201170387,0.2335588714163724
SOL,RF,0.3,521,14,none,0.0,base,0.07328447021316298,0.6498417316402063,0.4222942761811419,0.46798759902528725,0.2874354802813886,0.2879801893979808,0.1921784790795863
SOL,RF,0.3,521,15,none,0.0,base,0.07927237422789235,0.6477388770763082,0.4195656528760766,0.463020617894253,0.3191678588427475,0.3258418272359063,0.2455549824994206
SOL,RF,0.3,521,16,none,0.0,base,0.09775124390482881,0.6412059194841023,0.41114503118145307,0.4649973298942527,0.33012259053857707,0.38111376980758893,0.24106765561502994
SOL,RF,0.3,521,17,none,0.0,base,0.11680094281741915,0.634400731996853,0.40246428875814283,0.45974336445517217,0.36509308850397443,0.31582806100436633,0.2861275271816568
SOL,RF,0.3,521,18,none,0.0,base,0.12354493661350896,0.6319739895683768,0.39939112349097083,0.4424786821057469,0.359805451251187,0.3407252188248451,0.25845796890699857
SOL,RF,0.3,521,19,none,0.0,base,0.07553851904193076,0.6490509459436458,0.4212671304303413,0.45491111366436743,0.29810096639581796,0.2834751754624471,0.2082872351257227
SOL,RF,0.4,695,5,none,0.0,base,0.1307264095560956,0.6293795386673442,0.3961186036931191,0.44346697603678165,0.36365730954136827,0.3722479245419694,0.24420523041150122
SOL,RF,0.4,695,6,none,0.0,base,0.16278755523679622,0.6176638934335548,0.3815086852514977,0.44931130162758603,0.4073183888086906,0.3763524636370936,0.3024485051663928
SOL,RF,0.4,695,7,none,0.0,base,0.04419370824700808,0.6599625919604708,0.43555062278718293,0.46908913001379315,0.291817943836134,0.34636867761977325,0.23167980407338934
SOL,RF,0.4,695,8,none,0.0,base,0.11905819032217702,0.6335895243808707,0.40143568540517793,0.4453210855999998,0.36798312263442895,0.35908109320363146,0.292840600127843
SOL,RF,0.4,695,9,none,0.0,base,0.10649866440961664,0.6380900610115214,0.4071589259616871,0.4566313086620687,0.3544567143356477,0.3409027864825148,0.2785988045643152
SOL,RF,0.4,695,10,none,0.0,base,0.05441531621915152,0.6564242121002819,0.4308927462314759,0.45947932928275853,0.2997031174852396,0.3488520006745725,0.23589721616687784
SOL,RF,0.4,695,11,none,0.0,base,0.10592174794809284,0.6382960289501868,0.4074218205735776,0.4598735334482757,0.34604712896493295,0.3779865817609192,0.2631691699983919
SOL,RF,0.4,695,12,none,0.0,base,0.10252399826321335,0.6395077313641238,0.4089701384744883,0.45276071807356283,0.33826249648671575,0.33231546585562927,0.2514570889127097
SOL,RF,0.4,695,13,none,0.0,base,0.14030694344516514,0.6259016357909378,0.39175285768577184,0.4548389871494251,0.38810540635876745,0.38782533159423876,0.3038955653005117
SOL,RF,0.4,695,14,none,0.0,base,0.10682259091998048,0.6379743851778878,0.40701131614310404,0.4566183554620688,0.3336126122958102,0.3252009508622478,0.2302808883149324
SOL,RF,0.4,695,15,none,0.0,base,0.09542807683083043,0.6420308975208706,0.4122036733714547,0.4557315696735633,0.33451661348153494,0.34107087803365854,0.25503232065782633
SOL,RF,0.4,695,16,none,0.0,base,0.11999900447857514,0.633251108595038,0.4010069665368446,0.461292673121839,0.3580694107439549,0.36994945845755206,0.26451686373706806
SOL,RF,0.4,695,17,none,0.0,base,0.1403145539770918,0.6258988653516002,0.39174938964842054,0.4521116613011493,0.3862724656988418,0.32592652904962227,0.29962169217333645
SOL,RF,0.4,695,18,none,0.0,base,0.13614396676985863,0.6274152383202487,0.39364988127645445,0.4460837133011492,0.3737499116936651,0.3684132358034517,0.27121613573073433
SOL,RF,0.4,695,19,none,0.0,base,0.12893013071187176,0.6300294823237191,0.39693714859709356,0.448886127531034,0.3674981784990194,0.33729909606384717,0.27315377528854295
SOL,RF,0.5,868,5,none,0.0,base,0.14877197682545273,0.6228125185272685,0.38789543323427916,0.44071735713103444,0.3867196145143299,0.37120737515229996,0.2726960180567229
SOL,RF,0.5,868,6,none,0.0,base,0.17279234537926502,0.613962222162978,0.3769496102433019,0.4365651894022987,0.4158635877794266,0.3994907831932408,0.2998630691023779
SOL,RF,0.5,868,7,none,0.0,base,0.09941657628420875,0.6406138908654723,0.4103861571697992,0.4642727466528735,0.3445900695616087,0.3783090609553079,0.26856798903381623
SOL,RF,0.5,868,8,none,0.0,base,0.14780690655934925,0.6231654718855215,0.38833520535030475,0.4447342514344825,0.3964039135051531,0.3678732435177303,0.31409042848890933
SOL,RF,0.5,868,9,none,0.0,base,0.1309171082390932,0.62931049916489,0.3960317043591631,0.4479047452459768,0.37662226252377223,0.351651023862938,0.29256451581279824
SOL,RF,0.5,868,10,none,0.0,base,0.07510957409369401,0.6492015064822936,0.4214625960188794,0.46023132522298854,0.32577237421390803,0.358730112796538,0.2597656774187312
SOL,RF,0.5,868,11,none,0.0,base,0.1363185605461099,0.6273518317299144,0.3935703207748788,0.45491476249655144,0.38156645122200583,0.38895021833198856,0.29338042819124033
SOL,RF,0.5,868,12,none,0.0,base,0.14480560386086494,0.6242618574232565,0.3897028666335342,0.43697820575172375,0.38331919779319007,0.36620829160113205,0.2779360516488514
SOL,RF,0.5,868,13,none,0.0,base,0.12602854983550704,0.6310779410826091,0.39825936772106496,0.4451843483999999,0.37612760413608076,0.3941644823944212,0.30104539118687823
SOL,RF,0.5,868,14,none,0.0,base,0.1053233807522731,0.6385095849349722,0.40769449005383046,0.46468053737931014,0.33766409951788834,0.34775255363818824,0.24426054245487558
SOL,RF,0.5,868,15,none,0.0,base,0.11851124090819898,0.6337861818914726,0.40168492435657077,0.4506644856597701,0.35857830319123973,0.36675054357379416,0.27172538684363245
SOL,RF,0.5,868,16,none,0.0,base,0.11488373574455013,0.6350889223976488,0.40333793935220685,0.44942489899770094,0.356613149123043,0.380438560771056,0.2733787201650683
SOL,RF,0.5,868,17,none,0.0,base,0.1589984268516258,0.619060053796683,0.38323535020675215,0.44035498421149416,0.402663151019507,0.36007302287751036,0.3049231179485716
SOL,RF,0.5,868,18,none,0.0,base,0.1523026234992697,0.6215195536813356,0.38628655560824665,0.4349168809885055,0.3948709819348846,0.4030518311325417,0.29666842615448596
SOL,RF,0.5,868,19,none,0.0,base,0.15712597426759656,0.6197488254629785,0.3840886066627414,0.4462169310436779,0.39999651349883103,0.36643761337905856,0.29830633115752014
SOL,RF,0.6,1042,5,none,0.0,base,0.17454388932636955,0.613311870543581,0.37615145054966637,0.4266209770160919,0.41907681686297593,0.3992926596737225,0.3137485680505493
SOL,RF,0.6,1042,6,none,0.0,base,0.1863747597801214,0.608900854351709,0.3707602504302412,0.4380898285011493,0.4331626674319727,0.38920272012434,0.32614396597906226
SOL,RF,0.6,1042,7,none,0.0,base,0.1418797185986519,0.6253288422934895,0.3910361610041158,0.4532438182252872,0.38867041688977283,0.39350268569327873,0.3015385551609716
SOL,RF,0.6,1042,8,none,0.0,base,0.17490914953763503,0.6131761618076759,0.3759850054091931,0.43432315895172413,0.4225084750813675,0.39647555898983067,0.33073545805638305
SOL,RF,0.6,1042,9,none,0.0,base,0.13825786243450433,0.6266471110693641,0.3926866018115799,0.44143998302988496,0.3822002024073534,0.35307440795625333,0.2941406979795282
SOL,RF,0.6,1042,10,none,0.0,base,0.0861492103542667,0.6453153901706835,0.41643195279114154,0.45789402047356303,0.3401168059668925,0.3609741277149951,0.2738816343310601
SOL,RF,0.6,1042,11,none,0.0,base,0.14495725608622545,0.6242065045715007,0.38963376034937103,0.45209070850114924,0.38825765670029533,0.390599716905637,0.2944149345406183
SOL,RF,0.6,1042,12,none,0.0,base,0.13622324393876373,0.6273864483117693,0.39361375552525635,0.4387580320827582,0.37402255394403433,0.3803500685147296,0.27305889541498224
SOL,RF,0.6,1042,13,none,0.0,base,0.14626119521351744,0.6237303659006688,0.3890395693465822,0.446671922505747,0.3964962667056457,0.40001765471608003,0.31662589809340547
SOL,RF,0.6,1042,14,none,0.0,base,0.13814438445880195,0.626688369528048,0.39273831250172314,0.45471907113103444,0.3756939208244156,0.3535474114581493,0.2724416578412489
SOL,RF,0.6,1042,15,none,0.0,base,0.1223360086193358,0.6324096923234923,0.3999420189446942,0.4487205061379309,0.36385045940457045,0.3658881449868113,0.27716598307556695
SOL,RF,0.6,1042,16,none,0.0,base,0.12947830704465157,0.6298312079851472,0.39668735055202986,0.4452383444452106,0.37675472893609213,0.3785431936796244,0.2970593816644473
SOL,RF,0.6,1042,17,none,0.0,base,0.19611658857731973,0.6052445820262657,0.3663210040721492,0.4324421202768034,0.44309018287248664,0.4146727450308721,0.333421206932898
SOL,RF,0.6,1042,18,none,0.0,base,0.16880765317006596,0.6154391858866561,0.37876539152483,0.43054252655172387,0.4137197511447167,0.41329863669149136,0.3148213488069019
SOL,RF,0.6,1042,19,none,0.0,base,0.15838689417662388,0.6192850870592104,0.3835140190539338,0.439169548541412,0.40283525090479216,0.3648965068854409,0.30726076638396616
SOL,LightGBM,0.02,35,5,none,0.0,base,-0.004525282735666547,0.6765732345783955,0.4577513417478726,0.5233635587861999,,,0.0
SOL,LightGBM,0.02,35,6,none,0.0,base,-0.04490198570971171,0.6900366439542466,0.47615056999963973,0.5742413234713435,,,-2.4755985789727606e-31
SOL,LightGBM,0.02,35,7,none,0.0,base,-0.0003493370741840529,0.6751654673707814,0.4558484083300058,0.4949808229925078,,,-1.2929272680654308e-31
SOL,LightGBM,0.02,35,8,none,0.0,base,-0.08828729375621958,0.7042164348747711,0.4959207871477328,0.42921718843394313,,,2.3769071694851763e-31
SOL,LightGBM,0.02,35,9,none,0.0,base,-0.007057036804871242,0.6774252983044353,0.45890503478285316,0.4749530906240818,,,1.2843154739258293e-31
SOL,LightGBM,0.02,35,10,none,0.0,base,-0.07282778730478245,0.6991967224778678,0.4888760567237925,0.5956762761913944,,,-1.2055792651900707e-31
SOL,LightGBM,0.02,35,11,none,0.0,base,-0.020725484615184753,0.6820070374219711,0.4651335990930939,0.5499095956170883,,,-2.534234630150329e-31
SOL,LightGBM,0.02,35,12,none,0.0,base,-0.0490266908511694,0.6913972473657568,0.47803015366494545,0.44129466072814705,,,1.2329323426889693e-31
SOL,LightGBM,0.02,35,13,none,0.0,base,-0.02677498149937163,0.6840250650412966,0.46789028960475,0.5568376648863637,,,1.2596517823269353e-31
SOL,LightGBM,0.02,35,14,none,0.0,base,-0.0003460399313921503,0.6751643547000843,0.45584690585758125,0.4950092237080034,,,-1.2929315295566073e-31
SOL,LightGBM,0.02,35,15,none,0.0,base,-0.016030871533449398,0.6804368556475112,0.46299431452347195,0.4627304153586196,,,-1.2729720835572163e-31
SOL,LightGBM,0.02,35,16,none,0.0,base,-0.08310603576851161,0.7025380728052287,0.4935597437408848,0.4303829539725942,,,-1.1941387941547942e-31
SOL,LightGBM,0.02,35,17,none,0.0,base,-0.11245838343045267,0.7119938848953622,0.5069352921283903,0.6206338611755823,,,1.1626312990747914e-31
SOL,LightGBM,0.02,35,18,none,0.0,base,-0.014811860711587022,0.6800285467786419,0.4624388244338716,0.5420891346136605,,,-1.274501201225093e-31
SOL,LightGBM,0.02,35,19,none,0.0,base,-0.04668764734931341,0.6906260035344237,0.4769642767579299,0.5757629029127055,,,-2.4713751782010796e-31
SOL,LightGBM,0.05,87,5,none,0.0,base,-0.07018150247943034,0.6983338551566648,0.48767017325796963,0.5201458076584271,0.2587340698593853,0.2900299463344938,0.23255333011846066
SOL,LightGBM,0.05,87,6,none,0.0,base,-0.2095750318972196,0.7424219163243369,0.5511903018387005,0.5927579436078074,0.15575713782314812,0.162506903437418,0.13670475400020318
SOL,LightGBM,0.05,87,7,none,0.0,base,-0.17604839447066412,0.7320604992810902,0.535912574607679,0.5281676610186378,0.17585622426429506,0.14795198993620515,0.14972338705779853
SOL,LightGBM,0.05,87,8,none,0.0,base,-0.0959455692779847,0.7066898759290378,0.49941058074059885,0.5094186278716372,0.18786948455582952,0.18455669496895846,0.15796596941514576
SOL,LightGBM,0.05,87,9,none,0.0,base,-0.09021176802199804,0.7048388108803738,0.49679774932325943,0.4912033962159899,0.22255725306784532,0.24745753235782056,0.18882429601501813
SOL,LightGBM,0.05,87,10,none,0.0,base,-0.3105479414725043,0.7727888250761326,0.5972025681625495,0.5806386146297075,0.12178161715401555,0.1650261148874308,0.11115815547154873
SOL,LightGBM,0.05,87,11,none,0.0,base,-0.2829460957961347,0.7646075494382999,0.5846247046580422,0.572150231945255,0.1792236419719448,0.22384567847081122,0.17141372748193792
SOL,LightGBM,0.05,87,12,none,0.0,base,-0.06256737860983907,0.6958451689111657,0.48420049909700863,0.4716453926101195,0.15986421161793446,0.1874823780783487,0.10562371882084909
SOL,LightGBM,0.05,87,13,none,0.0,base,-0.19872568423248094,0.7390848199446525,0.5462463710726193,0.5713686784951278,0.18914104662018866,0.1696594953295981,0.1745526199775043
SOL,LightGBM,0.05,87,14,none,0.0,base,-0.19665384431498034,0.7384458382023179,0.5453022559583238,0.5582281344136415,0.2210690589596105,0.2568302163129012,0.20892990991343235
SOL,LightGBM,0.05,87,15,none,0.0,base,-0.39181217443335314,0.7963879726795663,0.6342338030286696,0.6184229235030491,0.10677368672253791,0.13854815795378916,0.1004954443999997
SOL,LightGBM,0.05,87,16,none,0.0,base,-0.18545417899906025,0.7349821012890768,0.5401986892153068,0.5432234488563188,0.17706006774911756,0.17287856115913208,0.15999110180746073
SOL,LightGBM,0.05,87,17,none,0.0,base,-0.2963122085239722,0.7685801832799328,0.5907154981306151,0.6060102533726791,0.22725473130055832,0.2366168241434517,0.21819577064125498
SOL,LightGBM,0.05,87,18,none,0.0,base,-0.23159216786404335,0.7491483653698072,0.5612232733362541,0.5602141097463852,0.13232405742748815,0.25826262210722745,0.11946358346372181
SOL,LightGBM,0.05,87,19,none,0.0,base,-0.2374191606635847,0.7509184850137272,0.5638785711353111,0.592584723615728,0.2143265686042893,0.23696125108034696,0.19254213450895555
SOL,LightGBM,0.08,139,5,none,0.0,base,-0.05535437998819237,0.6934793532521942,0.4809136133870816,0.5077923767114366,0.3061971915908322,0.32256066303645425,0.28497991069802847
SOL,LightGBM,0.08,139,6,none,0.0,base,-0.2193666597700623,0.7454208483123405,0.5556522410986893,0.5573115613802362,0.27230128925692937,0.25254911839987954,0.2665867619115806
SOL,LightGBM,0.08,139,7,none,0.0,base,-0.29401878914490287,0.7679000010707699,0.5896704116444884,0.5630330024206931,0.1261129588830639,0.14158449119847993,0.11543851249888595
SOL,LightGBM,0.08,139,8,none,0.0,base,-0.2135865324627637,0.7436520015431944,0.5530182993991993,0.544940878926174,0.1575807124716677,0.12561680801940708,0.14191285082581673
SOL,LightGBM,0.08,139,9,none,0.0,base,-0.0612573991423242,0.6954161024712471,0.4836035555763,0.48374340366123264,0.2664596496660113,0.2469090212766448,0.2306986711781787
SOL,LightGBM,0.08,139,10,none,0.0,base,-0.24902968322073726,0.7544331389154275,0.5691693610937847,0.5659302996550357,0.22513616129627684,0.2406632371180625,0.21592538647479287
SOL,LightGBM,0.08,139,11,none,0.0,base,-0.1795995804765227,0.7331649280931899,0.5375308117858922,0.5384053055113436,0.25472714460571566,0.2548531338184092,0.24376154693949015
SOL,LightGBM,0.08,139,12,none,0.0,base,-0.02533499586580623,0.6835452462534896,0.4672341036757437,0.5141010861931368,0.2933480605007014,0.3250869815562746,0.2636899306667155
SOL,LightGBM,0.08,139,13,none,0.0,base,-0.20553127725476772,0.7411798745534581,0.5493476064430799,0.570760422987766,0.19392465649152535,0.19193339025100664,0.17881727524160088
SOL,LightGBM,0.08,139,14,none,0.0,base,-0.26929793750883224,0.7605296746772607,0.5784053860647,0.596146060930303,0.29880972987492693,0.27931970443191423,0.2873331682230317
SOL,LightGBM,0.08,139,15,none,0.0,base,-0.35316989226483986,0.7852546922110842,0.6166249316395247,0.6232709370516938,0.1878108441341021,0.25845762645558845,0.17678898022025163
SOL,LightGBM,0.08,139,16,none,0.0,base,-0.049586768654181546,0.6915817920403099,0.4782853750816865,0.5106009897314121,0.27062598910146957,0.2324617476876206,0.2422398429814707
SOL,LightGBM,0.08,139,17,none,0.0,base,-0.28473606728719414,0.7651407552661,0.5854403753691779,0.600584266563108,0.3218180004653505,0.308390298711437,0.31260487351534694
SOL,LightGBM,0.08,139,18,none,0.0,base,-0.1854947031041405,0.7349946636630155,0.5402171556131092,0.5469465458252363,0.2078667285942717,0.31366309653147384,0.19361835631073165
SOL,LightGBM,0.08,139,19,none,0.0,base,-0.11594964765427451,0.7131102464531937,0.5085262235965347,0.5468081314368425,0.31491823199735647,0.3298125826316892,0.297911469169976
SOL,LightGBM,0.1,174,5,none,0.0,base,0.005608863170227574,0.6731517813337817,0.4531333207128435,0.4780524707739062,0.3211629355351095,0.31771362226228295,0.2794823516690784
SOL,LightGBM,0.1,174,6,none,0.0,base,-0.14651571946202746,0.7228103852272454,0.5224548529923589,0.5438348456700958,0.3096523249140839,0.2786893144653608,0.3021312002243389
SOL,LightGBM,0.1,174,7,none,0.0,base,-0.341386994605821,0.7818283649276699,0.6112555922054738,0.5622526218336727,0.06998733967937917,0.07385247625992365,0.0635172912463593
SOL,LightGBM,0.1,174,8,none,0.0,base,-0.19887645272273313,0.7391312972998917,0.5463150746482209,0.5542568178654212,0.22380400401282644,0.1503245184035142,0.21137206468319344
SOL,LightGBM,0.1,174,9,none,0.0,base,-0.03628258829233433,0.6871846938928532,0.4722228035206143,0.4951409562900319,0.29508949213658586,0.2929112227951813,0.2682992806441481
SOL,LightGBM,0.1,174,10,none,0.0,base,-0.26386590630065077,0.7589005652948352,0.5759300680048204,0.5658555614688626,0.2014096869332665,0.23239110576987296,0.1922225182508109
SOL,LightGBM,0.1,174,11,none,0.0,base,-0.14453607470211915,0.7221860911270999,0.5215527502174399,0.5404653707739869,0.28590239647193544,0.24473409096549245,0.2756159442137955
SOL,LightGBM,0.1,174,12,none,0.0,base,-0.11340217343318515,0.7122958423701603,0.5073653670578162,0.533159694482542,0.23643871600413466,0.28740982162841205,0.21503001677247663
SOL,LightGBM,0.1,174,13,none,0.0,base,-0.09178049293561141,0.7053457310810565,0.49751260035427003,0.5324044476669179,0.2555380792917456,0.2679157827771687,0.23249168676757917
SOL,LightGBM,0.1,174,14,none,0.0,base,-0.24645500884513916,0.7536551663313243,0.5679961097378962,0.5788402970077585,0.3039889961405712,0.27752267003797926,0.2942122024991988
SOL,LightGBM,0.1,174,15,none,0.0,base,-0.373861956910827,0.791235794451637,0.6260540824215133,0.6206993951008538,0.21257904198395616,0.3056592004787247,0.20563436532604384
SOL,LightGBM,0.1,174,16,none,0.0,base,-0.01944167549624254,0.681578008094519,0.46454858111809216,0.5188375000014641,0.3159523067595539,0.2968233136442782,0.2904269879420599
SOL,LightGBM,0.1,174,17,none,0.0,base,-0.18599987433657783,0.7351512474978034,0.5404473566975766,0.5721506239287443,0.3246569513999559,0.3076824110486602,0.31334648427630596
SOL,LightGBM,0.1,174,18,none,0.0,base,-0.09287362635312624,0.7056987526329981,0.4980107294677694,0.5227657278776716,0.27434138947526543,0.31581204753688524,0.2556622858804787
SOL,LightGBM,0.1,174,19,none,0.0,base,-0.08133153235335966,0.7019623363579998,0.49275112166518165,0.5217787838883806,0.3171470781069834,0.31413696335351504,0.30337307324819446
SOL,LightGBM,0.15,261,5,none,0.0,base,-0.053357480111365874,0.692822955480985,0.480003647641407,0.5027213667924387,0.2961420951839864,0.29955774280350356,0.27384210555860494
SOL,LightGBM,0.15,261,6,none,0.0,base,-0.10531425178131015,0.7097040146112967,0.5036797883553917,0.540231951579557,0.3061229870662912,0.26072997804356435,0.2929590230015264
SOL,LightGBM,0.15,261,7,none,0.0,base,-0.15108000143644817,0.7242477111330434,0.5245347470814523,0.5400650267900747,0.2450108744856522,0.28576913258826664,0.23057177546627408
SOL,LightGBM,0.15,261,8,none,0.0,base,-0.09141764018607801,0.705228510674486,0.4973472522681537,0.5225200712422269,0.2559718543309323,0.23986118523977276,0.2333304218107223
SOL,LightGBM,0.15,261,9,none,0.0,base,-0.1450881342324113,0.722360241011191,0.521804317793746,0.5236497490344174,0.22594157899739362,0.2520099187143737,0.20735271791453533
SOL,LightGBM,0.15,261,10,none,0.0,base,-0.1815565220573625,0.7337728319901661,0.5384225689668685,0.557218877361558,0.23461855941170595,0.23272085733729028,0.22237551131745492
SOL,LightGBM,0.15,261,11,none,0.0,base,-0.13968305305541384,0.7206533706106797,0.5193412805725337,0.5421692692101817,0.3392383992382142,0.26877984814148365,0.3343997166985472
SOL,LightGBM,0.15,261,12,none,0.0,base,0.01540674408239373,0.669827240421176,0.4486685320102479,0.49747973947283197,0.3526503499466295,0.3435117898082739,0.32822395345540806
SOL,LightGBM,0.15,261,13,none,0.0,base,-0.07215462838209663,0.6989773282874931,0.488569305459922,0.5220240679854616,0.28155548938614444,0.29625911000161886,0.2604901659478979
SOL,LightGBM,0.15,261,14,none,0.0,base,-0.09444894255580905,0.7062071821201973,0.4987285840781496,0.5292824639647326,0.36324318900493985,0.31511277223267264,0.3562145230599421
SOL,LightGBM,0.15,261,15,none,0.0,base,-0.22404477731425643,0.7468493883171418,0.5577840088296888,0.572847057067622,0.24953986870207445,0.2709775759242181,0.24002693224459806
SOL,LightGBM,0.15,261,16,none,0.0,base,-0.04629491443797762,0.6904964247584577,0.4767853126042125,0.524529703909271,0.2992192333326895,0.2738376206404068,0.2762970738316396
SOL,LightGBM,0.15,261,17,none,0.0,base,-0.09349547630747357,0.7058994969455072,0.49829409978792016,0.5475084671441937,0.3289900323298937,0.29484964844421396,0.31542782448646806
SOL,LightGBM,0.15,261,18,none,0.0,base,-0.04210952650902722,0.6891139792856156,0.47487807644685587,0.5135969443614927,0.3117001089801672,0.34081305504302734,0.2905540758773527
SOL,LightGBM,0.15,261,19,none,0.0,base,-0.07605615404485544,0.7002479479747441,0.49034718864283994,0.5280569994488142,0.30410138846590695,0.31716981635503333,0.2877063907775211
SOL,LightGBM,0.2,347,5,none,0.0,base,-0.02346216410727009,0.682920694102924,0.4663806744340194,0.49439275709249736,0.30189234064475734,0.30571100521169425,0.2740550577421718
SOL,LightGBM,0.2,347,6,none,0.0,base,-0.043149967080065466,0.6894578986408724,0.47535219399828743,0.5195321840380305,0.3239829303406868,0.3094989807358802,0.30495758707094917
SOL,LightGBM,0.2,347,7,none,0.0,base,-0.014916282768098865,0.6800635326491709,0.4624864084392698,0.5115081891191483,0.3213541157306879,0.3391431587543647,0.29605727756795597
SOL,LightGBM,0.2,347,8,none,0.0,base,-0.05471159703661388,0.6932681329224409,0.48062070412576724,0.5156468869840545,0.2719280324302498,0.2734300022586832,0.2431885797825142
SOL,LightGBM,0.2,347,9,none,0.0,base,-0.05341793305742981,0.6928428360004862,0.48003119539719674,0.5036722488278262,0.2781811117728149,0.26974510876210006,0.25196107009323326
SOL,LightGBM,0.2,347,10,none,0.0,base,-0.06483317675817712,0.6965866772240698,0.4852329988860703,0.5247269849778267,0.3076194745870412,0.27891199281147006,0.289471233545827
SOL,LightGBM,0.2,347,11,none,0.0,base,-0.0163381999569161,0.6805397569376802,0.4631343607727968,0.5235383378305503,0.35782042130660524,0.2971293702487242,0.34187908981687226
SOL,LightGBM,0.2,347,12,none,0.0,base,0.0255309883430741,0.6663745366145042,0.4440550230481951,0.49998790390332937,0.35724560136359984,0.35282818783218584,0.3314638257826247
SOL,LightGBM,0.2,347,13,none,0.0,base,-0.012022833216747797,0.6790934358926206,0.4611678946724448,0.5055005736508609,0.31920202887425875,0.3087510972243487,0.29219351117716824
SOL,LightGBM,0.2,347,14,none,0.0,base,0.012039324998433298,0.6709717047561008,0.45020302858330813,0.5062905035501076,0.3612554900213088,0.3525390936794827,0.3400759854668844
SOL,LightGBM,0.2,347,15,none,0.0,base,-0.1507836037843293,0.7241544599509059,0.5243996818667881,0.5447639684084266,0.25444627001323683,0.267561439521636,0.24093555772616418
SOL,LightGBM,0.2,347,16,none,0.0,base,-0.07475063602686505,0.6998230334567315,0.4897522781565815,0.5245522737834059,0.2743971560290647,0.2916617403064634,0.25127438798640117
SOL,LightGBM,0.2,347,17,none,0.0,base,-0.12823547327956408,0.7170249241712906,0.514124741882845,0.5609541748049868,0.32857752315203054,0.32338124683676917,0.31706996434196005
SOL,LightGBM,0.2,347,18,none,0.0,base,-0.04226525884703625,0.6891654677901136,0.47494904199436605,0.5153293629477028,0.296466687993705,0.33498670739214953,0.2720478296245918
SOL,LightGBM,0.2,347,19,none,0.0,base,-0.10805661176903714,0.7105838812110368,0.5049294522369409,0.5319238630987421,0.2980251341735113,0.2440884676188709,0.28514952856562253
SOL,LightGBM,0.25,434,5,none,0.0,base,0.008484665865303831,0.6721776911116402,0.4518228484281756,0.5009033676662398,0.3537917707259259,0.3274238996669666,0.33163869972038124
SOL,LightGBM,0.25,434,6,none,0.0,base,-0.07836620824971963,0.7009991836227375,0.4913998554397444,0.5348599276037329,0.3155273446357661,0.27282907129678596,0.2991035275951821
SOL,LightGBM,0.25,434,7,none,0.0,base,0.006215071478728351,0.6729465640911435,0.4528570781220755,0.5065437883405864,0.33776855834225894,0.35381844100023224,0.31170367750936906
SOL,LightGBM,0.25,434,8,none,0.0,base,-0.09729310384911338,0.7071242024688095,0.5000246377171499,0.5217761861274945,0.2637760950317788,0.2609864160741266,0.24421587072961726
SOL,LightGBM,0.25,434,9,none,0.0,base,-0.05647821426166044,0.6938484939449381,0.4814257325496588,0.5026853540812183,0.31335674737342556,0.3118095357992463,0.2950305726498949
SOL,LightGBM,0.25,434,10,none,0.0,base,-0.038007177118943414,0.6877562650070431,0.47300868005643815,0.5223497830087123,0.3193091366433577,0.3280090856915036,0.2988777086822312
SOL,LightGBM,0.25,434,11,none,0.0,base,-0.0033671169930755696,0.6761830951043785,0.45722357810493697,0.5159062947293056,0.3629288741897296,0.3317985077980785,0.34505978562740586
SOL,LightGBM,0.25,434,12,none,0.0,base,-0.03737727666253576,0.6875475555983669,0.47272164120928933,0.5121446098921244,0.3161367467029031,0.3235026138934276,0.29484897339936067
SOL,LightGBM,0.25,434,13,none,0.0,base,-0.04968324127725943,0.6916135746325185,0.47832933661597027,0.5206815341905131,0.3107267329411898,0.3029858227611035,0.29074542344695037
SOL,LightGBM,0.25,434,14,none,0.0,base,-0.0013389636614413725,0.6754993489980905,0.45629937049684405,0.5118002414585783,0.3330397516617181,0.33898913557114185,0.30764771180556777
SOL,LightGBM,0.25,434,15,none,0.0,base,-0.05492097039457211,0.6933369406773122,0.48071611330777475,0.5135716321652102,0.3146764103447092,0.3220743459605952,0.2962215528946373
SOL,LightGBM,0.25,434,16,none,0.0,base,-0.024786125106194934,0.6833622678988498,0.4669839891878594,0.5150760132495045,0.3171231838440201,0.3259276953396562,0.2933857103380389
SOL,LightGBM,0.25,434,17,none,0.0,base,-0.09293813660914285,0.7057195803546643,0.49804012609596343,0.5535493449470462,0.32058444937064184,0.30952419047771096,0.30362092940423435
SOL,LightGBM,0.25,434,18,none,0.0,base,0.03366907264122598,0.6635861554980304,0.44034658576865615,0.49696279142301863,0.37189863618395597,0.3834936575150018,0.3481440922852144
SOL,LightGBM,0.25,434,19,none,0.0,base,-0.09131874698044617,0.7051965596204338,0.497302187700496,0.5210400086110094,0.2912398981495246,0.23628212395597267,0.27483490371739955
SOL,LightGBM,0.3,521,5,none,0.0,base,0.04144119651129785,0.6609121822987105,0.436804912710844,0.4865955909779405,0.3432566393798871,0.27847864317072857,0.3067920423336224
SOL,LightGBM,0.3,521,6,none,0.0,base,-0.03135349694051914,0.6855484444816299,0.4699766697311824,0.5193690348466286,0.3411977306690184,0.3205250142256265,0.3227266504346627
SOL,LightGBM,0.3,521,7,none,0.0,base,-0.008500666188235417,0.6779106734145438,0.4595628811293602,0.5083060918499643,0.3294260105498278,0.3279298508623218,0.3048252073116635
SOL,LightGBM,0.3,521,8,none,0.0,base,-0.024861113542129942,0.6833872698621763,0.467018160609679,0.505875347835654,0.3174041819307382,0.2964799653791926,0.2937935319529848
SOL,LightGBM,0.3,521,9,none,0.0,base,-0.03678601051422259,0.6873515895084772,0.4724522075998302,0.49262334246305967,0.32962265518207395,0.3295004790724239,0.3102934115503362
SOL,LightGBM,0.3,521,10,none,0.0,base,0.002479692923086474,0.674210093264318,0.4545592498594804,0.5061614483087035,0.33707199346494426,0.34342153559709543,0.3106882414584289
SOL,LightGBM,0.3,521,11,none,0.0,base,0.08168212473257708,0.6468906828438253,0.4184675555501506,0.4879836649945745,0.4108153381826973,0.3826314776074003,0.38710188988917993
SOL,LightGBM,0.3,521,12,none,0.0,base,0.009481823969743175,0.6718396045412575,0.45136845423015326,0.4947669574571876,0.3359310294727603,0.36115796418159724,0.3084022688234934
SOL,LightGBM,0.3,521,13,none,0.0,base,0.0005414930244890259,0.6748647765722472,0.45544246665790916,0.5139689371591047,0.340539754075865,0.3257184920648155,0.3164111085104057
SOL,LightGBM,0.3,521,14,none,0.0,base,0.05694194353698789,0.6555466340404954,0.42974138940182327,0.47632998520616954,0.36347863658715107,0.3360492705062099,0.32855576550472193
SOL,LightGBM,0.3,521,15,none,0.0,base,-0.04860135646203667,0.6912570675004099,0.47783633336926634,0.5118470936998869,0.33906286601058216,0.3277534494946861,0.32446947704342954
SOL,LightGBM,0.3,521,16,none,0.0,base,0.015859575176499607,0.6696731902671251,0.44846218176254915,0.502087975099011,0.34544233590023055,0.3589991613287461,0.31894044692272244
SOL,LightGBM,0.3,521,17,none,0.0,base,0.035258126315321214,0.6630403239175234,0.43962247114065445,0.5154148482193952,0.38302496145597914,0.3345191708747877,0.359348796506182
SOL,LightGBM,0.3,521,18,none,0.0,base,0.03823401201084786,0.6620169122550095,0.4382663921116569,0.4838575666312091,0.3642204368506718,0.3730701590159079,0.33713026747574365
SOL,LightGBM,0.3,521,19,none,0.0,base,-0.01680133260996164,0.6806947960208343,0.46334540532984514,0.5073406204952635,0.34014479949394893,0.2870501459890286,0.31979313142871607
SOL,LightGBM,0.4,695,5,none,0.0,base,0.09617919390236185,0.6417642849361493,0.41186139741960714,0.4769418573954135,0.38838004761811906,0.32886864144652866,0.3469586163824735
SOL,LightGBM,0.4,695,6,none,0.0,base,0.06674912811073086,0.65212909850807,0.4252723611209481,0.48575496972992976,0.40216130464840316,0.3494301160657787,0.3792253628005089
SOL,LightGBM,0.4,695,7,none,0.0,base,0.05505134097531761,0.656203410999175,0.43060291660695216,0.49013623482685476,0.37914018922105797,0.3911310349092307,0.35192892801605097
SOL,LightGBM,0.4,695,8,none,0.0,base,0.038985611580065305,0.661758185662116,0.4379238962908156,0.48684184577494466,0.3699087384350084,0.34187598262272334,0.3435109927576145
SOL,LightGBM,0.4,695,9,none,0.0,base,-0.04212911856412149,0.6891204570575046,0.4748870043351441,0.5088582769874807,0.34347577512802285,0.30685652070441966,0.32831129903958
SOL,LightGBM,0.4,695,10,none,0.0,base,0.031069048866236404,0.6644782829954342,0.4415313885725603,0.4865328334150472,0.36648807183974547,0.3725714242401378,0.3422348467392585
SOL,LightGBM,0.4,695,11,none,0.0,base,0.08173721450040206,0.6468712791095806,0.418442451736865,0.4852275575883773,0.40004197114812734,0.37095545650496564,0.3715399990152735
SOL,LightGBM,0.4,695,12,none,0.0,base,0.11238799679991185,0.635983663849312,0.4044752206831947,0.46940828937065743,0.42067850763569886,0.3585144220333834,0.3898660657022249
SOL,LightGBM,0.4,695,13,none,0.0,base,0.11859692807193156,0.6337553768133527,0.4016458776398347,0.46974464203265065,0.42425798994767355,0.3598954552198407,0.3921067836861637
SOL,LightGBM,0.4,695,14,none,0.0,base,0.10734881707036958,0.6377864223699931,0.40677152055951515,0.4675756380116764,0.40446792134297455,0.34210566886628535,0.36757860713743834
SOL,LightGBM,0.4,695,15,none,0.0,base,-0.06223508680047374,0.6957363561736984,0.4840490773018553,0.494307381152447,0.3288731118518464,0.32984023393794054,0.31469316099515143
SOL,LightGBM,0.4,695,16,none,0.0,base,0.10095125001448513,0.6400678267933297,0.40968682289593594,0.47490333962803477,0.4080780944764825,0.4225651754769016,0.37541160308270083
SOL,LightGBM,0.4,695,17,none,0.0,base,0.0694684475510845,0.65117831395743,0.4240331965684412,0.4901907247905875,0.40263181704924544,0.34704877049582344,0.37902059357168466
SOL,LightGBM,0.4,695,18,none,0.0,base,0.1461252470002672,0.6237800249140146,0.38910151948172866,0.4530037869699661,0.440582703089841,0.4175689347576915,0.4046030310706016
SOL,LightGBM,0.4,695,19,none,0.0,base,0.025116179319084164,0.6665163516737235,0.4442440470484506,0.5010216982437165,0.3822390181695573,0.3351245482955376,0.3634001122083152
SOL,LightGBM,0.5,868,5,none,0.0,base,0.13287315401939137,0.6286019053302625,0.3951403553848363,0.4583188369934361,0.4213323034331962,0.32877555692319366,0.3806982998115327
SOL,LightGBM,0.5,868,6,none,0.0,base,0.12626157297454277,0.6309938047150576,0.3981531815887842,0.4616387389670789,0.42362024187836644,0.3848382441378979,0.38809521060036306
SOL,LightGBM,0.5,868,7,none,0.0,base,0.08428994604845053,0.6459715160058758,0.41727919949092945,0.4865459491980556,0.40493964930131354,0.3998912580336501,0.37776493678813494
SOL,LightGBM,0.5,868,8,none,0.0,base,0.10267588235424485,0.6394536156216795,0.40890092653163856,0.4691490462231535,0.40962279890231984,0.37828318389517945,0.3774620553931494
SOL,LightGBM,0.5,868,9,none,0.0,base,0.03152802142054123,0.6643208861142775,0.4413222397276588,0.4817617725182559,0.3645776080724208,0.33962978091045254,0.33890917748182386
SOL,LightGBM,0.5,868,10,none,0.0,base,0.12105803100389878,0.6328699547035053,0.40052437956641684,0.4664308704494416,0.4256535460698253,0.38793139109420155,0.39307524258952814
SOL,LightGBM,0.5,868,11,none,0.0,base,0.139286468708262,0.6262730051837104,0.39221787702183586,0.46740757122454907,0.4441015678129152,0.37101406257917185,0.4138028535670103
SOL,LightGBM,0.5,868,12,none,0.0,base,0.17483118772156692,0.6132051302527434,0.3760205317682839,0.4471699423371214,0.4548264281201703,0.38959393753760474,0.4093387344878851
SOL,LightGBM,0.5,868,13,none,0.0,base,0.14183394790696313,0.6253455190651591,0.3910570182148733,0.4573496156476416,0.42939395344979675,0.3712551930436922,0.3887696338021978
SOL,LightGBM,0.5,868,14,none,0.0,base,0.11843375632304276,0.6338140368015527,0.40172023324668,0.46352316639909097,0.415243205413214,0.39776540287425816,0.37778964324425324
SOL,LightGBM,0.5,868,15,none,0.0,base,0.045514777146534846,0.6595063501831195,0.4349486259318595,0.4781951790813987,0.4020960520368749,0.35111525937858984,0.3849274650286089
SOL,LightGBM,0.5,868,16,none,0.0,base,0.16431775341178012,0.6170991739096165,0.3808113904399311,0.44119734874811234,0.4486131968593555,0.4184147866048175,0.40695354004000356
SOL,LightGBM,0.5,868,17,none,0.0,base,0.10644231412111127,0.6381101818500136,0.4071846041806574,0.46053760307464325,0.40878366732668175,0.3695360815336421,0.3746919184413097
SOL,LightGBM,0.5,868,18,none,0.0,base,0.15920600491236403,0.6189836501252137,0.38314075912233303,0.4488700176106519,0.4523297986985095,0.42522154681548896,0.416634372829743
SOL,LightGBM,0.5,868,19,none,0.0,base,0.07881478438442235,0.6478998160476335,0.4197741716345573,0.47288857739381934,0.40551541470441244,0.36412894225684406,0.38066698544220623
SOL,LightGBM,0.6,1042,5,none,0.0,base,0.17839567800750444,0.6118792625780592,0.3743962319730696,0.44310092801007783,0.46131371912794555,0.37254693214942475,0.420601629346065
SOL,LightGBM,0.6,1042,6,none,0.0,base,0.1263921754744758,0.6309466438911973,0.3980936674375653,0.46843682070787473,0.4299121166039198,0.3740451045911674,0.3955439155042148
SOL,LightGBM,0.6,1042,7,none,0.0,base,0.16158314338069213,0.6181080186745603,0.38205752274979066,0.4616597469205944,0.4641648913045354,0.4360119164233889,0.4352140510181427
SOL,LightGBM,0.6,1042,8,none,0.0,base,0.10983625731939994,0.6368971823258831,0.4056380208546491,0.4672688598786808,0.41822991492984796,0.3713850157030968,0.3875104782713006
SOL,LightGBM,0.6,1042,9,none,0.0,base,0.10317469423620296,0.639275858557654,0.4086736233346257,0.4557708436018213,0.41151567222560703,0.3716898547607218,0.3803058239101176
SOL,LightGBM,0.6,1042,10,none,0.0,base,0.16271667414740754,0.6176900395827802,0.3815409849997767,0.45520699634068434,0.45484103001314136,0.42797020085301307,0.4189583368364289
SOL,LightGBM,0.6,1042,11,none,0.0,base,0.12181485367603562,0.6325974261992254,0.40017950363388444,0.4661420406318976,0.42785097378753284,0.3618158246538752,0.39687360876693956
SOL,LightGBM,0.6,1042,12,none,0.0,base,0.18569165204257654,0.6091564128052717,0.3710715352617866,0.43932853181656273,0.4696858514792822,0.40422351525790406,0.4288234364878442
SOL,LightGBM,0.6,1042,13,none,0.0,base,0.19805591853453886,0.6045140795036865,0.36543727231818945,0.44659402905093826,0.47054345699008987,0.39589146636220046,0.42204571110112893
SOL,LightGBM,0.6,1042,14,none,0.0,base,0.1356769463265648,0.6275848129596552,0.39386269745760544,0.4589981361185405,0.4223114617043807,0.3872884008198566,0.37975242740544657
SOL,LightGBM,0.6,1042,15,none,0.0,base,0.06578135653707984,0.6524671364855864,0.4257133641937008,0.4670602732761704,0.40462285342532495,0.3478484809934811,0.38331822724373726
SOL,LightGBM,0.6,1042,16,none,0.0,base,0.19110175776814842,0.6071294824071366,0.3686062084079576,0.4352227914726839,0.4664749915458383,0.43711967327626505,0.41963398912320216
SOL,LightGBM,0.6,1042,17,none,0.0,base,0.16628987000647555,0.6163706013176974,0.3799127181687399,0.449789394977882,0.4535839161594894,0.3933620019579329,0.4150514893805663
SOL,LightGBM,0.6,1042,18,none,0.0,base,0.22825424348762657,0.5930229516632789,0.35167622119942765,0.4418337037103399,0.502982621049155,0.45022986665482906,0.46244051422019833
SOL,LightGBM,0.6,1042,19,none,0.0,base,0.09005644175143657,0.6439343674370588,0.414651469566565,0.4783832015934282,0.41450314929381427,0.35544110200765705,0.38869528000162185
SOL,FCNN,0.02,35,5,none,0.0,base,0.08883468585987853,0.6443665188034149,0.4152082105548316,0.45554312062524815,0.3004428532228355,0.24311425097488262,0.17372870907386723
SOL,FCNN,0.02,35,6,none,0.0,base,-0.14149458005944426,0.721225882715356,0.5201667738985445,0.572083071239489,0.15900257758177214,0.17943605430408602,0.12192115020234154
SOL,FCNN,0.02,35,7,none,0.0,base,-0.02325213720212771,0.6828506186843546,0.46628496743760584,0.4846672328145871,0.08664838705816957,0.05426193540227737,0.03955550547108795
SOL,FCNN,0.02,35,8,none,0.0,base,-0.08239358173397693,0.7023069742770449,0.49323508611817785,0.4118228845659629,0.23636528515293873,0.23625413299515777,0.06504913924574275
SOL,FCNN,0.02,35,9,none,0.0,base,0.0012180388362503791,0.674636325752772,0.45513417202520035,0.453853481278562,0.17506977733140214,0.14246291079265308,0.08393907380322435
SOL,FCNN,0.02,35,10,none,0.0,base,-0.20723342425972402,0.741702943558078,0.5501232564827174,0.5839026215362343,0.21185100931046405,0.19761457970458407,0.17981122343827147
SOL,FCNN,0.02,35,11,none,0.0,base,-0.013876284098636171,0.6797150081156236,0.46201249225762225,0.5075010820221741,0.23288495365578946,0.2805909402084758,0.18325028042868527
SOL,FCNN,0.02,35,12,none,0.0,base,-0.06079757940013275,0.6952654318150817,0.48339402067701204,0.42253660200563625,0.15972349137577083,0.2609745978754923,0.025357306848697442
SOL,FCNN,0.02,35,13,none,0.0,base,0.030291867398851036,0.6647447192634202,0.44188554178860323,0.5054502027673612,0.2540195229174716,0.22938060268004234,0.17978257258584912
SOL,FCNN,0.02,35,14,none,0.0,base,0.08530388976745662,0.6456137825893369,0.4168171562693115,0.47512343022310977,0.2947527922077024,0.3111282037400351,0.17609909293326
SOL,FCNN,0.02,35,15,none,0.0,base,-0.02697755717434336,0.6840925384448401,0.46798260115590495,0.46670236314728836,0.1579342740955596,0.2113868613567991,0.09386355953807471
SOL,FCNN,0.02,35,16,none,0.0,base,-0.10313816113785457,0.7090050545018601,0.5026881673091856,0.4172287635664666,0.1707837145658852,0.1589430992243309,0.039052527357911086
SOL,FCNN,0.02,35,17,none,0.0,base,-0.0035114709582790837,0.6762317344303118,0.4572893586506278,0.5360413596040179,0.3342347702314984,0.33374541033038546,0.2781611191760731
SOL,FCNN,0.02,35,18,none,0.0,base,-0.020841431279150058,0.6820457717322672,0.465186434737864,0.519915715882046,0.28455763037616844,0.3199481263355675,0.2418555636967087
SOL,FCNN,0.02,35,19,none,0.0,base,-0.08996526378144853,0.7047591219688867,0.496685419998356,0.5531471920216038,0.12539800624099948,0.12342840140035899,0.08276077174358472
SOL,FCNN,0.05,87,5,none,0.0,base,0.1014572465406266,0.6398876821239998,0.409456245734025,0.4318956632506622,0.3572173101977608,0.32409968149768553,0.16416630425098488
SOL,FCNN,0.05,87,6,none,0.0,base,0.1254001841530007,0.6313047656942666,0.39854570718829296,0.4777252751314448,0.3605136324643606,0.34444036283488244,0.24935857121354887
SOL,FCNN,0.05,87,7,none,0.0,base,0.013103115088646922,0.6706103719058595,0.4497182709077151,0.44763338307837125,0.20809028719417372,0.14775896094371682,0.0674744051956994
SOL,FCNN,0.05,87,8,none,0.0,base,0.029232813601437035,0.6651076162446409,0.44236814118662854,0.41636558708824073,0.30149353159488906,0.33618412279138593,0.10958255206883159
SOL,FCNN,0.05,87,9,none,0.0,base,0.09452134828237035,0.6423525977185124,0.41261685979572105,0.4399339922879888,0.3363654114357013,0.28350637372085546,0.14922662944228116
SOL,FCNN,0.05,87,10,none,0.0,base,0.06821614720224489,0.6516163413670633,0.42460385633659714,0.48708388674481273,0.29474422490942875,0.2896223257657898,0.20840538045312107
SOL,FCNN,0.05,87,11,none,0.0,base,-0.019538026542236242,0.681610216510147,0.4645924872510094,0.5197535706841795,0.33092850693261266,0.3437981743849358,0.30413265923786625
SOL,FCNN,0.05,87,12,none,0.0,base,-0.002308291439174548,0.6758262222753864,0.45674108271501995,0.42884930826922885,0.24196815772346333,0.30184526400102235,0.05316578170377118
SOL,FCNN,0.05,87,13,none,0.0,base,0.10807386658427343,0.6375273510310355,0.4064411233126492,0.4913086454374215,0.3904804756826346,0.3564211501018151,0.3304372778802273
SOL,FCNN,0.05,87,14,none,0.0,base,0.09714603971745017,0.6414209352718783,0.41142081620505105,0.44586228382189513,0.32265455692182415,0.3474876600142262,0.1749760029767543
SOL,FCNN,0.05,87,15,none,0.0,base,0.08285983323503998,0.6464757431506832,0.4179308864822282,0.4705737393694647,0.30276978786142866,0.2973086144483178,0.206759626702007
SOL,FCNN,0.05,87,16,none,0.0,base,0.08687298961552326,0.6450597913253566,0.41610213438471266,0.46222283855394825,0.3084073990026522,0.275976076330369,0.2108754304115643
SOL,FCNN,0.05,87,17,none,0.0,base,0.017635728335773204,0.6690686122635222,0.44765280791623535,0.5158004519645699,0.37418555830987726,0.3421661701617968,0.3366019729513637
SOL,FCNN,0.05,87,18,none,0.0,base,0.10804250105814794,0.6375385605943839,0.40645541624475884,0.4639183088313794,0.3317996890648105,0.3867576659612798,0.21906641479342534
SOL,FCNN,0.05,87,19,none,0.0,base,0.044648625043747,0.6598055183971107,0.4353433221072799,0.5171622444720543,0.31703533336561734,0.3158844073916318,0.23447570900371498
SOL,FCNN,0.08,139,5,none,0.0,base,0.11112791744017891,0.6364349340370551,0.4050494252627507,0.452674314646517,0.3819869457647092,0.33495215604989365,0.3280988339252448
SOL,FCNN,0.08,139,6,none,0.0,base,0.03566283284636251,0.6629012375441176,0.4394380507375225,0.46617937028905443,0.3623061067207377,0.3255816716652071,0.32769313901089603
SOL,FCNN,0.08,139,7,none,0.0,base,0.011427022253507113,0.67117959470104,0.45048204834305233,0.4862105707334596,0.2915025572877137,0.22637769741511604,0.24492829329606636
SOL,FCNN,0.08,139,8,none,0.0,base,0.04883421042764702,0.658358561858074,0.4334359959718314,0.4559223385351422,0.2947798547305593,0.28741475741089384,0.2185354549769815
SOL,FCNN,0.08,139,9,none,0.0,base,0.0927560654013353,0.6429784445636042,0.4134212801734319,0.4381527488170185,0.35086959093018094,0.26759096123812054,0.27275023850811647
SOL,FCNN,0.08,139,10,none,0.0,base,-0.015833396069745653,0.6803707276798491,0.4629043270836073,0.47643254610763275,0.32589284800688795,0.3351561839127087,0.30217527154191576
SOL,FCNN,0.08,139,11,none,0.0,base,0.05015563613173446,0.6579010841490659,0.4328338365245163,0.4789782657971176,0.35773730665389214,0.34243186561015726,0.32293620184127414
SOL,FCNN,0.08,139,12,none,0.0,base,0.0994652135251195,0.6405965920167426,0.41036399370346494,0.453643891768997,0.3340287238639917,0.3258206882290408,0.23167083204444044
SOL,FCNN,0.08,139,13,none,0.0,base,0.11190338493912255,0.6361572549956879,0.4046960530836487,0.4636368708985813,0.39928761196970763,0.33727074063739665,0.3565313473724369
SOL,FCNN,0.08,139,14,none,0.0,base,0.09992858227396328,0.6404317618295541,0.4101528415601066,0.4661590158146713,0.4088620426690577,0.35128896370052204,0.37769379798987435
SOL,FCNN,0.08,139,15,none,0.0,base,0.039587625183345354,0.661550878755364,0.43764956518199427,0.4912470552050119,0.36846170079328044,0.36150464389419046,0.3417529973885481
SOL,FCNN,0.08,139,16,none,0.0,base,0.01773806030750691,0.6690337632286861,0.4476061763399377,0.4728178989303282,0.33357832059898357,0.31231592435336425,0.2977103486316676
SOL,FCNN,0.08,139,17,none,0.0,base,-0.07386119464833718,0.6995333939915117,0.4893469693092836,0.5288325211126985,0.3930615137062298,0.3612122695613033,0.37083756635312953
SOL,FCNN,0.08,139,18,none,0.0,base,0.09764053290332075,0.6412452580653414,0.4111954809912862,0.45092729777731616,0.38774667521742984,0.39961470150934847,0.33600090015895095
SOL,FCNN,0.08,139,19,none,0.0,base,0.005506499110705887,0.6731864280503583,0.45317996691120027,0.48415737562485034,0.31095010392392275,0.2883718441700084,0.2770547408053124
SOL,FCNN,0.1,174,5,none,0.0,base,0.11199247898114761,0.6361253444795324,0.4046554538892037,0.4415381268615032,0.3831445978974278,0.3073894423568101,0.32064116137731796
SOL,FCNN,0.1,174,6,none,0.0,base,0.07155985375345131,0.6504461279068948,0.42308016530907255,0.46118901430159703,0.40102752720623486,0.35188114746526283,0.37641242386094226
SOL,FCNN,0.1,174,7,none,0.0,base,-0.023801066149019334,0.6830337535150123,0.4665351084408065,0.48906172704606876,0.2677574413816828,0.25596312249271364,0.226570712814545
SOL,FCNN,0.1,174,8,none,0.0,base,0.05500862594448119,0.6562182421923378,0.4306223813860018,0.4568756526958334,0.32510360347099587,0.309255797983647,0.2620159084010338
SOL,FCNN,0.1,174,9,none,0.0,base,0.011442993332114293,0.6711741729943965,0.4504747704947122,0.4515241967565657,0.308892875635139,0.25205641534459905,0.2498121152112771
SOL,FCNN,0.1,174,10,none,0.0,base,-0.0033482229782291206,0.6761767286043378,0.4572149683060642,0.4719444772768927,0.34484568735775395,0.36067067362678534,0.3228750231414685
SOL,FCNN,0.1,174,11,none,0.0,base,-0.03600023404312336,0.6870910694611422,0.47209413773325604,0.5107838807777435,0.3274827191671801,0.3333651997793161,0.30261445377516494
SOL,FCNN,0.1,174,12,none,0.0,base,0.00748631199382821,0.6725160128386127,0.4522777875243451,0.4965013033310534,0.28931676748286816,0.28866101120530213,0.24788077647193496
SOL,FCNN,0.1,174,13,none,0.0,base,0.14327720378057107,0.6248194475788469,0.3903993420727354,0.44982327419153584,0.4329092304231805,0.3928682968079342,0.3936489024701182
SOL,FCNN,0.1,174,14,none,0.0,base,0.11794621118540616,0.6339892761788406,0.4019424023097702,0.45767199098048295,0.43071830737109534,0.35438786921386833,0.4028123937025988
SOL,FCNN,0.1,174,15,none,0.0,base,0.02515111820916216,0.6665044079170906,0.44422812577291154,0.4996363219793785,0.3799316192398389,0.3745505455346328,0.3565082455756846
SOL,FCNN,0.1,174,16,none,0.0,base,0.03917703363328595,0.6616922754006181,0.43783666732484744,0.4718571823130402,0.3762686987816784,0.3390179160013888,0.34548949081411284
SOL,FCNN,0.1,174,17,none,0.0,base,0.05164320741624251,0.6573857059043703,0.43215596632738723,0.48986018934864173,0.4421016605233245,0.40344975471350186,0.41858231555706243
SOL,FCNN,0.1,174,18,none,0.0,base,0.1292359322409825,0.6299188821880684,0.3967977981370655,0.44525805395707807,0.4169045807699284,0.4067568429979092,0.37110207253492417
SOL,FCNN,0.1,174,19,none,0.0,base,-0.009815789340845482,0.6783525400349834,0.4601621685719137,0.4950218733445916,0.32744506103652915,0.2964900246307354,0.2978073975852157
SOL,FCNN,0.15,261,5,none,0.0,base,0.007971075925387372,0.6723517575100706,0.4520568858268807,0.463768634820797,0.35304532917774456,0.34657941165028355,0.29802803215749335
SOL,FCNN,0.15,261,6,none,0.0,base,-0.03586319422455442,0.687045624515093,0.4720316901653342,0.4835194485393415,0.37115703690920926,0.31927029314645816,0.3586961042551626
SOL,FCNN,0.15,261,7,none,0.0,base,-0.04218243991773685,0.6891380865263067,0.4749113023011393,0.5206207209821265,0.3636098497687167,0.3393721765992027,0.3417887823739441
SOL,FCNN,0.15,261,8,none,0.0,base,-0.005490325239537519,0.6768981468529428,0.4581911012129481,0.47217404198388174,0.3134987847201629,0.3293534536350185,0.2765153396293618
SOL,FCNN,0.15,261,9,none,0.0,base,0.001938722255751535,0.6743928857576151,0.4548057643604837,0.4592870542768229,0.33193323407984865,0.2828855429571557,0.29106741295611593
SOL,FCNN,0.15,261,10,none,0.0,base,-0.08888735139256299,0.7044105528337208,0.49619422694350807,0.4817020217257357,0.2922607845885914,0.3243098323831789,0.2750913008340012
SOL,FCNN,0.15,261,11,none,0.0,base,-0.0034176589733521112,0.6762001253626515,0.4572466095404656,0.465542835219769,0.36863065768482894,0.3241823423038422,0.35270534575020296
SOL,FCNN,0.15,261,12,none,0.0,base,-0.012091656992780697,0.6791165267648896,0.461199256925207,0.4974690160398954,0.36213743736791304,0.3509191768666311,0.3416341098334786
SOL,FCNN,0.15,261,13,none,0.0,base,-0.15294229322595365,0.7248333417916968,0.5253833733729187,0.5631645024451752,0.42114443690809394,0.3888230927182875,0.37524953744777617
SOL,FCNN,0.15,261,14,none,0.0,base,0.06989085265813166,0.6510304993738991,0.4238407111150284,0.472586451274805,0.4443617588139033,0.3618916335060822,0.4285921625318633
SOL,FCNN,0.15,261,15,none,0.0,base,0.07410599631130244,0.6495536279591819,0.4219199155949353,0.46459269082761,0.44885713380497283,0.397543443302171,0.4302371268428323
SOL,FCNN,0.15,261,16,none,0.0,base,0.09140461300330671,0.6434571644340157,0.41403712246146396,0.4499266200835277,0.43578299984493235,0.3880719290432932,0.4179245053342947
SOL,FCNN,0.15,261,17,none,0.0,base,0.09173803520337154,0.6433390906508444,0.4138851855594553,0.4467459465433876,0.45141445658334234,0.39154309975685253,0.4386513108323278
SOL,FCNN,0.15,261,18,none,0.0,base,0.060680671821805254,0.6542458950799355,0.42803769122894597,0.4914314617522129,0.4305961993860163,0.4148108046136415,0.39856376915754604
SOL,FCNN,0.15,261,19,none,0.0,base,-0.1227342667864828,0.7152747034471455,0.511617901391402,0.526667369036153,0.3107348978760002,0.2993168929936616,0.29365019766746864
SOL,FCNN,0.2,347,5,none,0.0,base,0.10200345070954098,0.6396931658090255,0.4092073463827733,0.4535105785873522,0.4149509222425294,0.3739415963506539,0.38554611689008605
SOL,FCNN,0.2,347,6,none,0.0,base,0.006843579566675695,0.6727337316964441,0.4525706737622232,0.474388746052297,0.3548806040809745,0.3173791538563997,0.33340453721231245
SOL,FCNN,0.2,347,7,none,0.0,base,-0.030442616272339462,0.6852456429855815,0.46956159123072305,0.5038517828878863,0.37472463228234804,0.35383038257763766,0.3574659596729922
SOL,FCNN,0.2,347,8,none,0.0,base,-0.008744748003818303,0.6779927039292695,0.459674106581322,0.47607338759738327,0.3396302144383713,0.33567955656544607,0.3170037590950269
SOL,FCNN,0.2,347,9,none,0.0,base,-0.025307796617624945,0.6835361799287418,0.4672217092715773,0.482499871168683,0.3548721691869592,0.3151370341592478,0.33981315539479895
SOL,FCNN,0.2,347,10,none,0.0,base,-0.016195251746357275,0.6804918962150412,0.4630692208143425,0.45158919303539996,0.3477289417808947,0.37235682687389005,0.31690270482473154
SOL,FCNN,0.2,347,11,none,0.0,base,0.010277114704300039,0.6715698391204692,0.45100604881629286,0.4614334576881096,0.38401633419846704,0.37270992118166996,0.36919098530536815
SOL,FCNN,0.2,347,12,none,0.0,base,-0.015526244240502418,0.680267859968679,0.4627643613063663,0.4939640530656475,0.37341759953814385,0.3606549287113269,0.3585592756954625
SOL,FCNN,0.2,347,13,none,0.0,base,0.008785360551193055,0.6720757584540211,0.45168582510154776,0.4676977945684556,0.3948422653790453,0.37919733660241906,0.35830690811670324
SOL,FCNN,0.2,347,14,none,0.0,base,-0.06865516133509164,0.6978356798370847,0.4869746360536862,0.507488737440997,0.42030018818196496,0.38728861949923793,0.4037092693594265
SOL,FCNN,0.2,347,15,none,0.0,base,0.0902392930668161,0.6438696655328868,0.4145681461934316,0.4428365387080839,0.41032415432618613,0.3912050943263869,0.3832255641236984
SOL,FCNN,0.2,347,16,none,0.0,base,-0.0421922303607174,0.689141323460186,0.47491576370045663,0.4953195386666973,0.3841391264547509,0.3806943427541278,0.3738673011852525
SOL,FCNN,0.2,347,17,none,0.0,base,0.0651142311656121,0.6527000582452308,0.4260173660333277,0.448979410459366,0.4462005197893281,0.4109692639211743,0.435437321119
SOL,FCNN,0.2,347,18,none,0.0,base,0.1494921924724283,0.6225489850031557,0.38756723872845944,0.43655504898363806,0.46865646579746967,0.4292638351800508,0.4414249172042373
SOL,FCNN,0.2,347,19,none,0.0,base,-0.05315414291289766,0.6927560819453009,0.4799109890722045,0.48085046649353336,0.32057857754222807,0.28500184911689463,0.30296789238384286
SOL,FCNN,0.25,434,5,none,0.0,base,0.11174701836995216,0.6362132564191519,0.4047673076434616,0.44690661207020094,0.4164905157468145,0.3552379488623675,0.3818410463292482
SOL,FCNN,0.25,434,6,none,0.0,base,-0.07975686751040523,0.7014510416788955,0.49203356387240754,0.49758341058601735,0.3733537428540971,0.3337107860950025,0.3626507032486612
SOL,FCNN,0.25,434,7,none,0.0,base,-0.10189367067305533,0.7086050143916497,0.5021210664209901,0.4937905498012707,0.33528314472867415,0.360741452853221,0.32694017940205655
SOL,FCNN,0.25,434,8,none,0.0,base,0.003937030208654213,0.6737174162582718,0.4538951569697214,0.470993016117052,0.36504619847986775,0.34484871013302104,0.3443585830520243
SOL,FCNN,0.25,434,9,none,0.0,base,0.023144730614811482,0.667189939199608,0.44514241496917656,0.4503788760730168,0.41042536666131807,0.34076946495300825,0.39639394874001954
SOL,FCNN,0.25,434,10,none,0.0,base,-0.021447021518175235,0.6822480455677652,0.4654623956810354,0.4729212782536501,0.36576230233432044,0.38513316973023437,0.3520846961827286
SOL,FCNN,0.25,434,11,none,0.0,base,0.008375777132467066,0.6722145995512302,0.45187246784982077,0.4526758752332979,0.3807656883155361,0.36132357736641896,0.35317700087452425
SOL,FCNN,0.25,434,12,none,0.0,base,-0.009312888233697691,0.678183604902881,0.459933001959067,0.44472489858942466,0.40487959917088095,0.36317783273415355,0.2858641454356655
SOL,FCNN,0.25,434,13,none,0.0,base,-0.08425777116095157,0.7029115002207468,0.49408457714258086,0.4882798774952198,0.3650453282612445,0.37630829040205754,0.35861959968501217
SOL,FCNN,0.25,434,14,none,0.0,base,0.054099868513292404,0.6565336947562209,0.4310364923502546,0.4550036718341022,0.4105052921735254,0.3851851425298725,0.3749483837426517
SOL,FCNN,0.25,434,15,none,0.0,base,0.03970180741404228,0.6615115521065694,0.43759753357044245,0.46821441573920297,0.4478452168905462,0.39286399611343403,0.4285606498906107
SOL,FCNN,0.25,434,16,none,0.0,base,0.0313029618361097,0.6643980711546054,0.44142479695396003,0.46860947503281847,0.4140559771243138,0.3907347878701944,0.4025228446161562
SOL,FCNN,0.25,434,17,none,0.0,base,0.176603143383954,0.6125463824691555,0.3752130706760489,0.41262853433645535,0.4929729337095243,0.44038929449333153,0.46828960898976096
SOL,FCNN,0.25,434,18,none,0.0,base,0.09548603359492192,0.6420103294331634,0.412177263098879,0.4284834403086087,0.47263192879960064,0.43237906875387244,0.40474342546572467
SOL,FCNN,0.25,434,19,none,0.0,base,-0.12445971140297751,0.7158241179936944,0.5124041679014505,0.4673174841975569,0.30289512572451244,0.2933565677751332,0.2530400680861138
SOL,FCNN,0.3,521,5,none,0.0,base,-0.048338324895648155,0.6911703644689607,0.477716472720156,0.5091070270230069,0.40046836962048704,0.3491647121899268,0.372547350106295
SOL,FCNN,0.3,521,6,none,0.0,base,0.01493961458693338,0.6699861176810274,0.4488813978852955,0.4587694473780895,0.4261769823484069,0.3923621998263248,0.4183588973457846
SOL,FCNN,0.3,521,7,none,0.0,base,0.03245280289969488,0.6640036346116643,0.44090082677750064,0.46793482606688747,0.38730889055643697,0.39399456851509934,0.368302395320466
SOL,FCNN,0.3,521,8,none,0.0,base,0.021105243460723955,0.6678860586042904,0.4460717872779737,0.4646488584117393,0.40131710474089666,0.38408853832544604,0.38853718536522336
SOL,FCNN,0.3,521,9,none,0.0,base,0.004013491133467051,0.6736915574286164,0.4538603145505948,0.46063102113068244,0.40792814040810976,0.34426724165796724,0.3988979053627219
SOL,FCNN,0.3,521,10,none,0.0,base,-0.0034195038961715163,0.6762007470063196,0.45724745025190466,0.47272475406922204,0.39144353153682343,0.3956535431952736,0.3783961108032778
SOL,FCNN,0.3,521,11,none,0.0,base,0.028308272785799837,0.665424259002493,0.44278944446901686,0.45006193381336135,0.40529998740179474,0.3825973636239071,0.39214297612279897
SOL,FCNN,0.3,521,12,none,0.0,base,0.0576664589680006,0.6552947699553027,0.429411235530773,0.4684872603404627,0.4017666217129539,0.363949333591615,0.3777332209385765
SOL,FCNN,0.3,521,13,none,0.0,base,-0.018868994666744188,0.6813865398127938,0.4642876166380521,0.4676368011136672,0.4053065762806429,0.4092282115798604,0.3976916681205002
SOL,FCNN,0.3,521,14,none,0.0,base,0.008726946225987797,0.6720955615682863,0.45171244387979015,0.46748563204568666,0.39916143596253906,0.357560396785608,0.3877646858975713
SOL,FCNN,0.3,521,15,none,0.0,base,-0.13466865878073375,0.719066252274981,0.5170562751607867,0.48356312166495746,0.43531682921454673,0.3964432673345156,0.313107611195379
SOL,FCNN,0.3,521,16,none,0.0,base,-0.030948047280236368,0.6854136785125219,0.4697919106920667,0.47240407749687663,0.3751273634877355,0.35997797023974304,0.36486408772116913
SOL,FCNN,0.3,521,17,none,0.0,base,-0.033619922477656106,0.6863012861816272,0.47100945541455586,0.49698921695478737,0.44924045480340175,0.38392372696502275,0.4244213964429646
SOL,FCNN,0.3,521,18,none,0.0,base,0.18606575518222823,0.609016469805359,0.37090106049418164,0.41298697002831986,0.500658582775555,0.4488257992402012,0.4707555201808367
SOL,FCNN,0.3,521,19,none,0.0,base,-0.10848141498611485,0.710720078851893,0.505123030483241,0.4721449355494444,0.3019788632694757,0.3063576401423953,0.28342644210922946
SOL,FCNN,0.4,695,5,none,0.0,base,0.049434808204823044,0.6581506742682119,0.43316231003970196,0.43687304813515676,0.4066934692213325,0.4136606968539074,0.36480888097779884
SOL,FCNN,0.4,695,6,none,0.0,base,0.021416704319786373,0.667779797479902,0.4459298579222989,0.4454168162757095,0.4502766712337814,0.4394234605589623,0.4453573494765629
SOL,FCNN,0.4,695,7,none,0.0,base,-0.10389735029386027,0.7092489842240908,0.5030341216229045,0.4862781570512388,0.42403681067172466,0.43202058035468544,0.4187289589831261
SOL,FCNN,0.4,695,8,none,0.0,base,0.07580229610671929,0.6489583423191717,0.4211469300656472,0.4269913289827456,0.44457323450857006,0.42148380593604373,0.4189047748741932
SOL,FCNN,0.4,695,9,none,0.0,base,-0.009643018227100342,0.6782945073034222,0.4600834386379923,0.445200915382485,0.4072389688569015,0.35749595926123195,0.3946508309432766
SOL,FCNN,0.4,695,10,none,0.0,base,0.029705160945559528,0.6649457854548732,0.44215289759419824,0.4391439290896761,0.4133507165585125,0.41523037745335695,0.39565138609168465
SOL,FCNN,0.4,695,11,none,0.0,base,-0.004965673646130764,0.6767215255465139,0.457952023138001,0.44942122838203497,0.37546604622489504,0.395628103493908,0.35618162900134254
SOL,FCNN,0.4,695,12,none,0.0,base,0.047955591804748954,0.6586625638413549,0.43383637300606687,0.44530834193117536,0.40955738580092194,0.364255338939274,0.39339067735858174
SOL,FCNN,0.4,695,13,none,0.0,base,0.05372509051434249,0.6566637454922924,0.4312072746439662,0.4399159686550853,0.45434140860475464,0.430374580651139,0.4407499549895511
SOL,FCNN,0.4,695,14,none,0.0,base,-0.04420023437806564,0.6898048923306179,0.47583078948325536,0.4724414551647224,0.4154098953493324,0.387798069564695,0.4070672084506465
SOL,FCNN,0.4,695,15,none,0.0,base,-0.09327678201626033,0.7058289050167297,0.4981944431571156,0.46231773668462167,0.37738114129820427,0.3861026483209597,0.37175418168604846
SOL,FCNN,0.4,695,16,none,0.0,base,-0.014904837968786167,0.6800596982380349,0.46248119316760716,0.45356770301819443,0.40642346505027677,0.4051190802177275,0.3985842346941103
SOL,FCNN,0.4,695,17,none,0.0,base,0.07913323222484847,0.6477878189552505,0.41962905838680037,0.4152641871772898,0.45750893523403974,0.38050773634869495,0.41420958462786794
SOL,FCNN,0.4,695,18,none,0.0,base,0.11413508150518337,0.635357452949116,0.4036790930179882,0.41010815739843104,0.4571103596823255,0.4440585158332819,0.42273173618346693
SOL,FCNN,0.4,695,19,none,0.0,base,-0.012572994173380536,0.6792779969123116,0.4614185970892024,0.44987533918594597,0.39647336300601105,0.3718243425802623,0.37372845400374577
SOL,FCNN,0.5,868,5,none,0.0,base,0.11081371723198152,0.6365474082189746,0.4051926029102939,0.3976663754045224,0.45370823114961145,0.4075134736574376,0.41871582658238604
SOL,FCNN,0.5,868,6,none,0.0,base,-0.08926855957612578,0.7045338454631013,0.4963679394030251,0.47673555917532795,0.4379167614228534,0.4305944263225395,0.42576832307209894
SOL,FCNN,0.5,868,7,none,0.0,base,-0.041992863585533335,0.6890754054603461,0.47482491441034036,0.4672029968857753,0.446711123799072,0.4551336788888482,0.44031363296258175
SOL,FCNN,0.5,868,8,none,0.0,base,0.1193067180305013,0.6335001452310995,0.4013224340078242,0.4037000139224921,0.4697934357662319,0.43138378599614585,0.4404090435616733
SOL,FCNN,0.5,868,9,none,0.0,base,-0.0009291064780594382,0.6753610908225086,0.4561126029969687,0.4679543036524729,0.4306160377488793,0.3697382870682791,0.41923159542338795
SOL,FCNN,0.5,868,10,none,0.0,base,-0.006250018933553481,0.677153812245932,0.4585372854391988,0.46510698247331805,0.4167627367365623,0.4256007368627787,0.40485051050395354
SOL,FCNN,0.5,868,11,none,0.0,base,-0.0024948466457039853,0.6758891136210283,0.4568260939114194,0.44372021556875735,0.39416623012979357,0.4188176092897294,0.38249476773483726
SOL,FCNN,0.5,868,12,none,0.0,base,0.06839509474750927,0.6515537674431937,0.42452231186941936,0.4177534448594461,0.4419166290975342,0.40577030741543724,0.42149584968715853
SOL,FCNN,0.5,868,13,none,0.0,base,-0.0178818100638114,0.6810563612926201,0.463837767257144,0.4721970673440188,0.44363258124349564,0.4288393056076911,0.4310624552554026
SOL,FCNN,0.5,868,14,none,0.0,base,0.06908030363490203,0.6513141097554546,0.42421006956654034,0.432546979929576,0.4285118115494547,0.4047122636752585,0.4104909418542564
SOL,FCNN,0.5,868,15,none,0.0,base,0.005089846876427329,0.6733274321179207,0.45336983084251303,0.4197648018379771,0.3898530416036999,0.43729993797963823,0.37136583631247666
SOL,FCNN,0.5,868,16,none,0.0,base,0.047641253966334784,0.6587712906390322,0.4339796133702161,0.4432451466488665,0.4401729196900183,0.46804749818294505,0.42981191223474285
SOL,FCNN,0.5,868,17,none,0.0,base,0.11857930905443026,0.6337617110840342,0.40165390643616283,0.4061181213226823,0.4457709094117855,0.4161149355509849,0.41242610705974725
SOL,FCNN,0.5,868,18,none,0.0,base,0.04876786132564592,0.6583815235426312,0.4334662305423163,0.4366237961525478,0.4594036808074655,0.4450373247442788,0.4519367830539415
SOL,FCNN,0.5,868,19,none,0.0,base,-0.06210563790374546,0.6956939620516912,0.48399008883517997,0.4639141378570469,0.4130100310507908,0.4055061427227464,0.4054991085587841
SOL,FCNN,0.6,1042,5,none,0.0,base,0.07568502666459365,0.6489995134714389,0.4212003684861645,0.42183835976901707,0.4733888716370618,0.440330542632871,0.4679428551485971
SOL,FCNN,0.6,1042,6,none,0.0,base,-0.006675249220067236,0.6772968760421362,0.45873105829643684,0.4462818848425613,0.4890780930510548,0.44969176959041296,0.4788410712406799
SOL,FCNN,0.6,1042,7,none,0.0,base,0.0724655024241786,0.6501288110624287,0.4226674709734471,0.4209517683236105,0.4508797225249174,0.4686687104936131,0.44018118885162133
SOL,FCNN,0.6,1042,8,none,0.0,base,0.1541664387966385,0.6208359163826394,0.3854372350706716,0.38346341686488683,0.4613142713153775,0.4548218420910195,0.39450855988320116
SOL,FCNN,0.6,1042,9,none,0.0,base,-0.05857739341461676,0.6945374762090325,0.4823823058588124,0.4784184870184991,0.43863318444042587,0.4218446269152986,0.4225327000315312
SOL,FCNN,0.6,1042,10,none,0.0,base,0.07777043978152554,0.6482669729449575,0.4202500682112182,0.4227848501104859,0.4491493348317334,0.44839762501148533,0.4375782143513485
SOL,FCNN,0.6,1042,11,none,0.0,base,-0.012620425129189261,0.6792939060998711,0.4614402108644204,0.4556865451047021,0.370233485592355,0.3932720518390641,0.3557513891566765
SOL,FCNN,0.6,1042,12,none,0.0,base,0.049972304617448726,0.6579645725410407,0.43291737871911434,0.41798917957234544,0.4275607818839583,0.40883560919718015,0.41510409580944313
SOL,FCNN,0.6,1042,13,none,0.0,base,0.10984933369065197,0.6368925043468823,0.40563206209324343,0.42184399010378854,0.4762204791724147,0.4660934521241802,0.4646917897284738
SOL,FCNN,0.6,1042,14,none,0.0,base,0.09849245351445557,0.6409424856827522,0.41080726995318506,0.4336006897740145,0.4606649010475855,0.4240125414090401,0.44905962218179074
SOL,FCNN,0.6,1042,15,none,0.0,base,-0.12764069922813848,0.7168359015561062,0.5138537097597555,0.49454494390082304,0.444547257263803,0.43907022046492805,0.42373907428623103
SOL,FCNN,0.6,1042,16,none,0.0,base,0.04930823636197623,0.658194490605885,0.4332199874639404,0.4220041852633753,0.452144685892087,0.46146976817769164,0.44463785731846184
SOL,FCNN,0.6,1042,17,none,0.0,base,0.16067507673358572,0.6184426561381293,0.3824713189311844,0.3910018872849936,0.4778475614023512,0.47638217123122506,0.4523501201836676
SOL,FCNN,0.6,1042,18,none,0.0,base,0.13603700462674273,0.6274540802098062,0.39369862277193396,0.40257265523347907,0.49627107823086125,0.4610587238338495,0.48257073923225885
SOL,FCNN,0.6,1042,19,none,0.0,base,0.04423496416873751,0.659948348667093,0.43553182290842296,0.4249721494934816,0.44429463156342835,0.40997660531602403,0.4164206272894343
