ID	HLM	MDR1	SOL	RLM	PPB_H	PPB_R
mol0	0.675687	1.493167	0.089905	1.392169	0.991226075692	0.518513939878
mol1	0.675687	1.04078	0.550228	1.02792	0.0996806411093	0.268343913951
mol2	0.675687	-0.358806	*	1.02792	*	*
mol3	0.675687	1.026662	1.657056	1.02792	-1.15801519541	-1.40340290437
mol4	0.99638	1.010597	*	1.629093	1.0156112045	1.09226436079
mol5	1.397349	0.860626	1.033424	2.376374	0.163856802639	-0.639532816484
mol6	1.327232	-0.162401	*	3.318276	*	1.34775921793
mol7	1.458063	2.091561	*	2.728062	-0.917214629684	-0.943095148664
mol8	2.7565	0.72516	0.93399	3.2433	0.626032247829	-0.358525889496
mol9	1.630824	1.301829	*	3.192741	-1.38407821342	-0.504455662454
mol10	0.675687	2.305351	*	1.283686	1.37859773945	2.0
mol11	1.1983	0.097723	1.75161	2.138776	1.7297990229	1.6260767675
mol12	2.004111	0.891865	*	2.365561	-0.449771646945	-0.325138859262
mol13	1.884824	0.799893	*	2.160424	*	-0.0555173278498
mol14	1.155882	0.402661	*	2.238814	-1.22184874962	-0.686132779631
mol15	1.564145	1.868345	1.818226	2.212515	1.7309840385	1.61513959433
mol16	1.048286	1.41464	1.414137	1.849837	*	1.07250723553
mol17	0.983626	1.582757	1.726483	2.252999	1.67718705345	1.38820780743
mol18	1.226136	-0.329004	*	2.208589	0.653405490665	0.640978057358
mol19	2.565946	*	*	3.372693	0.713910354129	0.631443769013
mol20	0.675687	1.817231	1.729974	1.435765	1.82822796475	1.74597992971
mol21	0.860996	1.600469	*	1.511656	1.64299593367	1.78641244084
mol22	0.675687	2.056502	1.22981	1.417438	1.18656648148	1.23657756537
mol23	2.282136	1.393232	1.004321	3.1616	0.752995432067	0.901294817166
mol24	1.066177	1.882226	1.475235	1.571266	-0.354577730651	-0.0824944904475
mol25	1.057095	0.531991	0.380211	1.63763	*	*
mol26	0.675687	1.726392	0.342423	1.02792	1.55958347589	1.36410052131
mol27	0.675687	0.448798	1.610128	1.436051	*	1.61528706275
mol28	0.675687	0.832551	*	1.02792	-0.467245621008	-0.29584948316
mol29	0.932981	*	0.39794	2.281224	0.731266349075	0.455758203104
mol30	0.990827	1.931719	*	2.322653	-0.0496351456239	-0.308918507877
mol31	1.329093	1.460945	1.810233	2.272106	0.935859798038	0.669595781024
mol32	1.76174	1.705597	*	2.758345	*	*
mol33	2.21966	0.762732	1.750894	2.712971	0.983851718991	0.276231957922
mol34	2.728517	1.555038	1.553276	3.056338	*	*
mol35	1.620136	1.7008	0.431364	2.715513	-0.0731432910503	-0.0291883891275
mol36	1.427681	1.703751	*	2.536993	0.0394141191761	-0.1390633793
mol37	0.675687	0.534422	1.548389	1.02792	0.969089602955	1.24004977211
mol38	0.876968	1.780906	0.774517	2.012702	-0.397940008672	-0.742321425131
mol39	2.579636	0.285217	1.399674	3.177817	-0.0443122496865	0.137354111371
mol40	0.909877	1.66614	1.653213	1.572453	0.262925469332	0.61193562504
mol41	2.601584	0.353495	1.465383	3.213226	0.545801757159	0.460897842757
mol42	1.710749	-0.170444	1.527333	3.329049	1.12270725432	1.20744585398
mol43	0.675687	0.559004	1.247359	1.409629	0.868232868422	0.59361830813
mol44	1.034949	-0.29019	1.522444	1.847548	0.328379603439	0.696793085082
mol45	1.543708	1.32246	1.601517	2.012652	0.956648579205	0.846275242412
mol46	2.121698	0.850877	1.518514	3.158486	0.926290986885	1.11444417245
mol47	1.021644	0.979002	1.559308	1.848848	0.866877814337	0.685562611158
mol48	0.675687	2.175836	1.729974	1.02792	*	*
mol49	1.878648	-0.011566	1.722634	2.804399	*	*
mol50	2.885345	0.047747	1.376577	3.182091	-0.293282217663	-0.590066876669
mol51	2.032793	1.990865	1.780317	2.746011	-0.204728420937	-0.434152181326
mol52	0.675687	1.613688	1.614834	2.07759	1.99181507576	1.74712425482
mol53	2.596224	1.237228	1.924796	3.377909	0.902546779314	1.26571381064
mol54	1.609648	2.027038	1.761928	2.808125	0.596926814343	0.549861188472
mol55	1.727004	1.991058	1.759668	2.81343	0.520483532741	0.584331224368
mol56	0.675687	0.468083	1.710117	1.387408	1.54381980514	1.43349781482
mol57	0.675687	0.854191	1.842609	1.573811	1.85100136611	1.80152718852
mol58	0.777789	0.925532	1.79379	1.442448	1.78096502961	1.95072499416
mol59	0.675687	0.649113	1.645422	1.968889	1.87699679261	1.86816815767
mol60	1.561388	0.117166	1.718668	3.27868	*	*
mol61	0.993701	0.867509	1.716838	3.037733	*	*
mol62	2.347781	-0.000772	1.361728	3.158208	-0.183758700008	0.00817418400643
mol63	0.991226	1.39861	1.514149	2.518684	*	*
mol64	2.372419	0.106455	1.260071	3.077712	-0.0830199526796	0.0216027160282
mol65	0.675687	-0.280853	1.623249	2.476101	1.3900691863	1.48498278193
mol66	1.63367	0.087945	1.710117	2.33562	0.13481437032	0.624282095836
mol67	1.928437	-0.60761	0.690196	2.69125	0.50514997832	0.571825249041
mol68	3.096214	0.124335	1.824126	3.588207	-0.222573177611	0.142389466119
mol69	2.244969	0.130585	1.653213	3.29354	0.595385980809	0.59406090127
mol70	0.675687	1.772535	1.372175	1.719091	0.741821046887	0.966376423089
mol71	1.314331	-0.149838	1.620136	3.346903	1.36800780522	1.39492424424
mol72	0.675687	1.256879	0.880814	1.470308	0.623352681538	0.382197210377
mol73	1.281601	1.329008	1.11059	1.617409	1.19994705793	1.24196961191
mol74	0.675687	0.297622	1.651278	1.788882	0.193402903062	1.07798529103
mol75	2.572129	0.962267	1.155336	2.761853	0.615318656611	0.862548769525
mol76	0.713491	-0.225885	0.454845	1.659098	0.449015316348	0.0692980121155
mol77	2.186164	0.497485	0.662758	2.901308	0.526080691802	0.630427875025
mol78	1.074597	0.645451	1.780605	2.014997	1.89207789874	1.84432182089
mol79	1.209408	1.342645	1.456366	2.516764	0.146128035678	-0.20830935098
mol80	1.917836	-0.387053	1.409764	3.159066	1.2491249493	1.07184520113
mol81	0.675687	2.133442	1.673021	1.286883	1.68134979743	1.60185365244
mol82	0.857242	1.797731	1.826723	2.243927	*	*
mol83	1.676447	*	0.819544	2.771252	-0.853871964322	-0.266802734893
mol84	0.957559	*	1.480007	1.697299	0.699837725867	0.686814954507
mol85	1.503859	*	1.702431	3.038396	1.23706595256	1.19298537909
mol86	1.177075	*	0.720159	2.199854	-0.58004425151	-0.341988603343
mol87	1.998887	*	1.607455	2.255957	1.50472905162	1.58945809046
mol88	2.398082	*	1.759668	2.949897	1.10503305039	0.715167357848
mol89	1.208388	1.439027	*	2.088001	1.65228502921	1.57915455716
mol90	1.481858	0.161093	*	1.870152	0.444669230939	0.374565060723
mol91	1.724816	0.510222	*	2.759158	-0.033858267261	0.115943176939
mol92	0.675687	-0.134166	*	1.644537	1.3434085938	1.3084149991
mol93	1.852187	-0.025704	*	3.206828	1.18046996166	1.11193427633
mol94	2.052682	0.937779	*	3.440209	0.904931827396	0.912806392661
mol95	2.42664	1.093364	*	3.037958	0.595275711802	0.9253120915
mol96	1.284273	1.836054	*	2.484587	-1.18045606446	-1.63827216398
mol97	0.675687	0.915253	*	2.280027	1.85022337326	1.99081374341
mol98	2.698323	1.092926	*	3.521284	-0.137272471682	0.360971883726
mol99	2.998834	0.164554	*	3.432739	-0.104025267641	0.142702245738
mol100	2.172171	1.519214	*	2.75749	0.596597095626	1.0769679522
mol101	1.644123	-0.413758	*	2.746921	-0.356547323514	-0.18243463044
mol102	1.842771	-0.095595	*	2.495929	*	*
mol103	0.675687	1.386464	*	1.578593	0.850401147997	0.581038948772
mol104	0.675687	2.281583	*	1.02792	0.0174507295105	-0.204119982656
mol105	2.357611	0.184537	*	2.878799	1.02160271603	0.918868743381
mol106	2.44773	0.12123	*	2.9921	0.829753918925	0.53109554687
mol107	0.675687	0.118767	*	1.150111	*	*
mol108	1.804467	1.682173	*	2.602536	1.2779986442	1.3489665118
mol109	1.581927	1.457675	*	2.33936	0.106870544479	-0.0634862575211
mol110	1.860308	0.759773	*	2.51489	-0.12262865413	0.275311354542
mol111	2.325245	0.385071	*	3.302756	1.16705135874	1.25166254999
mol112	0.926497	0.526413	*	1.659203	1.32306637636	1.28463373316
mol113	1.523538	0.009096	*	2.149367	0.717254312763	-0.172630726946
mol114	1.578983	1.113887	*	2.736387	1.22256040917	1.0916669576
mol115	1.867909	-0.074407	*	3.033484	*	*
mol116	2.005819	0.839066	*	3.082243	0.862608363965	0.780605305839
mol117	1.479503	0.466764	*	1.880242	0.369957607346	0.847634344318
mol118	0.675687	1.970452	*	1.915521	1.56046857098	1.49141772822
mol119	1.554695	0.717769	*	2.743158	1.57318501718	1.55568681404
mol120	0.675687	0.25098	*	1.02792	0.43933269383	0.440121603188
mol121	0.73472	1.426522	*	1.994	1.64224682381	1.63241679664
mol122	1.953649	0.172628	*	2.765264	0.180699201296	0.637289547678
mol123	2.666524	1.39985	*	3.097607	1.04135320205	1.14684093404
mol124	1.775385	0.528689	*	2.392746	1.15923623341	0.944630701856
mol125	2.095079	1.859839	*	2.8274	1.07863803837	0.915558115412
mol126	2.649622	-0.017278	*	2.747638	0.387567779417	0.27369558793
mol127	0.675687	*	*	1.02792	2.0	2.0
mol128	0.675687	*	*	1.180527	0.969835093076	0.62828673109
mol129	1.881807	*	*	3.058702	1.06213053462	0.953856298225
mol130	1.342679	*	*	2.187092	0.99431715267	0.650307523132
mol131	2.209625	*	*	3.188084	-0.370590400897	-0.185752404268
mol132	0.675687	*	*	1.206124	2.0	2.0
mol133	0.989895	*	*	2.123093	0.245512667814	0.452093249018
mol134	0.675687	*	*	1.32842	1.98855003904	1.96004245573
mol135	0.964165	*	*	2.519928	2.0	1.86152246312
mol136	1.688642	*	*	1.978327	0.891593204349	1.16467994075
mol137	0.940516	*	*	2.048927	0.427486109096	0.426673888021
mol138	0.894224	0.297774	1.596927	1.247949	*	*
mol139	0.675687	0.089414	*	1.02792	*	*
mol140	1.317395	1.464314	*	1.958473	*	*
mol141	2.019872	*	1.630936	3.144807	*	*
mol142	1.528544	0.00759	0.568202	2.445192	*	*
mol143	1.20287	1.945609	*	1.856221	0.113943352307	0.0863598306747
mol144	2.003348	-0.030142	*	2.800316	*	*
mol145	1.781253	0.455589	0.439333	1.407561	*	*
mol146	0.675687	0.370992	0.041393	1.598024	*	*
mol147	0.769303	0.585699	1.660865	2.296617	*	*
mol148	0.675687	1.583412	*	1.02792	*	*
mol149	0.988068	1.595323	*	1.559512	*	*
mol150	0.675687	0.61292	*	1.02792	*	*
mol151	1.543596	1.790315	1.729003	2.33827	*	*
mol152	0.675687	1.338597	1.573742	1.542707	*	*
mol153	1.113241	1.800037	1.81124	1.775967	*	*
mol154	0.675687	0.07639	*	1.316264	*	*
mol155	1.169292	1.364447	1.66323	1.02792	1.20913953606	*
mol156	1.113208	0.038996	0.4843	1.861122	*	*
mol157	1.023705	*	*	1.02792	*	*
mol158	1.506072	0.595869	0.579784	2.59168	*	*
mol159	1.8226	1.121362	*	2.508062	-0.403402904374	*
mol160	1.897418	1.93864	1.770115	3.308929	0.838502775934	*
mol161	1.868621	1.569956	*	2.439157	*	*
mol162	0.675687	1.518768	1.555094	1.833893	*	*
mol163	2.357256	1.830458	1.66096	2.901442	0.681693392005	*
mol164	0.948364	1.007718	0.770852	1.693999	0.639386869018	*
mol165	0.819281	1.300834	1.837525	2.348908	1.06876082837	*
mol166	2.257045	0.039292	0.672098	3.525185	0.700790221374	*
mol167	1.596179	-0.17052	0.977724	3.184624	-0.614393726402	*
mol168	2.633232	*	1.290035	3.553731	0.256958152561	*
mol169	1.946433	-0.060059	*	3.264134	0.250420002309	*
mol170	3.02184	0.207002	*	3.383449	-0.0530567293022	*
mol171	1.653357	0.07146	1.766115	2.92679	*	*
mol172	2.490769	-0.135369	1.690285	3.434259	*	*
mol173	1.695254	-0.337018	1.279211	3.575703	*	*
mol174	1.076313	0.670317	1.906874	2.313916	*	*
mol175	0.675687	0.339381	1.362294	1.681621	*	*
mol176	1.717054	-0.196309	1.350248	2.970807	*	*
mol177	1.021024	0.559751	1.517064	1.02792	*	*
mol178	0.675687	-0.270256	1.457125	1.397001	*	*
mol179	0.977449	0.11771	1.434569	2.2905	*	*
mol180	0.675687	0.419051	1.611723	1.31492	*	*
mol181	1.920139	-0.092189	1.451786	2.2501	*	*
mol182	0.675687	0.931335	1.867644	1.02792	*	*
mol183	0.900913	1.354911	1.891872	2.355369	*	*
mol184	1.06472	-0.100728	1.698622	2.652404	*	*
mol185	0.675687	-0.032342	1.591065	1.684325	*	*
mol186	1.618655	0.918286	0.385606	2.309415	*	*
mol187	0.675687	1.40461	1.570543	1.02792	*	*
mol188	0.675687	0.440999	1.552668	1.02792	*	*
mol189	1.376924	0.721394	1.826852	2.088444	*	*
mol190	2.14249	-0.057672	0.845098	2.105738	*	*
mol191	0.675687	1.512232	1.562531	1.194764	*	*
mol192	1.372838	0.425504	1.682326	2.872878	*	*
mol193	0.675687	-0.3697	1.546543	1.317081	*	*
mol194	1.967707	-0.142466	1.62634	3.134907	*	*
mol195	0.764027	-0.126761	1.628389	2.104364	*	*
mol196	1.805113	-0.009031	1.870813	3.036853	*	*
mol197	1.762206	0.726992	1.703549	2.938698	*	*
mol198	0.675687	-0.199648	1.467312	1.446832	*	*
mol199	1.58406	2.154631	1.743275	2.546181	*	*
mol200	0.675687	1.782747	1.878752	1.347584	*	*
mol201	1.74056	0.17574	1.674586	2.771466	*	*
mol202	1.752924	-0.116379	1.642069	3.345284	*	*
mol203	1.490239	0.014271	1.680789	2.800071	*	*
mol204	1.444482	-0.23617	1.599009	3.106687	*	*
mol205	0.675687	0.582203	1.666424	2.774356	*	*
mol206	0.918083	1.615671	1.823637	2.072026	*	*
mol207	0.675687	0.586423	1.704151	1.02792	*	*
mol208	1.160948	-0.070234	1.624282	2.575854	*	*
mol209	1.413501	-0.27825	1.504743	2.935639	*	*
mol210	0.675687	0.190366	1.587711	1.02792	*	*
mol211	2.229848	-0.150977	1.075547	3.335113	*	*
mol212	0.675687	0.36114	1.533899	2.690079	*	*
mol213	2.181949	0.002661	1.614897	1.567955	*	*
mol214	0.675687	0.412682	1.543074	2.508392	*	*
mol215	2.028437	1.558763	1.598353	2.505621	*	*
mol216	0.675687	-0.368292	1.65887	1.246695	*	*
mol217	0.675687	0.686321	1.296665	1.050959	*	*
mol218	2.280146	-0.303721	1.191171	3.365993	*	*
mol219	0.675687	-0.266902	1.58995	1.932301	*	*
mol220	1.197639	-0.011511	1.536558	2.643253	*	*
mol221	1.574575	-0.024304	0.691965	2.717139	*	*
mol222	0.675687	0.15363	1.671636	1.497593	*	*
mol223	1.54449	-0.109526	1.673297	3.233033	*	*
mol224	1.237368	0.116121	1.553883	2.425751	*	*
mol225	0.675687	0.315175	1.632559	1.02792	*	*
mol226	1.733935	-0.268729	1.619093	2.958203	*	*
mol227	2.109848	0.9754	1.656098	2.749314	*	*
mol228	1.800923	-0.181738	1.195346	3.479501	*	*
mol229	1.967599	-0.160983	1.806112	2.97362	*	*
mol230	0.675687	0.554377	1.404834	1.02792	*	*
mol231	1.562507	1.702451	1.714916	2.714159	*	*
mol232	0.675687	-0.062213	1.639387	1.548119	*	*
mol233	0.675687	-0.140815	1.501196	2.066967	*	*
mol234	1.650201	-0.236229	1.540329	1.764296	*	*
mol235	0.675687	-0.053479	1.542825	1.364007	*	*
mol236	0.675687	-0.25251	1.656769	1.044305	*	*
mol237	0.675687	-0.172579	1.650308	1.889178	*	*
mol238	1.612222	1.714754	1.646894	2.832522	*	*
mol239	0.675687	-0.281106	1.660486	2.543335	*	*
mol240	1.444638	-0.145366	1.266937	2.81638	*	*
mol241	1.342442	-0.322188	1.466719	2.218144	*	*
mol242	1.942241	-0.004929	1.012837	2.691941	*	*
mol243	1.795345	-0.114249	1.518514	3.094086	*	*
mol244	2.116677	-0.33101	1.473779	2.706251	*	*
mol245	0.675687	1.797597	1.432007	1.64953	*	*
mol246	2.451204	-0.228505	1.467756	3.625142	*	*
mol247	2.532264	-0.19329	1.149219	3.300818	*	*
mol248	1.125709	-0.290718	1.911317	2.425389	*	*
mol249	2.598737	-0.043338	1.555699	3.102706	*	*
mol250	1.394504	-0.232247	1.674586	1.605596	*	*
mol251	1.323417	-0.229335	1.287802	2.116618	*	*
mol252	2.36483	-0.273006	1.474944	2.527158	*	*
mol253	0.675687	-0.089289	1.574031	1.300921	*	*
mol254	1.751756	-0.173444	1.813914	3.001874	*	*
mol255	1.983662	-0.61382	1.825945	3.021417	*	*
mol256	0.870462	-0.040046	1.08636	1.88265	*	*
mol257	2.171024	-0.173123	1.28892	3.040662	*	*
mol258	2.177262	-0.021923	1.409933	2.859453	*	*
mol259	2.645353	-0.069856	1.569959	3.290219	*	*
mol260	2.554656	-0.144969	1.743902	3.290326	*	*
mol261	0.99326	0.191257	0.25042	2.245922	*	*
mol262	2.855807	1.33059	1.159567	3.327468	*	*
mol263	2.11845	-0.079552	0.908485	3.345797	*	*
mol264	0.675687	1.280369	1.770778	1.818912	*	*
mol265	2.045597	0.256253	1.745075	2.753003	*	*
mol266	1.597553	-0.266547	1.109579	2.511771	*	*
mol267	1.412612	-0.207162	1.591176	1.878757	*	*
mol268	1.306875	-0.042965	1.573568	2.384556	*	*
mol269	0.675687	-0.185804	1.377488	1.857248	*	*
mol270	0.675687	2.209515	1.609061	1.809267	*	*
mol271	1.817797	1.78626	0.49276	2.487878	*	*
mol272	0.675687	1.367693	1.39794	1.510451	*	*
mol273	1.222404	-0.184449	1.598462	1.671839	*	*
mol274	1.306168	-0.197768	1.465977	1.949546	*	*
mol275	0.827563	-0.177904	1.577492	1.5388	*	*
mol276	0.675687	1.812496	1.797268	1.02792	*	*
mol277	2.056054	-0.180718	1.412124	2.945827	*	*
mol278	2.399487	-0.103348	1.635986	3.5846	*	*
mol279	0.675687	1.89253	1.718252	2.802245	*	*
mol280	1.854919	-0.010527	0.117271	3.061236	*	*
mol281	1.933285	1.015287	1.306854	2.845618	*	*
mol282	1.122445	-0.166823	1.677972	2.702889	*	*
mol283	1.606424	-0.223743	1.844601	2.98772	*	*
mol284	1.881681	1.657435	1.817301	2.180696	*	*
mol285	0.890141	1.615491	1.698535	2.321514	*	*
mol286	2.208962	1.961286	1.72746	2.397159	*	*
mol287	0.675687	-0.062995	1.435844	1.159868	*	*
mol288	1.681341	-0.252622	0.988113	2.33028	*	*
mol289	0.675687	-0.041048	1.751818	1.02792	*	*
mol290	0.675687	0.94399	1.767082	1.341157	*	*
mol291	0.764176	-0.006532	1.398981	1.82857	*	*
mol292	1.753621	0.351543	1.718086	2.645034	*	*
mol293	0.675687	0.182053	1.522314	1.02792	*	*
mol294	0.675687	-0.135635	1.695044	1.107108	*	*
mol295	0.87616	0.357543	1.525951	2.33028	*	*
mol296	0.675687	-0.060597	1.446692	1.02792	*	*
mol297	0.675687	1.694011	1.541829	1.02792	*	*
mol298	2.148473	0.036544	1.390935	2.808265	*	*
mol299	0.739493	0.220292	2.179264	1.487167	*	*
mol300	0.675687	1.629921	1.829304	1.02792	*	*
mol301	2.033568	-0.150117	0.608526	3.002748	*	*
mol302	3.339893	0.178072	1.67071	3.604436	*	*
mol303	1.739984	-0.358822	0.0086	2.537114	*	*
mol304	1.841059	0.925586	1.829368	2.712295	*	*
mol305	1.042339	-0.146303	1.600101	2.364157	*	*
mol306	0.675687	1.516845	1.756636	1.458955	*	*
mol307	0.763802	-0.243413	1.363048	1.814254	*	*
mol308	1.071551	-0.249212	0.623249	2.624314	*	*
mol309	0.675687	1.419536	1.869994	1.655196	*	*
mol310	2.118308	-0.212053	1.543074	3.482677	*	*
mol311	0.675687	1.407862	1.606381	1.449062	*	*
mol312	1.609424	-0.12916	1.414305	1.750817	*	*
mol313	0.96028	1.479515	1.580069	2.527647	*	*
mol314	0.675687	1.23246	1.727785	1.711993	*	*
mol315	0.675687	1.052795	1.628287	2.0108	*	*
mol316	2.74603	1.007907	1.70757	3.023324	*	*
mol317	1.390547	-0.1448	1.431364	2.56768	*	*
mol318	2.526549	-0.101057	1.699404	3.563233	*	*
mol319	1.268718	0.886929	1.885785	2.08385	*	*
mol320	0.675687	0.927058	1.786254	1.402399	*	*
mol321	0.698535	0.135615	1.556544	2.821993	*	*
mol322	0.675687	-0.086383	1.724522	2.048216	*	*
mol323	0.675687	0.623949	1.442323	1.02792	*	*
mol324	1.087	-0.347027	1.632963	2.273439	*	*
mol325	0.675687	0.201983	1.498311	1.02792	*	*
mol326	1.86686	-0.170002	1.611405	2.14273	*	*
mol327	1.039255	-0.240322	1.764176	2.164121	*	*
mol328	0.675687	1.451052	1.676785	1.02792	*	*
mol329	1.412444	0.577752	1.732876	1.84926	*	*
mol330	0.675687	-0.092968	1.643946	1.364476	*	*
mol331	1.454647	-0.412584	1.464191	2.613243	*	*
mol332	0.913337	0.657619	1.512151	1.945099	*	*
mol333	1.590563	-0.094479	0.94939	2.641758	*	*
mol334	0.675687	1.036571	1.930745	1.02792	*	*
mol335	0.675687	-0.043678	1.321805	1.883031	*	*
mol336	0.675687	1.185229	1.733197	1.057932	*	*
mol337	1.861887	0.203055	0.371068	2.756505	*	*
mol338	1.028327	2.168977	1.567849	2.177972	*	*
mol339	1.378216	-0.144379	0.727541	2.201684	*	*
mol340	1.796762	-0.050945	0.320146	2.458866	*	*
mol341	0.686547	1.13246	0.060698	1.539415	*	*
mol342	1.105238	0.681316	0.041393	2.232536	*	*
mol343	1.344412	-0.003289	0.724276	2.29321	*	*
mol344	1.541305	0.200833	1.236537	2.576675	*	*
mol345	1.444482	-0.513764	1.071514	2.600217	*	*
mol346	2.492269	0.330172	0.711807	3.172364	*	*
mol347	0.675687	-0.149625	1.245513	1.02792	*	*
mol348	2.079576	-0.500811	1.058426	3.402485	*	*
mol349	0.998172	1.572649	1.774809	1.958626	*	*
mol350	0.863501	-0.278101	1.346549	1.311288	*	*
mol351	0.675687	0.181995	1.708931	1.456563	*	*
mol352	0.675687	-0.139917	1.710879	1.594238	*	*
mol353	0.675687	0.66406	1.503109	1.33694	*	*
mol354	0.950316	1.613323	1.319314	1.593895	*	*
mol355	2.184672	0.110745	1.117271	3.102773	*	*
mol356	2.436401	0.283242	1.704322	3.382336	*	*
mol357	2.008762	-0.242583	0.816241	2.528737	*	*
mol358	2.697757	-0.189184	0.322219	3.559496	*	*
mol359	1.788642	-0.002024	0.582063	2.943585	*	*
mol360	0.840859	-0.233816	1.60021	1.02792	*	*
mol361	1.392028	-0.051336	1.147367	2.841328	*	*
mol362	0.675687	-0.223809	1.481299	1.762746	*	*
mol363	1.549261	0.160343	1.606381	2.698558	*	*
mol364	1.294841	-0.013466	1.628491	2.703378	*	*
mol365	2.077709	-0.15655	1.440752	3.221679	*	*
mol366	2.021615	1.116506	1.449633	3.159559	*	*
mol367	0.675687	1.44133	1.79393	2.037928	*	*
mol368	1.33728	0.515902	1.7352	2.753205	*	*
mol369	1.217194	0.049409	1.801404	2.192308	*	*
mol370	1.488142	-0.304023	1.613947	2.25801	*	*
mol371	2.096037	-0.094723	0.037426	2.905398	*	*
mol372	0.675687	1.485	1.614053	1.444591	*	*
mol373	0.675687	-0.169234	1.785686	2.025912	*	*
mol374	0.906012	0.177976	1.532372	3.014742	*	*
mol375	0.675687	0.086891	1.621592	1.02792	*	*
mol376	0.675687	-0.115531	1.641474	1.02792	*	*
mol377	1.215426	-0.150551	1.393926	1.772439	*	*
mol378	0.829239	0.95158	1.491502	2.109912	*	*
mol379	1.26642	-0.072219	1.652826	2.704211	*	*
mol380	0.675687	1.35434	1.452859	1.898319	*	*
mol381	1.891242	1.417998	1.626443	3.101632	*	*
mol382	2.339255	0.978487	1.842921	3.471999	*	*
mol383	0.91466	-0.090177	1.691965	2.467858	*	*
mol384	2.599899	-0.396946	1.571243	3.623537	*	*
mol385	1.726825	0.753266	1.562293	2.259804	*	*
mol386	1.535927	-0.283332	0.948413	2.335905	*	*
mol387	2.27133	-0.375534	1.555699	3.556918	*	*
mol388	0.675687	0.05314	0.060698	1.02792	*	*
mol389	0.781181	1.132859	1.41162	1.626494	*	*
mol390	0.675687	0.154684	1.557868	1.735024	*	*
mol391	2.704215	-0.300198	1.442793	3.526666	*	*
mol392	0.675687	-0.250844	1.717004	1.851154	*	*
mol393	1.63794	-0.000486	1.360025	2.227154	*	*
mol394	0.675687	-0.101019	1.366236	1.782852	*	*
mol395	1.229016	1.338893	1.380934	2.166386	*	*
mol396	1.77755	-0.225339	1.356026	2.815365	*	*
mol397	1.640869	1.142006	1.710117	2.504395	*	*
mol398	0.675687	-0.143531	1.958564	1.02792	*	*
mol399	1.441208	0.825727	1.693727	2.461072	*	*
mol400	1.181729	0.402058	1.837273	2.188841	*	*
mol401	2.116382	1.780028	1.691965	2.720531	*	*
mol402	0.675687	-0.082079	1.576226	1.02792	*	*
mol403	1.59741	0.005423	1.311754	3.057486	*	*
mol404	1.800201	0.027082	1.134814	3.456797	*	*
mol405	1.333266	0.261845	1.693199	3.17945	*	*
mol406	1.109005	0.673599	1.775974	2.330373	*	*
mol407	1.049993	0.323142	1.5867	2.430891	*	*
mol408	0.675687	0.079042	1.788946	1.02792	*	*
mol409	0.675687	0.115687	1.494711	1.02792	*	*
mol410	2.256581	-0.196354	0.11059	2.830243	*	*
mol411	2.481133	-0.226767	1.349278	3.53761	*	*
mol412	0.977358	1.592505	1.955976	2.03444	*	*
mol413	1.743149	-0.204549	1.483587	3.019743	*	*
mol414	1.459377	-0.16889	0.380211	2.220213	*	*
mol415	0.675687	0.371628	1.642465	1.02792	*	*
mol416	2.261786	0.687335	1.922985	3.134704	*	*
mol417	1.422031	0.786161	1.749968	2.117891	*	*
mol418	0.806655	0.771515	1.008174	1.635906	*	*
mol419	0.675687	1.823981	1.85382	1.395309	*	*
mol420	2.434328	0.099821	0.357935	2.701906	*	*
mol421	1.324817	1.567166	1.719828	1.844868	*	*
mol422	0.675687	0.441134	1.792252	2.098872	*	*
mol423	0.675687	1.054527	1.655138	1.02792	*	*
mol424	1.401934	-0.145285	1.645619	1.977477	*	*
mol425	0.675687	-0.112388	1.712734	1.555361	*	*
mol426	1.842216	0.393729	1.288026	2.061022	*	*
mol427	2.378554	1.653676	1.669038	3.238495	*	*
mol428	0.675687	-0.115722	1.894925	1.982488	*	*
mol429	0.675687	1.202175	1.682145	1.02792	*	*
mol430	1.058995	-0.225311	1.197005	2.375841	*	*
mol431	2.662653	-0.033353	1.569959	3.304633	*	*
mol432	1.426137	-0.01616	1.767823	2.036226	*	*
mol433	0.675687	-0.010669	1.797475	1.613704	*	*
mol434	0.675687	0.885132	1.635283	1.397592	*	*
mol435	1.735774	0.473528	1.880471	2.379492	*	*
mol436	2.24115	-0.179893	1.770115	3.685873	*	*
mol437	0.675687	1.451909	1.759668	2.562956	*	*
mol438	1.304577	-0.182891	1.841422	2.420098	*	*
mol439	0.740205	1.492225	1.343409	2.214542	*	*
mol440	1.802363	0.603702	1.511482	1.340266	*	*
mol441	1.652111	0.701398	1.704151	2.732929	*	*
mol442	0.675687	0.814325	1.418135	1.02792	*	*
mol443	2.090864	-0.247814	0.985426	3.289149	*	*
mol444	2.105251	0.056857	1.839541	2.980318	*	*
mol445	1.193069	-0.186077	1.728191	1.883162	*	*
mol446	1.786688	0.378228	1.702861	2.398681	*	*
mol447	1.300117	1.029089	0.689309	3.468994	*	*
mol448	2.068119	-0.215766	0.669317	2.838214	*	*
mol449	1.020858	0.605102	0.274158	1.872098	*	*
mol450	0.675687	0.162958	1.338257	1.02792	*	*
mol451	0.675687	-0.075299	1.722552	1.650822	*	*
mol452	2.032458	-0.062662	0.318063	3.295659	*	*
mol453	1.058843	0.895702	1.618257	2.175721	*	*
mol454	0.675687	1.352465	1.733037	1.368622	*	*
mol455	1.902482	1.355355	1.733999	2.652672	*	*
mol456	1.125774	-0.014961	1.434569	2.665883	*	*
mol457	2.086157	-0.261875	0.786751	3.401049	*	*
mol458	1.442182	1.576443	1.730702	1.907669	*	*
mol459	1.142139	1.573194	1.7502	2.162878	*	*
mol460	1.703334	-0.136315	1.470851	2.538212	*	*
mol461	3.000683	-0.138185	0.653213	3.630252	*	*
mol462	1.196038	2.089354	1.566202	2.732886	*	*
mol463	0.967642	-0.082586	1.691258	2.169907	*	*
mol464	0.675687	0.799502	1.642366	2.649663	*	*
mol465	1.017033	0.126314	1.690993	2.320597	*	*
mol466	0.675687	0.97517	2.052617	1.02792	*	*
mol467	1.535686	-0.152155	1.559188	2.055921	*	*
mol468	1.030681	0.045285	1.716588	2.90602	*	*
mol469	1.059715	0.125108	1.719497	3.387243	*	*
mol470	0.675687	-0.247169	1.588832	3.697945	*	*
mol471	0.675687	-0.117156	1.70927	1.671108	*	*
mol472	2.357942	0.969034	1.623146	3.295722	*	*
mol473	0.675687	0.235671	1.672375	1.02792	*	*
mol474	1.022016	-0.229488	1.310906	1.81812	*	*
mol475	0.675687	0.105518	1.513084	2.120001	*	*
mol476	0.675687	1.370969	1.653213	1.299573	*	*
mol477	0.675687	0.102116	1.232996	1.307817	*	*
mol478	0.909503	-0.243064	1.360215	1.683101	*	*
mol479	0.675687	0.643131	1.741467	2.08192	*	*
mol480	0.675687	-0.226034	1.33163	1.02792	*	*
mol481	1.340741	-0.114811	1.578181	2.42175	*	*
mol482	0.675687	1.709677	1.227115	1.173507	*	*
mol483	0.92557	1.218028	1.754807	2.079156	*	*
mol484	1.707289	0.098776	1.743823	2.931719	*	*
mol485	0.675687	0.278116	1.699404	1.08239	*	*
mol486	0.675687	-0.166907	1.653888	2.010898	*	*
mol487	0.675687	0.107334	1.612042	1.284566	*	*
mol488	1.926903	-0.111069	1.668386	2.489812	*	*
mol489	1.880036	0.41304	1.463146	2.714752	*	*
mol490	1.121494	0.469292	1.50147	2.22909	*	*
mol491	0.71433	0.384047	0.982271	1.459543	*	*
mol492	1.009026	-0.164552	0.113943	1.585066	*	*
mol493	0.675687	0.147743	1.600537	2.025298	*	*
mol494	0.675687	1.623356	1.704922	1.304081	*	*
mol495	0.675687	-0.168585	1.167613	1.717878	*	*
mol496	1.506505	1.349036	1.691081	2.999621	*	*
mol497	1.358297	0.398273	0.332438	2.675677	*	*
mol498	1.974212	-0.147307	0.800717	2.826105	*	*
mol499	2.517362	1.678003	1.513883	3.149882	*	*
mol500	0.675687	-0.165075	1.353916	1.329967	*	*
mol501	2.156425	1.050448	1.594171	2.816825	*	*
mol502	0.675687	0.905683	1.704579	1.02792	*	*
mol503	0.675687	0.095241	1.366983	1.433482	*	*
mol504	1.33017	0.324778	1.458336	2.36694	*	*
mol505	0.675687	0.349871	1.681693	1.02792	*	*
mol506	2.408786	0.861704	0.212188	3.223718	*	*
mol507	1.280305	0.183276	1.608633	3.2455	*	*
mol508	0.675687	-0.196744	1.897517	1.827318	*	*
mol509	0.859198	-0.06226	1.437751	2.086189	*	*
mol510	0.675687	0.522112	1.539703	1.410322	*	*
mol511	2.259849	-0.023552	1.571476	3.375868	*	*
mol512	2.09872	-0.165287	1.543074	2.647925	*	*
mol513	1.114211	0.428984	1.597695	1.919015	*	*
mol514	2.391108	0.516232	1.607777	3.480109	*	*
mol515	1.951085	-0.242458	1.603469	2.781697	*	*
mol516	1.582382	-0.375404	1.472464	2.745873	*	*
mol517	1.936086	-0.193865	1.648848	2.935338	*	*
mol518	0.860398	-0.1786	1.387568	2.554136	*	*
mol519	1.53461	0.831332	1.154424	2.682067	*	*
mol520	0.720407	0.923785	1.591065	1.820017	*	*
mol521	1.22269	0.349155	1.63799	2.641753	*	*
mol522	2.299814	1.85613	2.135927	2.841433	*	*
mol523	1.948882	-0.053185	1.549003	2.987411	*	*
mol524	1.442401	-0.307313	1.657056	2.897801	*	*
mol525	1.872518	0.205486	1.801404	2.873401	*	*
mol526	1.505652	0.096234	1.818556	2.047259	*	*
mol527	2.243856	0.123841	0.676694	2.785974	*	*
mol528	0.675687	-0.116823	1.726727	2.179914	*	*
mol529	1.383833	1.128805	0.968483	3.045181	*	*
mol530	2.21429	-0.189966	1.658488	3.095082	*	*
mol531	1.03551	1.731137	1.975432	1.658355	*	*
mol532	0.948706	0.687865	1.154424	2.109244	1.17897694729	*
mol533	2.410678	-0.332739	1.550228	2.701628	*	*
mol534	1.121494	0.358546	1.706974	2.031275	*	*
mol535	0.788168	0.11709	0.808886	1.415758	*	*
mol536	0.675687	0.387458	1.836197	1.359873	*	*
mol537	1.481471	-0.166927	1.482731	2.081603	*	*
mol538	2.011139	1.490875	1.959852	3.027396	*	*
mol539	1.635182	0.544453	1.756332	3.438004	*	*
mol540	0.675687	1.212997	1.579669	1.02792	*	*
mol541	0.675687	-0.057439	1.580925	1.65606	*	*
mol542	2.161347	-0.18551	1.618466	3.391069	*	*
mol543	1.18876	-0.156295	1.019947	2.437874	*	*
mol544	0.675687	0.10257	1.559428	1.459423	*	*
mol545	1.222742	0.289342	0.385606	2.92199	*	*
mol546	1.648516	-0.314692	1.472464	2.800172	*	*
mol547	1.927878	-0.144563	1.558709	2.902896	*	*
mol548	0.675687	1.488599	1.597366	1.02792	*	*
mol549	1.013806	-0.204918	1.726727	3.464582	*	*
mol550	1.943262	-0.454856	1.448088	3.613145	*	*
mol551	0.675687	-0.353679	1.629104	1.02792	*	*
mol552	1.327175	-0.223715	1.455454	2.647294	*	*
mol553	0.675687	-0.045749	0.30963	1.989468	*	*
mol554	0.675687	-0.197836	1.622525	1.02792	*	*
mol555	2.081761	-0.192169	1.758382	2.407189	*	*
mol556	0.877429	0.418814	1.753813	1.02792	*	*
mol557	1.517354	-0.280989	1.556182	2.207171	*	*
mol558	2.176684	0.0267	1.578525	2.854781	*	*
mol559	0.675687	0.612987	1.827692	1.449941	*	*
mol560	1.894704	-0.329943	0.78533	1.95472	*	*
mol561	0.675687	1.108278	1.736954	1.02792	*	*
mol562	0.675687	0.827538	1.60206	1.02792	*	*
mol563	0.675687	0.16783	1.872448	1.300552	*	*
mol564	1.867821	-0.354729	0.416641	2.63249	*	*
mol565	1.073058	-0.238223	1.660771	2.737356	*	*
mol566	2.263814	-0.030456	1.692318	3.271446	*	*
mol567	0.675687	-0.182505	1.368659	1.78831	*	*
mol568	0.675687	-0.251844	1.615319	2.255198	*	*
mol569	2.100329	1.344515	1.623663	2.949837	*	*
mol570	0.675687	0.291272	1.743039	1.86885	*	*
mol571	1.079904	0.393428	1.660201	2.415362	*	*
mol572	0.853637	-0.154029	1.05038	1.665797	*	*
mol573	0.675687	1.277061	1.765072	1.156458	*	*
mol574	0.909235	-0.169533	1.569842	2.217908	*	*
mol575	1.799072	-0.084921	1.426511	2.82564	*	*
mol576	2.527626	0.996493	1.640581	3.254931	*	*
mol577	0.675687	-0.131892	1.532754	1.181958	*	*
mol578	1.939499	-0.024702	1.058046	3.358648	*	*
mol579	1.330089	1.11066	1.271609	2.447496	*	*
mol580	1.538599	-0.127475	1.477555	1.800428	*	*
mol581	0.675687	-0.175465	1.513484	1.09892	*	*
mol582	2.190612	0.333624	0.841359	2.897525	*	*
mol583	1.050689	-0.17159	1.851442	1.867008	*	*
mol584	1.526094	-0.345917	0.342423	1.954305	*	*
mol585	0.675687	1.313408	1.759743	1.377943	*	*
mol586	0.675687	-0.096942	1.740047	2.08662	*	*
mol587	1.657199	1.220849	0.518514	2.48722	*	*
mol588	0.675687	-0.038317	1.576572	1.02792	*	*
mol589	1.697203	0.153084	1.358886	2.302227	*	*
mol590	0.975891	-0.115778	1.713575	2.094792	*	*
mol591	2.606074	0.293944	1.547775	2.814718	*	*
mol592	0.675687	-0.11735	1.720573	2.124426	*	*
mol593	0.675687	0.945804	1.790707	1.775545	*	*
mol594	1.597805	-0.209614	1.500099	2.899489	*	*
mol595	1.217484	-0.20079	1.727053	2.333149	*	*
mol596	0.675687	0.27997	1.485721	1.913729	*	*
mol597	1.713936	-0.174211	1.123852	1.724874	*	*
mol598	1.042576	-0.184834	1.533009	2.382701	*	*
mol599	0.675687	-0.211067	1.573104	1.546259	*	*
mol600	0.675687	-0.025675	1.882638	1.410541	*	*
mol601	0.675687	-0.197246	1.542825	1.645648	*	*
mol602	1.849272	0.846931	1.452553	2.322562	*	*
mol603	0.675687	-0.143195	1.637189	1.713037	*	*
mol604	1.3689	1.14172	1.624282	2.967423	*	*
mol605	2.052963	-0.302037	0.559907	3.188676	*	*
mol606	0.831358	0.925071	1.703205	1.60414	*	*
mol607	1.847789	0.360701	1.396722	3.039765	*	*
mol608	0.675687	1.101141	1.784831	1.891041	*	*
mol609	1.360234	1.642548	1.739177	2.625247	*	*
mol610	1.567156	1.249682	1.7502	1.869654	*	*
mol611	1.226033	-0.314355	0.471292	2.127701	*	*
mol612	1.187577	0.399826	1.686547	2.345599	*	*
mol613	0.675687	0.128494	1.658298	1.02792	*	*
mol614	0.675687	1.965645	1.595055	1.647901	*	*
mol615	1.016992	-0.118485	1.843233	2.511116	*	*
mol616	1.515065	0.903657	1.783904	2.376978	*	*
mol617	0.675687	-0.156317	1.35526	1.667714	*	*
mol618	0.675687	-0.011134	1.679064	2.159339	*	*
mol619	1.126359	-0.057023	1.658202	1.804228	*	*
mol620	1.967187	-0.268932	1.542576	3.340825	*	*
mol621	0.675687	-0.280744	1.61574	1.02792	*	*
mol622	0.675687	-0.0127	1.716588	2.086755	*	*
mol623	0.675687	0.390488	1.583199	1.419278	*	*
mol624	0.675687	2.112832	1.732394	1.02792	*	*
mol625	1.329683	-0.251236	1.421933	2.96168	*	*
mol626	0.990117	-0.18864	1.487138	1.84304	*	*
mol627	0.675687	0.44421	0.322219	2.058813	*	*
mol628	0.818358	1.359969	1.614159	1.882877	*	*
mol629	2.118536	0.98255	1.545925	3.046765	*	*
mol630	1.046105	0.027367	1.676053	2.600481	*	*
mol631	1.399483	0.993669	1.330819	2.740063	*	*
mol632	1.001171	0.709327	1.283301	2.278978	*	*
mol633	0.675687	1.65744	1.714665	1.02792	*	*
mol634	2.223	0.545513	1.864511	3.301044	*	*
mol635	0.68922	0.402088	1.709355	1.02792	*	*
mol636	0.675687	-0.098623	1.554731	1.600287	*	*
mol637	1.190444	0.320064	1.538322	2.057522	*	*
mol638	0.675687	0.907462	1.705008	1.02792	*	*
mol639	0.675687	-0.102358	1.414973	1.590697	*	*
mol640	0.781612	-0.193583	1.217484	2.691961	*	*
mol641	0.675687	0.862396	1.797198	1.715351	*	*
mol642	1.398183	1.039029	1.813648	2.774066	*	*
mol643	0.675687	1.074963	1.751356	2.860404	*	*
mol644	0.675687	-0.561572	1.564666	1.02792	*	*
mol645	2.189583	0.572331	1.479575	3.179797	*	*
mol646	1.820871	0.028797	1.76619	3.0853	*	*
mol647	0.675687	0.454603	1.786609	2.120439	*	*
mol648	0.827821	0.09363	1.63749	3.39626	*	*
mol649	0.984302	0.564678	1.675503	2.284187	*	*
mol650	1.13906	-0.083619	1.530328	1.832681	*	*
mol651	0.675687	0.017171	1.850033	1.477324	*	*
mol652	1.767608	1.000932	1.57565	2.663355	*	*
mol653	2.212132	-0.261493	1.495128	2.957848	*	*
mol654	0.675687	0.621347	1.89215	1.02792	*	*
mol655	2.006218	0.969948	0.447158	2.619622	*	*
mol656	2.900688	0.742348	1.705008	3.323269	*	*
mol657	1.05835	0.939514	1.427161	1.736532	*	*
mol658	1.958989	-0.185451	1.704665	2.938851	*	*
mol659	0.908699	1.688285	1.801815	2.006975	*	*
mol660	0.675687	0.955378	1.431364	1.284566	*	*
mol661	1.494767	0.043807	1.360025	2.122216	*	*
mol662	1.277288	-0.181257	1.408579	1.852949	*	*
mol663	1.706248	-0.341856	0.748188	3.490841	*	*
mol664	0.675687	0.816141	1.68097	1.283324	*	*
mol665	0.890253	-0.103108	1.640879	1.551913	*	*
mol666	0.675687	0.136343	1.321184	1.241397	*	*
mol667	0.675687	1.739361	1.628389	1.490296	*	*
mol668	0.675687	1.204901	1.63759	1.02792	*	*
mol669	0.675687	-0.252231	1.655427	1.502577	*	*
mol670	2.197947	1.124375	1.732394	2.675281	*	*
mol671	0.814381	-0.173825	0.367356	2.110378	*	*
mol672	0.675687	-0.101706	1.684127	1.02792	*	*
mol673	1.08404	-0.100466	1.033424	2.095616	*	*
mol674	1.284453	-0.176651	1.304491	2.488759	*	*
mol675	2.016958	-0.327331	1.480007	2.667588	*	*
mol676	1.711284	0.335212	1.738384	2.621884	*	*
mol677	2.972102	-0.268293	1.370513	3.34517	*	*
mol678	1.937327	0.238673	1.817896	3.034963	*	*
mol679	1.699048	-0.613196	1.617105	2.964801	*	*
mol680	1.275496	1.378248	1.716838	2.116691	*	*
mol681	1.393329	-0.106078	1.441695	2.461999	*	*
mol682	0.675687	-0.264921	1.541829	1.325023	*	*
mol683	0.904499	-0.261494	1.580811	2.115344	*	*
mol684	0.675687	0.694671	1.657247	1.974972	*	*
mol685	0.675687	-0.084612	1.69897	1.02792	*	*
mol686	1.300073	-0.210777	1.513218	2.062221	*	*
mol687	1.916433	-0.097881	1.298416	2.883842	*	*
mol688	1.335197	-0.208932	1.507721	1.691983	*	*
mol689	0.675687	1.637478	1.842297	1.209032	*	*
mol690	1.145911	0.152783	1.361539	1.746696	*	*
mol691	1.748141	1.285122	1.735439	2.781462	*	*
mol692	0.675687	-0.092206	1.716087	1.056219	*	*
mol693	0.675687	0.477269	1.704151	1.02792	*	*
mol694	1.69443	1.59745	0.956168	2.397603	*	*
mol695	1.972837	-0.267527	1.399501	2.797649	*	*
mol696	2.251881	-0.285027	0.429752	3.062368	*	*
mol697	1.376668	-0.337709	1.737034	3.238583	*	*
mol698	0.675687	0.61039	1.894316	1.739066	*	*
mol699	0.675687	-0.104769	1.738067	1.02792	*	*
mol700	0.675687	0.383074	1.666892	1.527024	*	*
mol701	0.932271	0.66004	1.3638	2.404046	*	*
mol702	0.879841	1.714526	1.864511	1.551718	*	*
mol703	0.675687	2.067758	1.68106	1.42875	*	*
mol704	2.27232	0.366691	1.002166	3.201467	*	*
mol705	0.751356	0.770866	1.486005	2.118404	*	*
mol706	1.804405	0.28725	1.632761	3.667165	*	*
mol707	0.888236	1.608618	1.557988	1.31729	*	*
mol708	1.84171	0.910402	0.991226	2.927127	*	*
mol709	1.429833	0.58733	1.288473	2.67016	*	*
mol710	2.020461	-0.190428	1.429752	2.611559	*	*
mol711	0.771587	0.021452	1.450249	1.506897	*	*
mol712	2.552589	1.268656	1.667453	3.067909	*	*
mol713	1.182072	0.116377	1.64365	2.034444	*	*
mol714	2.075901	-0.218256	1.540079	2.870111	*	*
mol715	1.027961	0.077886	0.792742	2.056577	*	*
mol716	2.011431	0.93641	1.326541	2.577812	*	*
mol717	1.221727	0.722245	1.979776	2.026758	*	*
mol718	2.220396	-0.608487	1.481443	2.045511	*	*
mol719	0.685204	0.651005	1.695482	1.671636	*	*
mol720	0.675687	0.377835	1.627366	1.02792	*	*
mol721	0.675687	-0.007504	1.69897	1.428167	*	*
mol722	0.923192	1.346952	1.773421	1.757069	*	*
mol723	0.675687	-0.131142	1.500236	1.02792	*	*
mol724	2.286791	-0.346785	1.673942	2.792059	*	*
mol725	1.908683	0.429082	0.1959	2.603806	*	*
mol726	1.31169	-0.123981	1.539327	2.194961	*	*
mol727	0.675687	1.972098	1.456821	1.218929	*	*
mol728	0.675687	0.1562	1.732394	2.014105	*	*
mol729	1.394084	0.089468	1.54506	2.164454	*	*
mol730	0.675687	-0.238438	1.507181	1.02792	*	*
mol731	0.675687	-0.17372	1.582404	1.188619	*	*
mol732	0.837715	-0.10139	1.209515	1.213358	*	*
mol733	1.467475	-0.187734	1.627571	2.336083	*	*
mol734	0.675687	-0.047852	1.692053	2.246656	*	*
mol735	1.114644	1.375002	1.624488	2.550429	*	*
mol736	0.909181	-0.117908	1.732956	1.905758	*	*
mol737	0.675687	1.547709	1.831934	1.787956	*	*
mol738	1.15418	-0.064461	1.573684	3.0846	*	*
mol739	1.33668	0.198433	1.705693	2.665528	*	*
mol740	0.675687	1.108458	1.649237	1.02792	*	*
mol741	1.347662	0.04659	1.636588	2.319789	*	*
mol742	0.82112	0.277277	1.43329	1.881755	*	*
mol743	1.174351	-0.46947	0.50515	2.016093	*	*
mol744	2.087057	-0.186686	1.746245	3.167645	*	*
mol745	1.33662	0.484987	0.61595	2.791482	*	*
mol746	2.072062	0.301885	1.232488	2.666327	*	*
mol747	2.121999	-0.017474	1.749118	2.894273	*	*
mol748	1.107617	0.058835	1.599883	2.408757	*	*
mol749	1.002857	0.021867	1.39794	2.33891	*	*
mol750	1.119817	0.156883	0.83123	2.678677	*	*
mol751	0.814248	1.529299	1.653695	1.775458	*	*
mol752	2.077873	0.410327	1.552425	3.149465	*	*
mol753	1.718983	-0.066953	1.478422	2.86985	*	*
mol754	0.987934	0.032497	1.5989	2.756963	*	*
mol755	0.693991	1.452864	1.754348	1.02792	*	*
mol756	2.167982	-0.323787	1.493876	3.365401	*	*
mol757	0.675687	-0.265089	1.783975	1.854701	*	*
mol758	1.322881	-0.018596	1.556544	2.830241	*	*
mol759	0.675687	1.623797	1.790918	1.596014	*	*
mol760	0.675687	0.872227	1.615108	1.02792	*	*
mol761	1.005952	1.482205	1.746245	1.870164	*	*
mol762	2.25594	1.372406	1.447158	2.893527	*	*
mol763	0.786751	0.312936	1.646404	2.324414	*	*
mol764	1.042457	-0.130969	1.887674	1.593784	*	*
mol765	2.817525	-0.129793	1.472756	3.619867	*	*
mol766	0.699491	0.153498	1.70927	1.284769	*	*
mol767	0.675687	1.165457	1.828209	1.153388	*	*
mol768	0.675687	0.755721	1.729003	1.02792	*	*
mol769	0.675687	-0.063427	1.542825	1.02792	*	*
mol770	1.557339	-0.313988	1.542576	2.413736	*	*
mol771	2.05145	-0.322066	1.498724	2.291526	*	*
mol772	0.917611	0.611799	1.727785	2.714295	*	*
mol773	1.309417	1.785868	1.603144	2.003908	*	*
mol774	1.943994	0.169786	1.473049	2.856568	*	*
mol775	1.810327	-0.221277	1.428459	2.108633	*	*
mol776	0.702344	1.720133	1.784332	2.547936	*	*
mol777	0.675687	0.586987	1.704751	1.652923	*	*
mol778	1.713625	1.958396	1.526469	2.298595	*	*
mol779	1.174699	1.673838	1.50853	2.15079	*	*
mol780	0.845904	0.056133	1.680063	1.02792	*	*
mol781	0.675687	1.088931	1.661813	1.629715	*	*
mol782	0.675687	0.910678	0.952792	1.251517	*	*
mol783	1.486246	1.911396	1.802158	2.336153	*	*
mol784	0.675687	0.32093	1.491502	1.714053	*	*
mol785	1.877521	-0.224315	1.564666	1.971652	*	*
mol786	0.960471	0.672984	0.414973	2.565557	*	*
mol787	1.556037	0.042154	1.574031	3.460262	*	*
mol788	0.675687	-0.16137	1.489958	1.459845	*	*
mol789	0.675687	0.838122	1.79134	1.541417	*	*
mol790	0.675687	0.549663	1.778441	1.02792	*	*
mol791	0.921842	1.186759	1.464936	1.843743	*	*
mol792	1.155245	1.18288	1.751087	2.261824	*	*
mol793	1.419295	-0.204295	1.733438	3.220412	*	*
mol794	1.105612	0.002243	1.784617	2.267669	*	*
mol795	1.499316	-0.075092	1.686636	2.463496	*	*
mol796	1.176988	-0.222651	1.230449	2.56449	*	*
mol797	1.444373	0.038621	1.823474	2.767166	*	*
mol798	0.675687	0.015782	1.6466	1.02792	*	*
mol799	0.675687	2.105542	1.532245	1.02792	*	*
mol800	1.526094	0.463537	1.507721	2.575941	*	*
mol801	0.675687	0.122416	1.545431	1.862376	*	*
mol802	1.572093	1.174297	1.846028	2.59062	*	*
mol803	0.911743	-0.264989	0.944483	2.283453	*	*
mol804	1.679164	1.045831	1.666892	2.978129	*	*
mol805	1.732418	0.542959	1.634175	3.294209	*	*
mol806	1.013301	1.857174	1.479143	2.260119	*	*
mol807	0.745387	0.001959	1.452553	2.563023	*	*
mol808	1.928616	0.79508	1.752509	2.033886	*	*
mol809	0.675687	-0.227572	1.814514	1.068074	*	*
mol810	0.675687	-0.224663	1.562769	1.316138	*	*
mol811	0.675687	-0.101364	1.607348	1.02792	*	*
mol812	0.675687	0.164345	0.567026	1.880859	*	*
mol813	1.345864	-0.326776	0.685742	2.189032	*	*
mol814	1.654744	1.571721	2.061452	2.55797	*	*
mol815	0.675687	-0.132584	1.404149	1.467815	*	*
mol816	1.282577	-0.234129	1.732635	2.950687	*	*
mol817	1.643384	-0.25685	1.352375	2.652164	*	*
mol818	1.645746	0.643362	1.461499	2.516203	*	*
mol819	0.920384	-0.210451	1.533264	1.701404	*	*
mol820	1.129883	0.084108	1.263636	2.252771	*	*
mol821	2.258905	-0.315386	0.924279	2.993341	*	*
mol822	1.594094	-0.226994	1.38952	2.533792	*	*
mol823	0.675687	0.65931	1.526727	1.02792	*	*
mol824	0.675687	0.845079	1.634477	1.02792	*	*
mol825	1.534496	-0.283478	0.564666	2.25952	*	*
mol826	1.299006	-0.212564	1.65408	2.351605	*	*
mol827	2.013718	1.449744	1.830268	2.965629	*	*
mol828	1.721192	0.476979	0.161368	2.595222	*	*
mol829	1.185797	-0.224566	1.343606	1.404611	*	*
mol830	2.572145	0.81648	1.221414	2.847665	-0.468521082958	*
mol831	2.067625	1.249256	0.618048	3.190828	*	*
mol832	1.884631	1.447544	0.60206	2.746225	*	*
mol833	1.992496	0.613903	1.461348	3.144641	*	*
mol834	0.675687	0.133088	1.72214	1.02792	*	*
mol835	0.675687	-0.070807	1.691435	1.54653	*	*
mol836	1.962748	-0.899174	0.068186	2.320545	*	*
mol837	1.904109	1.397409	0.570543	2.218149	*	*
mol838	1.818252	0.374996	1.626032	2.409268	*	*
mol839	0.675687	1.774739	1.665581	1.467031	*	*
mol840	1.177334	0.180134	1.601517	1.834827	*	*
mol841	2.32951	1.522262	0.502427	2.907424	*	*
mol842	1.777847	-0.322058	1.853577	2.198302	*	*
mol843	0.675687	-0.353876	1.478566	2.721655	*	*
mol844	1.458411	0.374706	0.78533	2.150962	*	*
mol845	1.562138	1.820429	1.736715	2.813301	*	*
mol846	1.758692	-0.11014	1.412293	2.714415	*	*
mol847	0.675687	0.396416	1.588384	1.02792	*	*
mol848	1.527488	-0.08729	1.718834	2.533486	*	*
mol849	0.698449	0.236203	1.665956	1.192317	*	*
mol850	2.003417	0.798347	1.230704	2.709698	*	*
mol851	0.675687	1.245216	1.649821	3.440758	*	*
mol852	1.543335	0.634703	1.727948	2.604251	*	*
mol853	0.675687	0.196711	1.564548	2.048749	*	*
mol854	0.675687	-0.180564	1.399154	2.151701	*	*
mol855	1.79985	-0.194783	1.61363	2.365797	*	*
mol856	0.675687	-0.275843	1.40807	1.417605	*	*
mol857	1.606972	1.682981	1.787248	2.508423	*	*
mol858	0.675687	0.186812	1.633165	2.915329	*	*
mol859	0.675687	-0.163323	1.660676	1.903443	*	*
mol860	0.675687	1.431364	1.816241	1.813761	*	*
mol861	2.098651	0.90309	1.0	2.917722	*	*
mol862	2.174804	0.732753	0.848189	3.085767	*	*
mol863	2.842471	0.765837	1.751279	3.650157	*	*
mol864	1.792434	0.27284	1.738781	3.004768	*	*
mol865	2.126232	-0.007309	0.835691	2.695768	*	*
mol866	2.262629	1.177654	1.751664	3.338219	*	*
mol867	2.334206	0.034201	1.0	3.416401	*	*
mol868	0.675687	1.216795	1.61721	1.02792	*	*
mol869	2.715346	-0.07058	1.693991	3.589768	*	*
mol870	2.12256	0.195035	1.71054	2.93289	*	*
mol871	1.268648	0.172021	1.699144	2.703739	*	*
mol872	0.675687	-0.183854	1.579326	1.64554	*	*
mol873	2.059949	0.977649	1.745465	2.705097	*	*
mol874	1.137512	-0.331868	1.15351	2.131022	*	*
mol875	2.43073	0.338359	1.688865	3.337597	*	*
mol876	1.580412	0.427987	1.0	3.450357	*	*
mol877	0.675687	1.319754	1.733598	2.764443	*	*
mol878	1.537214	0.008974	1.305566	2.809048	*	*
mol879	1.513271	-0.139669	1.451326	2.795621	*	*
mol880	1.104658	-0.340175	1.462398	2.268632	*	*
mol881	2.04537	-0.278212	1.579784	3.048811	*	*
mol882	0.675687	-0.081099	1.669317	2.860847	*	*
mol883	0.675687	-0.187283	1.564666	2.239815	*	*
mol884	1.964128	-0.221745	1.332842	3.597023	*	*
mol885	1.590942	-0.210586	1.580925	1.921712	*	*
mol886	0.675687	-0.181114	1.794488	1.02792	*	*
mol887	1.553276	1.073003	1.068186	1.249443	*	1.69897000434
mol888	1.799272	1.151528	1.688776	3.343886	*	*
mol889	1.95445	-0.254036	1.482159	2.447708	*	*
mol890	0.675687	1.385358	1.649627	1.702215	*	*
mol891	1.932002	-0.609667	1.51904	1.908169	*	*
mol892	0.675687	0.077756	1.541579	1.02792	*	*
mol893	0.675687	1.235074	1.527114	1.02792	*	*
mol894	0.675687	0.405408	1.627263	2.188431	*	*
mol895	0.675687	-0.114863	1.252368	1.799926	*	*
mol896	1.646945	0.170311	1.110926	1.919411	*	*
mol897	0.675687	-0.270073	1.617734	2.558469	*	*
mol898	1.806384	1.285809	1.606704	1.02792	*	*
mol899	2.049625	1.749252	1.720159	3.070491	*	*
mol900	1.093772	1.690196	1.748963	2.080686	*	*
mol901	1.787758	1.462398	1.738781	3.013244	*	*
mol902	1.225439	-0.25462	1.486005	2.796399	*	*
mol903	0.675687	0.790034	0.91698	2.123669	*	*
mol904	1.158935	1.662291	1.300813	1.379741	*	*
mol905	0.675687	-0.133203	1.889806	2.139107	*	*
mol906	1.008217	-0.017266	1.783689	1.605779	*	*
mol907	0.675687	-0.242496	1.73456	1.02792	*	*
mol908	3.328241	-0.059773	1.40824	3.626562	*	*
mol909	0.675687	0.34555	1.720242	1.730427	*	*
mol910	0.675687	-0.076945	1.593618	1.453945	*	*
mol911	0.675687	0.12327	1.534026	1.45128	*	*
mol912	1.449324	-0.277986	1.751048	2.684593	*	*
mol913	0.675687	0.761777	1.7344	1.966859	*	*
mol914	0.729893	0.03251	1.515874	1.42318	*	*
mol915	2.475202	-0.277407	0.562293	2.817485	*	*
mol916	0.675687	0.466601	1.871047	1.02792	*	*
mol917	0.844726	-0.095768	1.61066	1.02792	*	*
mol918	0.762003	0.375417	1.800236	2.177813	*	*
mol919	1.796193	-0.263597	1.552668	2.524217	*	*
mol920	1.649491	-0.250166	1.650793	2.427535	*	*
mol921	0.675687	1.934414	1.881499	1.02792	*	*
mol922	0.675687	0.212286	1.65887	1.02792	*	*
mol923	0.675687	-0.170453	1.61066	1.208764	*	*
mol924	2.304921	0.171567	1.6289	3.20261	*	*
mol925	0.675687	0.520799	1.673021	2.008417	*	*
mol926	0.998956	-0.032901	1.666986	1.839905	*	*
mol927	1.208414	-0.182257	1.566202	2.606319	*	*
mol928	0.675687	0.290553	1.539076	1.40907	*	*
mol929	0.915453	1.13137	1.507586	1.764766	*	*
mol930	2.316989	0.057701	1.483872	3.304159	*	*
mol931	1.011909	-0.135735	1.533264	2.912676	*	*
mol932	0.79407	-0.132461	1.824321	2.946536	*	*
mol933	2.202093	-0.871824	1.653116	2.654183	*	*
mol934	2.493432	-0.050001	1.830396	3.313413	*	*
mol935	1.733165	-0.06481	1.882525	3.388511	*	*
mol936	1.008345	-0.111984	1.598024	2.447651	*	*
mol937	0.816042	-0.216533	1.651375	1.02792	*	*
mol938	2.034693	0.846611	1.848805	2.799777	*	*
mol939	0.675687	-0.215415	1.672098	1.02792	*	*
mol940	1.240899	0.094514	1.749891	1.906157	*	*
mol941	1.140571	0.427379	1.514548	2.50289	*	*
mol942	0.675687	1.318731	1.636087	1.087568	*	*
mol943	0.675687	0.400132	1.465829	1.919047	*	*
mol944	0.675687	1.602916	1.606919	1.999974	*	*
mol945	1.562448	0.623052	1.765818	3.02167	*	*
mol946	2.124038	-0.165145	0.556303	2.62832	*	*
mol947	1.564121	-0.319064	0.591065	2.667123	*	*
mol948	1.991155	-0.119979	1.418301	3.092474	*	*
mol949	1.028287	-0.348756	1.058805	2.324819	*	*
mol950	0.675687	-0.197576	1.450249	1.783167	*	*
mol951	2.505268	0.063072	0.892095	3.203706	*	*
mol952	1.176236	-0.143841	1.577951	2.557217	*	*
mol953	1.901224	0.602444	1.524656	2.736404	*	*
mol954	0.675687	-0.237227	1.647969	1.274135	*	*
mol955	2.829621	0.384412	1.670802	3.289165	*	*
mol956	1.966592	-0.298487	1.615213	2.247907	*	*
mol957	1.615919	-0.25211	1.396548	2.353716	*	*
mol958	0.675687	0.915507	1.459694	1.02792	*	*
mol959	0.675687	0.276113	1.75473	1.02792	*	*
mol960	1.746712	0.888183	1.560504	2.468612	*	*
mol961	2.961989	0.198801	1.790637	3.763436	*	*
mol962	2.027598	0.036594	1.62024	2.646264	*	*
mol963	0.847696	0.763425	1.724276	1.638569	*	*
mol964	0.675687	-0.149584	1.590061	1.02792	*	*
mol965	1.112873	-0.097146	1.482588	2.150456	*	*
mol966	0.732072	0.287881	1.746245	1.720804	*	*
mol967	1.621747	-0.244378	1.880299	2.824888	*	*
mol968	1.578146	-0.082957	0.715167	2.498097	*	*
mol969	0.675687	-0.177852	1.600646	1.999652	*	*
mol970	0.675687	-0.067999	1.454082	1.094611	*	*
mol971	1.575753	0.225785	1.712902	2.595324	*	*
mol972	1.56259	-0.453663	1.354685	2.317003	*	*
mol973	1.807203	-0.258854	1.520221	2.836298	*	*
mol974	1.974221	0.287312	1.676968	2.816373	*	*
mol975	1.188169	-0.204916	0.149219	1.688019	*	*
mol976	0.675687	0.833957	1.689664	1.02792	*	*
mol977	1.501347	-0.174811	1.678063	2.429116	*	*
mol978	0.75823	1.594991	1.794279	2.372664	*	*
mol979	2.354725	-0.07887	1.2266	3.399066	*	*
mol980	2.30005	-0.16133	1.577492	3.214697	*	*
mol981	0.675687	0.091034	1.530968	1.313846	*	*
mol982	0.675687	-0.152039	1.466423	1.718402	*	*
mol983	1.372949	1.020658	1.341237	2.172588	*	*
mol984	0.675687	0.795366	1.678973	2.13116	*	*
mol985	1.842453	-0.20165	1.744684	2.696763	*	*
mol986	2.914451	0.827993	1.672283	3.247109	*	*
mol987	1.028653	-0.263313	1.168497	3.029178	*	*
mol988	0.675687	-0.314729	1.610554	2.59463	*	*
mol989	0.856185	-0.226654	1.507451	1.02792	*	*
mol990	1.186193	0.032114	1.559068	2.256564	*	*
mol991	1.26219	1.461071	1.884059	2.448822	*	*
mol992	1.624261	-0.378499	1.295127	2.573345	*	*
mol993	1.813694	-0.162685	1.320354	3.096984	*	*
mol994	1.156186	0.122116	1.467016	2.378578	*	*
mol995	1.083395	1.493918	1.652053	2.74294	*	*
mol996	1.068186	-0.362579	1.40637	2.873106	*	*
mol997	0.675687	1.292186	1.412964	1.796983	*	*
mol998	0.675687	-0.167227	1.540204	2.076582	*	*
mol999	1.971211	-0.230026	1.363612	2.753111	*	*
mol1000	2.592625	-0.013574	1.279895	3.286233	*	*
mol1001	0.675687	0.919098	1.701395	1.02792	*	*
mol1002	0.675687	0.148336	1.522575	1.02792	*	*
mol1003	2.191261	0.968938	0.176091	3.066509	*	*
mol1004	0.675687	-0.264925	1.701482	1.886519	*	*
mol1005	0.793092	1.254106	1.173769	1.952405	*	*
mol1006	2.132051	1.148401	0.509203	2.02061	*	*
mol1007	0.675687	0.61213	1.572872	1.02792	*	*
mol1008	0.675687	0.505965	1.268812	1.905558	*	*
mol1009	1.89503	-0.225721	0.892651	2.504793	*	*
mol1010	0.675687	-0.214509	1.167613	2.684802	*	*
mol1011	1.235276	1.126958	1.604982	1.746689	*	*
mol1012	0.675687	0.587792	1.905904	1.02792	*	*
mol1013	0.801472	1.273531	1.660391	2.039993	*	*
mol1014	0.675687	1.098176	1.720903	1.924419	*	*
mol1015	0.717171	0.815471	1.476107	1.711326	*	*
mol1016	1.203876	-0.216784	1.634679	2.712479	*	*
mol1017	1.137734	1.414583	1.591065	1.908217	*	*
mol1018	1.299137	0.073521	1.521661	3.041563	*	*
mol1019	0.675687	0.386546	1.546296	1.02792	*	*
mol1020	1.467874	1.536782	1.642465	2.448145	*	*
mol1021	0.675687	-0.14525	1.755799	1.422409	*	*
mol1022	1.216483	0.969913	1.360404	2.889506	*	*
mol1023	1.346451	0.437751	1.790778	2.128322	*	*
mol1024	1.092721	0.254894	1.735439	3.042626	*	*
mol1025	1.625168	-0.410041	1.672283	3.077265	*	*
mol1026	0.871865	-0.037188	1.606381	1.051847	*	*
mol1027	1.129174	-0.216967	1.771293	1.463071	*	*
mol1028	1.471512	0.806097	1.698535	2.006089	*	*
mol1029	0.675687	0.426528	1.845284	1.22256	*	*
mol1030	2.395767	1.055509	1.78154	3.38371	*	*
mol1031	2.59802	0.847411	1.689309	3.301601	*	*
mol1032	2.593407	1.336132	1.789581	3.180541	*	*
mol1033	1.527978	1.052442	1.717837	2.686881	*	*
mol1034	1.527488	-0.19043	0.70927	2.645034	*	*
mol1035	1.732482	1.643355	1.574031	2.553197	*	*
mol1036	2.649961	0.170337	1.800442	3.199492	*	*
mol1037	2.416617	-0.315829	1.744449	3.126825	*	*
mol1038	0.675687	-0.048177	1.559667	2.656148	*	*
mol1039	0.675687	0.317118	1.1959	1.02792	*	*
mol1040	1.283211	-0.19994	1.444981	2.39486	*	*
mol1041	1.018034	-0.158068	1.662569	1.975257	*	*
mol1042	1.445012	-0.012678	1.664454	2.574546	*	*
mol1043	0.675687	-0.021928	1.482731	1.605434	*	*
mol1044	0.693903	-0.107511	1.484869	1.333508	*	*
mol1045	1.595232	0.325003	1.441066	2.567835	*	*
mol1046	0.796088	-0.183312	1.693199	1.877164	*	*
mol1047	2.199665	-0.121969	1.568788	3.503921	*	*
mol1048	2.102372	-0.407439	1.419956	3.301915	*	*
mol1049	0.675687	-0.070332	1.316809	1.875189	*	*
mol1050	0.942603	0.280975	1.410777	2.037753	*	*
mol1051	2.079322	-0.471489	1.501059	2.279532	*	*
mol1052	2.11181	1.788301	1.683047	2.028742	*	*
mol1053	0.849726	-0.237106	1.793092	2.433891	*	*
mol1054	0.675687	0.645801	1.790144	1.367617	*	*
mol1055	2.044112	0.558379	1.779596	3.172893	*	*
mol1056	1.471145	0.330644	1.675778	2.552304	*	*
mol1057	0.675687	0.383822	1.7074	1.02792	*	*
mol1058	0.675687	-0.371574	1.840921	1.02792	*	*
mol1059	0.675687	0.245028	1.487138	1.660477	*	*
mol1060	1.350616	0.609121	0.779596	2.873527	*	*
mol1061	1.980603	-0.229703	0.243038	2.72989	*	*
mol1062	0.928703	0.802604	1.724276	2.27486	*	*
mol1063	0.830717	0.18139	1.794488	1.89678	*	*
mol1064	0.675687	0.298175	1.562887	1.02792	*	*
mol1065	0.675687	-0.281311	1.356026	1.397784	*	*
mol1066	0.675687	-0.056251	1.788804	1.02792	*	*
mol1067	1.03862	0.578484	2.073718	2.65316	*	*
mol1068	0.675687	0.076743	1.546296	2.818199	*	*
mol1069	1.734055	0.868459	1.50188	2.212284	*	*
mol1070	1.366666	-0.16111	1.414472	2.618294	*	*
mol1071	1.953649	-0.291179	1.060698	2.575872	*	*
mol1072	1.600243	0.39061	1.726727	3.358959	*	*
mol1073	0.675687	-0.173676	1.608526	1.02792	*	*
mol1074	0.707996	1.306726	1.63749	1.803368	*	*
mol1075	2.099366	0.18242	1.740126	2.683415	*	*
mol1076	1.439838	0.706522	1.520745	2.05973	*	*
mol1077	2.266933	1.710587	1.846646	2.675201	*	*
mol1078	1.354953	-0.228854	1.716671	1.899005	*	*
mol1079	0.675687	0.787829	1.635283	1.73685	*	*
mol1080	1.504362	0.458426	1.639984	2.322802	*	*
mol1081	1.176236	0.526761	1.560863	2.432674	*	*
mol1082	1.389237	-0.218367	0.545307	2.118519	*	*
mol1083	0.888123	1.33828	1.683587	1.320997	*	*
mol1084	0.675687	1.283347	1.670988	1.02792	*	*
mol1085	0.675687	0.596581	1.653984	1.921166	*	*
mol1086	1.345099	-0.250395	1.738225	3.345035	*	*
mol1087	0.675687	-0.157039	1.423737	1.02792	*	*
mol1088	2.474006	-0.339893	1.683767	3.332565	*	*
mol1089	1.332762	-0.250648	1.589838	2.981805	*	*
mol1090	0.675687	2.126427	1.517855	1.403241	*	*
mol1091	2.273635	1.478418	0.267172	2.500914	*	*
mol1092	0.675687	1.365904	1.656002	1.02792	*	*
mol1093	1.658917	-0.291623	1.563006	2.662133	*	*
mol1094	1.060055	-0.075302	1.566202	1.681196	*	*
mol1095	1.414455	-0.634245	1.361917	2.164834	*	*
mol1096	2.100608	-0.067218	1.11227	2.779713	*	*
mol1097	2.08037	-0.099249	1.4843	2.985316	*	*
mol1098	0.675687	0.619805	1.96341	1.734536	*	*
mol1099	1.294444	0.631141	1.635484	2.867877	*	*
mol1100	2.063836	-0.273163	1.649627	2.91964	*	*
mol1101	1.5583	1.461941	1.750123	2.618166	*	*
mol1102	0.675687	0.859933	1.745933	1.507113	*	*
mol1103	1.468894	-0.37693	1.445137	3.22487	*	*
mol1104	1.930103	-0.196654	1.445604	2.564702	*	*
mol1105	1.608473	0.111838	1.645226	2.17856	*	*
mol1106	2.104197	0.524249	1.597805	3.335979	*	*
mol1107	1.666059	0.28762	1.728435	2.519061	*	*
mol1108	1.251492	-0.176459	1.492621	2.75576	*	*
mol1109	2.262477	0.715391	1.295567	3.122455	*	*
mol1110	1.400555	0.232413	1.628389	2.360875	*	*
mol1111	1.74101	-0.024086	1.297979	2.76236	*	*
mol1112	1.330495	-0.236323	1.591065	2.888996	*	*
mol1113	2.680779	-0.353735	1.38952	3.337312	*	*
mol1114	1.796866	0.09348	1.331427	3.659059	*	*
mol1115	2.265992	1.188176	1.464639	2.942157	*	*
mol1116	1.196121	0.706126	1.628287	2.389037	*	*
mol1117	0.675687	-0.157461	1.505014	1.482702	*	*
mol1118	2.160547	-0.182994	1.471438	3.167702	*	*
mol1119	1.70193	1.455032	1.775538	2.941472	*	*
mol1120	0.675687	0.143039	1.547775	1.536811	*	*
mol1121	0.675687	0.66503	1.59251	1.89461	*	*
mol1122	0.675687	-0.147187	1.548389	1.580435	*	*
mol1123	1.621996	0.005964	1.650502	2.477014	*	*
mol1124	1.524747	-0.327645	1.476542	2.549044	*	*
mol1125	2.071208	0.987947	0.436163	1.950321	*	*
mol1126	0.675687	1.293836	1.679064	1.02792	*	*
mol1127	1.211094	0.773781	1.92101	2.938168	*	*
mol1128	1.00638	1.53909	1.461348	2.111061	*	*
mol1129	1.293429	0.841347	1.696356	2.73246	*	*
mol1130	1.047509	0.075958	1.769377	1.02792	*	*
mol1131	0.675687	0.355665	1.67219	1.02792	*	*
mol1132	1.307196	-0.034549	1.66764	2.697532	*	*
mol1133	0.675687	1.256353	1.835817	1.043519	*	*
mol1134	2.329506	-0.218198	1.762453	3.331775	*	*
mol1135	1.570415	-0.039929	1.583879	3.082972	*	*
mol1136	1.693947	-0.644102	0.63749	1.705881	*	*
mol1137	0.675687	0.449558	1.776338	1.02792	*	*
mol1138	0.675687	0.74286	1.592177	1.84547	*	*
mol1139	0.675687	0.118087	1.735279	1.02792	*	*
mol1140	1.356122	-0.183876	1.491782	2.025908	*	*
mol1141	1.568976	-0.389628	1.408749	2.070212	*	*
mol1142	0.675687	-0.187843	1.737193	1.02792	*	*
mol1143	0.675687	0.300297	1.631545	1.02792	*	*
mol1144	1.730903	-0.195087	1.168497	2.800934	*	*
mol1145	1.531504	0.035577	1.04454	2.37072	*	*
mol1146	1.048209	-0.266458	1.104487	2.825714	*	*
mol1147	0.675687	-0.224915	1.593286	1.02792	*	*
mol1148	0.675687	-0.180403	1.732072	1.02792	*	*
mol1149	1.261049	-0.174611	1.661339	2.808805	*	*
mol1150	0.675687	0.502703	1.453624	2.276639	*	*
mol1151	2.25919	1.937869	1.746089	2.153458	*	*
mol1152	1.652604	1.337022	1.936413	2.556305	*	*
mol1153	0.675687	1.129769	1.863858	1.312748	*	*
mol1154	1.775428	-0.27063	1.668386	2.543855	*	*
mol1155	2.360465	0.012125	1.041393	3.218672	*	*
mol1156	2.650083	-0.018126	1.077368	3.288204	*	*
mol1157	1.715736	0.382653	1.382197	2.887008	*	*
mol1158	1.955577	0.408534	1.50188	1.02792	*	*
mol1159	0.675687	-0.216099	1.564548	1.961393	*	*
mol1160	0.684037	1.788616	1.63729	1.873518	*	*
mol1161	0.675687	-0.217982	1.511883	1.02792	*	*
mol1162	1.367766	0.677909	1.635986	2.117619	*	*
mol1163	1.486048	-0.19949	1.67532	2.833233	*	*
mol1164	2.159065	-0.054667	1.868527	3.174717	*	*
mol1165	0.675687	0.560078	1.510143	1.715351	*	*
mol1166	1.738313	-0.311815	1.513218	3.277879	*	*
mol1167	0.675687	0.522899	1.599446	1.680553	*	*
mol1168	1.977385	-0.193311	1.526339	3.073361	*	*
mol1169	0.675687	-0.129081	1.651181	1.58237	*	*
mol1170	1.559308	-0.128243	1.674861	2.902705	*	*
mol1171	1.058578	-0.078402	1.576341	2.521184	*	*
mol1172	2.917223	0.053279	1.54444	3.623333	*	*
mol1173	0.675687	-0.298566	0.691081	1.02792	1.72329144648	*
mol1174	0.886265	-0.247518	1.536432	2.357933	*	*
mol1175	0.675687	-0.148293	1.610128	1.360783	*	*
mol1176	2.213582	-0.101806	1.476397	3.113779	*	*
mol1177	2.720869	0.943247	1.005181	2.861773	*	*
mol1178	0.675687	-0.112817	1.556182	1.02792	*	*
mol1179	1.247998	-0.171062	0.819544	2.417447	*	*
mol1180	1.409409	0.840232	1.684845	2.488679	*	*
mol1181	2.967351	-0.018513	1.683047	3.642942	*	*
mol1182	1.797039	-0.28983	1.631849	2.43454	*	*
mol1183	2.312776	-0.302585	1.706632	2.111431	*	*
mol1184	1.468333	-0.09442	1.648458	2.742175	*	*
mol1185	2.066225	1.02772	1.77122	3.015881	*	*
mol1186	1.36661	0.723417	1.344392	2.180917	*	*
mol1187	0.675687	-0.000886	1.541205	1.969076	*	*
mol1188	1.774459	0.089201	1.465829	3.011709	*	*
mol1189	0.675687	0.570299	1.581608	1.02792	*	*
mol1190	0.701654	0.047441	1.775974	1.706923	*	*
mol1191	0.931153	1.467681	1.691965	2.541105	*	*
mol1192	1.851105	0.960937	1.783832	3.073011	*	*
mol1193	0.888685	-0.171541	1.662286	1.75171	*	*
mol1194	1.952298	-0.227777	1.40654	3.061013	*	*
mol1195	2.174365	-0.164229	1.717671	3.320933	*	*
mol1196	1.373868	0.106193	1.56134	3.052678	*	*
mol1197	0.675687	1.392466	1.694078	1.02792	*	*
mol1198	0.675687	0.120183	1.402949	1.02792	*	*
mol1199	1.259474	0.894896	1.61066	2.442799	*	*
mol1200	0.80291	0.3009	1.669596	2.74234	*	*
mol1201	0.675687	1.914019	1.880242	1.040444	*	*
mol1202	1.834669	1.660254	1.004321	2.226257	*	*
mol1203	1.403927	-0.262385	1.188647	2.280808	*	*
mol1204	0.675687	0.034186	1.654946	1.3656	*	*
mol1205	1.97004	-0.088208	1.739256	3.293057	*	*
mol1206	1.63186	1.660602	1.388101	2.217329	*	*
mol1207	1.283052	-0.182352	1.612042	2.348385	*	*
mol1208	0.675687	0.026123	1.690728	1.813928	*	*
mol1209	0.675687	0.33037	1.653791	1.816639	*	*
mol1210	0.675687	1.241999	1.553762	1.929542	*	*
mol1211	2.273703	-0.097743	1.658298	3.170272	*	*
mol1212	0.675687	0.45637	1.592066	2.466869	*	*
mol1213	0.675687	0.720381	1.632693	1.02792	1.93333541008	*
mol1214	2.361973	-0.131498	1.643453	2.994859	*	*
mol1215	0.675687	1.248951	1.653598	1.264133	*	*
mol1216	1.164293	0.903804	1.11059	1.95637	*	*
mol1217	1.811314	-0.117017	1.056905	3.038175	*	*
mol1218	1.081671	0.159784	0.130334	1.451188	*	*
mol1219	2.417628	-0.274595	0.857332	3.36409	*	*
mol1220	0.675687	-0.202719	1.72403	1.847554	*	*
mol1221	1.066587	-0.23035	1.656386	2.488247	*	*
mol1222	1.86337	-0.27788	1.619928	2.992359	*	*
mol1223	2.155184	1.290196	0.644439	2.374446	*	*
mol1224	0.675687	1.29809	1.84485	1.30771	*	*
mol1225	0.675687	0.144254	1.579097	1.780231	*	*
mol1226	1.074926	0.104708	0.713491	2.16351	*	*
mol1227	1.188647	-0.189636	1.751587	2.263447	*	*
mol1228	1.283007	0.524151	0.926342	1.713499	*	*
mol1229	2.032139	-0.127049	0.49276	2.807418	*	*
mol1230	1.765415	-0.059485	1.042182	2.736384	*	*
mol1231	0.675687	0.09924	1.717671	1.02792	*	*
mol1232	1.951231	-0.172064	1.56134	3.227191	*	*
mol1233	0.675687	0.919638	1.664078	2.463614	*	*
mol1234	0.675687	0.690308	1.401573	1.323623	*	*
mol1235	2.092875	0.438179	1.346744	3.101229	*	*
mol1236	0.764251	1.098323	1.836166	2.270546	*	*
mol1237	0.675687	0.227922	1.73183	1.02792	*	*
mol1238	0.675687	-0.052247	1.698709	1.815119	*	*
mol1239	0.920176	0.556199	1.667453	1.436115	*	*
mol1240	1.247703	0.992138	0.993877	2.098308	*	*
mol1241	0.675687	0.913027	1.710963	1.494405	*	*
mol1242	2.123371	-0.277834	1.205746	3.197581	*	*
mol1243	0.675687	0.10471	1.679882	1.02792	*	*
mol1244	0.675687	-0.335786	1.667453	3.142285	*	*
mol1245	2.518488	-0.075698	1.622628	3.140292	*	*
mol1246	0.675687	1.129089	1.407901	1.02792	*	*
mol1247	2.334295	0.259009	1.461799	3.182121	*	*
mol1248	0.675687	-0.026771	1.417638	2.410927	*	*
mol1249	2.199618	1.227241	1.429591	3.319202	*	*
mol1250	1.616455	1.738231	1.440279	1.927252	*	*
mol1251	0.675687	0.551383	1.371068	1.02792	*	*
mol1252	2.567713	0.171374	1.647383	2.974873	*	*
mol1253	2.14363	1.200341	1.471585	2.96344	*	*
mol1254	2.058229	0.046574	1.690639	2.967809	*	*
mol1255	0.675687	0.43903	1.549494	1.02792	*	*
mol1256	2.094059	-0.196207	1.873262	3.634551	*	*
mol1257	1.436624	0.430572	1.520876	2.572999	*	*
mol1258	1.122576	-0.207049	1.748731	2.674191	*	*
mol1259	0.675687	-0.179813	1.507856	1.02792	*	*
mol1260	0.675687	1.080077	1.452859	1.02792	*	*
mol1261	0.93293	-0.400703	1.941462	2.320391	*	*
mol1262	1.504076	0.628549	1.544688	2.738504	*	*
mol1263	2.470672	0.68522	1.255514	3.397295	*	*
mol1264	2.619908	-0.347232	1.396722	3.249147	*	*
mol1265	2.419346	0.296711	1.35141	3.130409	*	*
mol1266	1.31116	1.514946	1.326336	2.195543	*	*
mol1267	1.916343	1.423183	1.412293	2.705213	*	*
mol1268	1.165185	0.115193	1.699751	2.599017	*	*
mol1269	0.675687	0.025133	1.502427	2.464419	*	*
mol1270	1.115877	-0.175258	1.487704	3.313825	*	*
mol1271	0.958612	0.656607	1.762228	1.958239	*	*
mol1272	1.955409	-0.265178	1.675595	3.39996	*	*
mol1273	0.675687	0.68731	1.614897	1.02792	*	*
mol1274	0.95928	0.752098	1.728354	2.389749	*	*
mol1275	2.900556	-0.105087	1.633468	3.224234	*	*
mol1276	1.66707	0.160629	1.521138	2.406256	*	*
mol1277	0.675687	0.929419	0.290035	1.02792	*	*
mol1278	1.575834	1.513733	1.888123	1.947341	*	*
mol1279	2.128396	0.329483	0.431364	3.298423	*	*
mol1280	2.031913	0.074966	1.658965	3.279586	*	*
mol1281	1.273834	1.715893	1.694078	2.388114	*	*
mol1282	0.796852	1.244487	1.507856	1.988171	*	*
mol1283	2.279567	-0.148735	1.137037	3.236257	*	*
mol1284	2.765215	0.624089	1.599556	3.497596	*	*
mol1285	0.688687	-0.148343	1.65273	1.02792	*	*
mol1286	1.579361	0.057401	1.419791	3.178833	*	*
mol1287	0.675687	-0.22402	1.755722	1.696505	*	*
mol1288	0.675687	-0.264924	1.346353	1.463878	*	*
mol1289	0.675687	-0.106382	1.920541	1.02792	*	*
mol1290	1.30116	-0.231967	1.68842	2.678538	*	*
mol1291	0.675687	1.635838	1.753277	1.02792	*	*
mol1292	1.651055	-0.176021	1.775392	2.300606	*	*
mol1293	1.462653	0.03399	0.941014	1.875478	*	*
mol1294	0.710202	1.242366	1.843544	2.493878	*	*
mol1295	0.675687	1.995635	1.267172	1.02792	*	*
mol1296	0.964118	1.560621	1.136721	2.091336	*	*
mol1297	1.978769	-0.504341	0.409933	3.65246	*	*
mol1298	2.028612	-0.350582	1.681422	3.121231	*	*
mol1299	2.313317	1.527265	1.790496	3.164344	*	*
mol1300	1.375865	1.231146	1.507451	3.737787	*	*
mol1301	2.480079	0.456415	0.52763	3.143961	*	*
mol1302	2.479296	-0.126079	1.745387	3.311706	*	*
mol1303	1.363988	-0.173482	1.502973	1.877193	*	*
mol1304	0.87425	-0.290216	1.062206	1.905386	*	*
mol1305	1.349647	-0.076892	1.342423	2.410011	*	*
mol1306	2.390396	-0.164163	1.550962	3.079395	*	*
mol1307	1.45194	-0.244866	1.351796	2.814166	*	*
mol1308	1.966118	0.069383	1.568084	3.434143	*	*
mol1309	2.368508	-0.17952	1.466126	3.33399	*	*
mol1310	1.141857	0.800665	1.536811	2.609339	*	*
mol1311	0.675687	1.226891	1.675137	1.305566	*	*
mol1312	0.849235	-0.088578	1.391993	1.485352	*	*
mol1313	1.850481	-0.302947	1.269046	2.758597	*	*
mol1314	2.104354	-0.553463	1.069668	3.237082	*	*
mol1315	2.017467	1.678143	1.666518	2.375155	*	*
mol1316	0.675687	1.647706	1.498311	1.472917	*	*
mol1317	0.675687	1.156027	1.699838	1.469012	*	*
mol1318	0.891035	0.192431	1.528274	1.51179	*	*
mol1319	0.675687	0.251421	1.716588	2.022622	*	*
mol1320	0.675687	0.011924	1.368659	1.02792	*	*
mol1321	2.595663	-0.319593	1.644242	1.73658	*	*
mol1322	0.675687	-0.461796	1.783189	1.02792	*	*
mol1323	0.675687	1.085319	1.677607	1.426202	*	*
mol1324	1.495447	-0.187522	0.206826	2.548214	*	*
mol1325	0.675687	-0.142873	1.439333	1.210586	*	*
mol1326	0.675687	0.209601	1.570193	1.02792	*	*
mol1327	1.167524	1.454776	1.746011	2.578647	*	*
mol1328	0.675687	1.447434	1.46568	1.02792	*	*
mol1329	1.337559	0.763929	0.382017	2.646919	*	*
mol1330	0.675687	0.554103	1.491362	2.987222	*	*
mol1331	2.421791	0.168389	1.672005	3.293288	*	*
mol1332	1.599162	-0.152582	1.454692	1.919476	*	*
mol1333	0.675687	1.037577	1.70944	1.02792	*	*
mol1334	2.067692	-0.421464	1.536558	1.804392	*	*
mol1335	0.675687	1.237707	1.733839	1.02792	*	*
mol1336	1.453914	-0.28027	1.765445	2.707257	*	*
mol1337	0.675687	1.865536	1.61742	1.610351	*	*
mol1338	0.675687	0.019774	1.702861	1.02792	*	*
mol1339	0.675687	-0.047651	1.654562	1.787375	*	*
mol1340	1.526262	-0.225836	1.36661	1.898648	*	*
mol1341	1.861457	-0.564487	1.480869	2.701928	*	*
mol1342	2.426057	-0.640245	0.338456	3.144023	*	*
mol1343	0.866583	-0.24144	1.391112	1.927796	*	*
mol1344	1.950433	-0.134389	1.226084	3.120964	*	*
mol1345	2.983718	0.430909	0.926342	3.281457	*	*
mol1346	1.6205	-0.209854	1.62941	3.380313	*	*
mol1347	0.675687	-0.26603	1.548267	2.362326	*	*
mol1348	2.878301	-0.178961	0.816904	3.277171	*	*
mol1349	0.675687	-0.123932	1.724604	1.02792	*	*
mol1350	1.948491	0.531615	1.099335	2.473101	*	*
mol1351	1.183298	0.854274	1.654946	2.575492	*	*
mol1352	1.041985	-0.178121	1.428459	2.093681	*	*
mol1353	1.06457	0.007508	1.668013	1.02792	*	*
mol1354	0.675687	1.410047	1.413635	1.895975	*	*
mol1355	1.956437	1.092203	1.794349	3.352951	*	*
mol1356	1.429462	-0.339554	1.217484	2.340313	*	*
mol1357	0.675687	-0.15179	1.651084	1.084719	*	*
mol1358	1.426576	1.162467	0.814913	2.272415	*	*
mol1359	1.792013	0.629223	1.720986	2.945557	*	*
mol1360	0.706974	0.101125	1.766636	1.02792	*	*
mol1361	1.835957	0.654039	1.686547	2.843747	*	*
mol1362	1.204093	-0.209238	0.696356	2.575138	*	*
mol1363	0.847202	0.631818	1.264818	2.716878	*	*
mol1364	1.733526	0.167773	1.608526	2.684636	*	*
mol1365	1.332459	-0.099405	1.664548	2.421768	*	*
mol1366	1.121231	0.112942	1.591732	2.13953	*	*
mol1367	0.675687	0.899783	1.483302	1.02792	*	*
mol1368	1.34506	0.306592	1.824581	2.459961	*	*
mol1369	1.063971	0.503475	1.613842	1.640909	*	*
mol1370	0.675687	0.004285	1.765072	1.02792	*	*
mol1371	0.720986	1.061102	1.466868	1.132772	*	*
mol1372	0.675687	-0.322211	1.581495	1.02792	*	*
mol1373	1.988488	-0.626597	1.062582	2.773162	*	*
mol1374	0.675687	1.409873	1.905364	1.461183	*	*
mol1375	0.941263	-0.129125	1.700704	1.449201	*	*
mol1376	0.856003	0.548936	1.79706	1.449787	*	*
mol1377	0.675687	-0.041064	1.739572	1.43859	*	*
mol1378	0.675687	1.737968	1.571359	1.02792	*	*
mol1379	0.675687	0.131207	1.610873	1.02792	*	*
mol1380	0.965343	0.60836	1.329601	1.928227	*	*
mol1381	0.675687	0.189097	1.497897	1.680553	*	*
mol1382	0.675687	0.198891	1.710879	1.02792	*	*
mol1383	1.6115	0.182623	1.302764	1.824529	*	*
mol1384	1.299943	0.100529	1.350829	1.922611	*	*
mol1385	2.357904	-0.271657	1.610873	3.529047	*	*
mol1386	2.223901	0.226955	1.845408	2.451837	*	*
mol1387	1.190136	-0.142205	0.388279	2.277307	*	*
mol1388	0.675687	0.094938	0.706718	2.036972	*	*
mol1389	2.288187	-0.2085	1.624591	2.9672	*	*
mol1390	0.675687	1.914378	1.698101	1.943123	*	*
mol1391	2.174679	0.035296	1.713826	2.982273	*	*
mol1392	0.675687	-0.248877	1.405688	1.619928	*	*
mol1393	1.341474	-0.015986	1.582291	2.602669	*	*
mol1394	1.746634	-0.153481	0.693727	2.220153	*	*
mol1395	0.675687	0.82755	1.78951	1.508611	*	*
mol1396	0.877487	0.353014	1.650987	1.952507	*	*
mol1397	0.675687	0.327214	1.741152	1.02792	*	*
mol1398	1.667388	1.145125	1.546666	2.552634	*	*
mol1399	1.985202	1.727574	1.683947	2.311898	*	*
mol1400	1.84727	0.80739	1.375664	2.580433	*	*
mol1401	1.007065	-0.846715	0.741152	2.874595	*	*
mol1402	2.341915	-0.254224	1.613842	3.177943	*	*
mol1403	0.675687	-0.120933	1.614897	2.363505	*	*
mol1404	0.675687	0.901165	1.784831	1.02792	*	*
mol1405	1.834516	0.986772	1.344392	2.849635	*	*
mol1406	0.675687	1.756492	1.740363	1.298045	*	*
mol1407	2.02442	0.253819	1.79134	2.808478	*	*
mol1408	1.221153	0.198564	1.034227	1.950165	*	*
mol1409	1.454601	-0.273868	1.54133	1.947551	*	*
mol1410	1.108193	0.757582	1.62634	2.507421	*	*
mol1411	1.553118	-0.18996	1.373464	3.184427	*	*
mol1412	1.964019	1.582405	1.771955	2.445604	*	*
mol1413	2.482799	0.379553	1.875061	3.082352	*	*
mol1414	1.851252	0.350354	1.792392	2.846643	*	*
mol1415	2.747507	1.921635	1.690107	3.11897	*	*
mol1416	0.675687	-0.200512	1.371806	1.604086	*	*
mol1417	1.870626	1.661297	1.724276	2.444941	*	*
mol1418	1.915083	-0.826802	0.71265	2.10392	*	*
mol1419	1.94535	-0.293556	1.371068	2.499054	*	*
mol1420	2.057434	-0.104246	1.58995	2.651211	*	*
mol1421	1.030721	0.030535	1.558709	2.370975	*	*
mol1422	0.675687	0.544462	1.341237	1.531492	*	*
mol1423	1.173696	0.485784	0.28892	1.978151	*	*
mol1424	0.893429	0.03528	1.55461	1.93834	*	*
mol1425	2.711799	0.13645	1.54444	3.18259	*	*
mol1426	1.735024	1.087936	1.813848	2.469037	*	*
mol1427	0.675687	0.017557	1.814913	1.758026	*	*
mol1428	1.890181	0.575857	1.43377	3.015474	*	*
mol1429	1.925972	0.34764	0.4133	3.115319	*	*
mol1430	2.108508	-0.295397	1.723045	3.304961	*	*
mol1431	0.675687	0.003249	1.70105	1.02792	*	*
mol1432	1.55251	-0.747631	0.369216	2.484481	*	*
mol1433	1.377616	1.21025	1.910251	1.737654	*	*
mol1434	0.675687	1.484822	1.54444	1.992668	*	*
mol1435	0.675687	0.050852	1.205746	2.928202	*	*
mol1436	1.945872	0.459211	1.757851	2.835418	*	*
mol1437	1.430672	2.087093	1.812312	2.152527	*	*
mol1438	1.212401	0.571438	0.763428	2.419407	*	*
mol1439	1.257319	1.324201	1.755112	2.435559	*	*
mol1440	1.018034	1.70757	1.339451	2.594451	*	*
mol1441	0.675687	0.033818	1.813314	1.666696	*	*
mol1442	1.493235	-0.228849	1.103462	2.076127	*	*
mol1443	0.675687	-0.154316	1.584218	1.449046	*	*
mol1444	1.26942	-0.122378	1.761402	2.261344	*	*
mol1445	0.675687	-0.103514	1.462398	1.02792	*	*
mol1446	1.692406	-0.168202	1.201397	2.821762	*	*
mol1447	0.825361	0.162791	1.564666	1.882735	*	*
mol1448	0.675687	0.043714	1.510545	1.249736	*	*
mol1449	0.860697	0.644177	1.700704	1.835291	*	*
mol1450	0.895864	-0.079886	1.889358	1.77282	*	*
mol1451	2.408097	-0.499591	1.651956	2.87319	*	*
mol1452	0.675687	0.201686	1.624282	1.02792	*	*
mol1453	0.964307	-0.059755	1.61679	2.405223	*	*
mol1454	2.046417	-0.231157	1.354108	2.229034	*	*
mol1455	1.936524	-0.222649	1.565848	2.842059	*	*
mol1456	0.675687	-0.083499	1.603253	2.447564	*	*
mol1457	1.098055	-0.206443	1.124178	2.21045	*	*
mol1458	1.283165	-0.161734	1.597695	2.588776	*	*
mol1459	0.695569	1.541832	0.531479	2.082534	*	*
mol1460	1.165185	0.998586	1.841297	2.884571	*	*
mol1461	1.924899	-0.116954	1.260071	2.41128	*	*
mol1462	0.675687	-0.074497	1.718751	1.02792	*	*
mol1463	1.775465	1.559556	1.816407	2.980412	*	*
mol1464	2.968261	0.753541	0.591065	3.512951	*	*
mol1465	1.958005	-0.201728	1.863263	3.122647	*	*
mol1466	1.334534	-0.117194	1.748963	2.189796	*	*
mol1467	0.675687	0.788409	0.481443	2.024633	*	*
mol1468	1.590017	-0.471818	1.602819	2.75803	*	*
mol1469	0.675687	0.990555	1.630326	1.02792	*	*
mol1470	0.675687	0.0175	1.526727	1.02792	*	*
mol1471	1.794104	0.079328	1.780533	2.669835	*	*
mol1472	1.655033	0.042221	1.816771	2.937783	*	*
mol1473	0.675687	0.772272	1.858838	1.02792	*	*
mol1474	1.503709	0.313475	1.746479	2.667448	*	*
mol1475	0.675687	1.917633	1.373831	1.654571	*	*
mol1476	1.17374	-0.287664	0.963788	1.95638	*	*
mol1477	1.518106	-0.217092	1.542203	2.310266	*	*
mol1478	0.767601	-0.009634	1.574957	1.160198	*	*
mol1479	1.005952	-0.172614	1.600101	2.567173	*	*
mol1480	1.396949	-0.252744	1.283301	3.372759	*	*
mol1481	0.675687	-0.207808	1.454997	1.357401	*	*
mol1482	0.675687	-0.176356	1.512017	1.02792	*	*
mol1483	2.303548	-0.378185	1.582063	2.792557	*	*
mol1484	0.675687	-0.033532	1.581608	1.974811	*	*
mol1485	1.122936	1.042564	1.687351	2.025756	*	*
mol1486	0.675687	-0.241217	1.604226	2.645975	*	*
mol1487	1.319647	-0.193291	1.541454	2.122714	*	*
mol1488	0.675687	-0.006506	1.60455	1.02792	*	*
mol1489	2.314783	-0.095733	1.61236	3.39964	*	*
mol1490	1.120179	0.073136	1.454692	3.045559	*	*
mol1491	1.284544	0.828403	1.607455	2.451547	*	*
mol1492	0.675687	0.886108	1.017033	1.289455	*	*
mol1493	0.718336	-0.149764	1.528788	1.49492	*	*
mol1494	1.388634	1.200198	1.421604	2.260913	*	*
mol1495	1.532053	-0.053558	1.209515	2.570285	*	*
mol1496	2.22085	0.705363	0.11059	2.69649	*	*
mol1497	0.845904	1.453615	1.710963	2.094922	*	*
mol1498	0.675687	0.836348	1.727134	1.559344	*	*
mol1499	0.675687	0.535168	1.62941	1.02792	*	*
mol1500	1.130012	-0.00284	0.708421	2.011913	*	*
mol1501	1.883554	-0.31571	0.130334	2.613046	*	*
mol1502	2.831694	0.169684	1.385249	3.320451	*	*
mol1503	2.207513	0.475582	0.432969	3.278355	*	*
mol1504	1.176178	2.125246	1.560265	1.168026	*	*
mol1505	0.990028	0.194437	1.78668	1.971508	*	*
mol1506	0.675687	1.303718	1.562887	1.589067	*	*
mol1507	1.876951	-0.354724	1.073718	2.678327	*	*
mol1508	0.675687	-0.014884	1.068186	1.27591	*	*
mol1509	1.826541	-0.173164	1.380211	2.021268	*	*
mol1510	0.675687	0.019331	1.631951	1.02792	*	*
mol1511	1.152013	-0.283128	1.560863	2.095061	*	*
mol1512	1.269676	-0.304715	1.575188	2.375887	*	*
mol1513	0.675687	-0.233527	1.184691	1.490843	*	*
mol1514	2.216862	0.013183	1.757927	3.25316	*	*
mol1515	1.646717	1.189142	0.526339	2.339972	*	*
mol1516	1.530584	-0.212953	1.848435	2.663558	*	*
mol1517	0.675687	0.64404	1.779452	1.02792	*	*
mol1518	2.512514	0.002577	1.34733	3.251089	*	*
mol1519	1.748823	-0.280645	1.72214	2.30943	*	*
mol1520	1.005481	0.597886	1.54444	1.525447	*	*
mol1521	1.43594	0.040632	1.582518	1.904017	*	*
mol1522	1.380103	0.410152	1.556303	2.431174	*	*
mol1523	1.264275	1.478796	1.305351	2.075857	*	*
mol1524	1.910592	0.275676	1.62128	3.331902	*	*
mol1525	0.675687	-0.199468	1.6917	1.587543	*	*
mol1526	1.081563	-0.225177	1.567144	2.627594	*	*
mol1527	1.791361	-0.158033	1.269513	2.144861	*	*
mol1528	1.079868	-0.18404	1.606381	2.041637	*	*
mol1529	2.338144	0.786179	1.511081	3.168007	*	*
mol1530	0.675687	0.920418	1.775902	1.501552	*	*
mol1531	0.893096	-0.241501	0.899821	1.757009	*	*
mol1532	1.814561	-0.060733	1.696182	3.253115	*	*
mol1533	0.944483	-0.224539	1.048053	2.34404	*	*
mol1534	0.675687	-0.056161	1.485011	1.02792	*	*
mol1535	1.091948	0.204093	1.941263	2.696723	*	*
mol1536	0.675687	0.839713	1.547775	1.538121	*	*
mol1537	1.456487	0.837859	1.5358	2.713096	*	*
mol1538	1.056981	-0.113808	0.586587	2.024375	*	*
mol1539	1.440122	-0.161435	1.624179	2.778334	*	*
mol1540	2.047734	-0.126038	0.230449	2.906852	*	*
mol1541	0.678154	0.291742	1.095518	1.155093	*	*
mol1542	1.639686	-0.279753	1.650308	2.614855	*	*
mol1543	0.913549	-0.121331	1.798029	1.602136	*	*
mol1544	1.554865	-0.605522	0.620136	2.0219	*	*
mol1545	0.675687	1.333229	1.954387	1.02792	*	*
mol1546	1.687493	1.544254	1.728151	2.268868	*	*
mol1547	1.775829	-0.310736	0.240549	2.456921	*	*
mol1548	0.675687	0.450388	1.486572	1.02792	*	*
mol1549	0.675687	1.014399	1.76095	1.02792	*	*
mol1550	0.675687	0.789322	1.703377	1.02792	*	*
mol1551	2.07756	0.804079	0.826075	2.82949	*	*
mol1552	1.642296	1.522871	1.737193	2.919948	*	*
mol1553	1.195124	1.169778	1.561101	1.493639	*	*
mol1554	1.420137	-0.3743	1.726156	2.203019	*	*
mol1555	2.085358	-0.168252	1.516535	3.282601	*	*
mol1556	1.255731	-0.307897	1.804957	2.651512	*	*
mol1557	1.8939	0.117704	1.578181	2.883942	*	*
mol1558	1.151002	1.653278	1.790285	2.118146	*	*
mol1559	0.675687	0.654377	1.585461	1.02792	*	*
mol1560	1.055149	0.69021	1.776774	1.91541	*	*
mol1561	1.018284	-0.19995	1.4843	2.469131	*	*
mol1562	1.731274	-0.112927	1.482016	2.873374	*	*
mol1563	1.403567	0.412601	1.094471	2.658493	*	*
mol1564	2.092134	-0.602829	1.0306	2.215183	*	*
mol1565	2.666786	-0.276262	0.912222	3.786245	*	*
mol1566	1.315823	-0.502808	0.613842	1.88269	*	*
mol1567	1.619166	-0.305886	0.041393	2.22355	*	*
mol1568	2.84517	0.209398	1.078094	3.006561	*	*
mol1569	0.675687	0.975904	1.633569	1.772336	*	*
mol1570	1.105612	1.799973	1.664266	1.539841	1.35774432518	*
mol1571	1.986884	-0.406805	0.594393	3.312519	*	*
mol1572	0.675687	1.074655	1.627161	2.098848	*	*
mol1573	0.675687	-0.337753	1.736397	1.703498	*	-0.537602002101
mol1574	0.675687	0.128602	1.597695	1.738788	*	*
mol1575	0.922518	-0.25364	1.197556	1.690719	*	*
mol1576	1.832221	0.071316	1.421933	2.704984	*	*
mol1577	0.675687	1.860187	1.497483	1.582188	*	*
mol1578	0.675687	1.241953	1.592621	2.709212	*	*
mol1579	0.675687	1.71361	1.498586	1.02792	*	*
mol1580	2.532381	-0.136159	1.447623	3.153666	*	*
mol1581	1.724923	-0.235207	1.754807	2.978817	*	*
mol1582	1.4691	0.107651	1.567849	2.637425	*	*
mol1583	0.675687	-0.014432	1.668479	1.460086	*	*
mol1584	1.145756	-0.092231	1.415474	1.536823	*	*
mol1585	1.148788	-0.154689	1.483016	2.873939	*	*
mol1586	1.122904	1.177696	1.271377	1.904786	*	*
mol1587	2.008306	-0.150744	1.889638	2.971122	*	*
mol1588	1.252246	0.699261	1.70757	2.502079	*	*
mol1589	0.675687	0.713042	1.718502	1.040088	*	*
mol1590	0.675687	0.46968	1.699491	1.614781	*	*
mol1591	1.084541	1.826398	1.676328	2.020726	*	*
mol1592	1.056447	-0.29749	1.092018	1.871993	*	*
mol1593	0.675687	-0.172673	1.560504	1.417156	*	*
mol1594	1.176265	0.035939	1.513484	2.633059	*	*
mol1595	1.5217	1.386667	1.71071	2.595375	*	*
mol1596	1.105135	1.246986	1.974742	2.448468	*	*
mol1597	1.125416	-0.129831	1.61066	2.392201	*	*
mol1598	1.700894	-0.147399	1.607562	2.59836	*	*
mol1599	1.54506	-0.181196	1.639586	2.658512	*	*
mol1600	2.728082	1.355861	1.549984	3.31142	*	*
mol1601	1.477237	0.208151	1.133539	2.589451	*	*
mol1602	1.409612	-0.239622	1.702344	1.874511	*	*
mol1603	0.675687	0.56864	1.752816	1.254524	*	*
mol1604	2.892379	0.683272	1.94176	3.294947	*	*
mol1605	0.675687	-0.186812	1.83123	1.782415	*	*
mol1606	0.675687	1.309571	1.740994	1.523304	*	*
mol1607	0.970579	-0.127349	1.558469	2.069687	*	*
mol1608	0.675687	1.015518	1.976946	1.149281	*	*
mol1609	0.675687	0.432555	1.786467	1.02792	*	*
mol1610	2.25892	-0.705422	1.597476	3.075357	*	*
mol1611	2.356003	1.194472	1.720738	2.919518	*	*
mol1612	0.675687	0.965165	1.801266	1.355126	*	*
mol1613	0.838786	0.351584	1.269513	2.218672	*	*
mol1614	1.23515	0.388004	1.700358	2.27401	*	*
mol1615	2.243284	-0.144511	0.389166	3.296851	*	*
mol1616	1.837159	1.422839	1.600537	2.415384	*	*
mol1617	0.675687	0.086102	0.767898	2.062676	*	*
mol1618	2.178583	-0.017395	1.463146	3.40059	*	*
mol1619	0.675687	*	1.784974	1.02792	*	*
mol1620	1.224352	*	1.49276	2.573177	*	*
mol1621	0.675687	*	1.688865	1.371105	*	*
mol1622	2.19744	*	1.472171	2.442962	*	*
mol1623	0.718585	*	1.365488	2.505736	*	*
mol1624	1.998303	*	0.965202	2.503695	*	*
mol1625	2.005386	*	0.332438	2.974492	*	*
mol1626	2.255784	*	1.524915	2.861605	*	*
mol1627	0.675687	*	1.25479	1.02792	*	*
mol1628	1.550681	*	1.762378	2.040163	*	*
mol1629	0.675687	*	1.323252	1.02792	*	*
mol1630	0.951386	*	1.531479	2.354892	*	*
mol1631	0.675687	*	1.082785	2.091737	*	*
mol1632	1.492537	*	1.330414	2.50495	*	-1.22184874962
mol1633	1.444934	*	1.470263	2.528737	*	*
mol1634	1.759177	*	0.478566	2.973013	*	*
mol1635	0.675687	*	1.415641	1.02792	*	*
mol1636	1.466897	*	1.90725	2.558641	*	*
mol1637	1.863311	*	1.505964	2.942745	*	*
mol1638	2.021338	*	1.567732	2.943789	*	*
mol1639	1.966114	*	1.147985	2.846444	*	*
mol1640	0.675687	*	1.758155	1.02792	*	*
mol1641	1.364795	*	1.511883	2.027019	0.894316062684	0.650307523132
mol1642	0.798098	*	1.466868	2.100519	*	*
mol1643	1.838043	*	1.799892	2.873165	*	*
mol1644	1.420764	*	1.668386	1.998734	*	*
mol1645	0.754425	*	0.728354	1.510558	*	*
mol1646	1.816248	*	1.577262	2.426488	*	*
mol1647	1.137164	*	1.643156	1.765996	*	*
mol1648	1.730354	*	1.352761	2.950276	*	*
mol1649	1.482402	*	1.810904	2.504751	*	*
mol1650	0.675687	*	1.897957	1.02792	*	*
mol1651	0.675687	*	1.61236	2.504082	*	*
mol1652	1.395134	*	1.994141	3.03825	*	*
mol1653	1.63763	*	1.60874	2.910448	*	*
mol1654	1.9454	*	1.016197	2.237164	*	*
mol1655	2.102777	*	0.944976	2.724528	*	*
mol1656	2.293787	*	1.232234	3.029332	*	*
mol1657	1.975018	*	1.226858	3.351413	*	*
mol1658	0.979548	*	0.173186	1.283753	-0.00436480540245	*
mol1659	0.675687	*	1.503655	1.02792	*	*
mol1660	1.323829	*	1.63799	2.680598	*	*
mol1661	1.667537	*	1.740678	2.154019	*	*
mol1662	1.935714	*	1.651762	2.664453	*	*
mol1663	0.978135	*	1.559308	1.46437	*	*
mol1664	2.272252	*	1.496238	3.120936	*	*
mol1665	1.911674	*	1.596927	2.914215	*	*
mol1666	1.636889	*	0.396199	2.566038	*	*
mol1667	1.441397	*	1.500099	3.104536	*	*
mol1668	2.115008	*	0.079181	2.433197	*	*
mol1669	1.530213	*	1.599665	2.031832	*	*
mol1670	1.201397	*	1.237041	2.817507	*	*
mol1671	0.675687	*	1.484157	1.02792	*	*
mol1672	1.28364	*	1.693287	2.227326	*	*
mol1673	1.756651	*	1.516205	2.29288	*	*
mol1674	0.675687	*	1.618048	2.015812	*	*
mol1675	2.540827	*	1.330414	3.505015	*	*
mol1676	2.062853	*	1.437909	3.339504	*	*
mol1677	0.675687	*	1.587486	1.925828	*	*
mol1678	0.675687	*	1.71792	2.149302	*	*
mol1679	1.087036	*	0.960946	1.729375	*	*
mol1680	2.093306	*	0.021189	3.322859	*	*
mol1681	2.1184	*	1.727704	2.702402	*	*
mol1682	2.088565	*	1.452706	3.029882	*	*
mol1683	0.675687	*	1.470116	1.773925	*	*
mol1684	0.675687	*	1.613525	1.563066	*	*
mol1685	1.61656	*	1.059185	2.224209	*	*
mol1686	0.675687	*	1.429429	1.02792	*	*
mol1687	0.675687	*	1.698535	2.089092	*	*
mol1688	1.467194	*	0.694605	2.4809	*	*
mol1689	0.675687	*	1.409933	1.02792	*	*
mol1690	0.675687	*	1.559548	1.02792	*	*
mol1691	2.045835	*	1.547159	3.098165	*	*
mol1692	1.910982	*	1.759063	2.989326	*	*
mol1693	0.675687	*	1.594282	1.898835	*	*
mol1694	0.675687	*	1.63266	1.02792	*	*
mol1695	1.609872	*	1.63367	2.008583	*	*
mol1696	0.675687	*	1.798305	1.02792	*	*
mol1697	1.899963	*	0.423246	3.823444	*	*
mol1698	0.675687	*	1.640978	1.519132	*	*
mol1699	0.675687	*	1.507856	2.208543	*	*
mol1700	1.543944	*	0.628389	2.530508	*	*
mol1701	1.834535	*	1.775246	2.880727	*	*
mol1702	0.675687	*	1.810569	1.879801	*	*
mol1703	0.675687	*	1.201397	1.195291	*	*
mol1704	0.675687	*	1.773786	1.02792	*	*
mol1705	1.37559	*	1.538322	1.811287	*	*
mol1706	2.547456	*	0.017033	2.886558	*	*
mol1707	0.675687	*	1.702861	1.02792	*	*
mol1708	0.675687	*	1.606919	1.923617	*	*
mol1709	0.675687	*	1.224015	1.691108	*	*
mol1710	0.675687	*	1.566437	2.663294	*	*
mol1711	0.675687	*	1.042379	2.418869	*	*
mol1712	1.152747	*	0.472025	2.122412	*	*
mol1713	2.238856	*	1.052694	2.961711	*	*
mol1714	1.820701	*	1.384264	2.41798	*	*
mol1715	1.389042	*	1.67961	3.048038	*	*
mol1716	1.396757	*	1.644242	2.778412	*	*
mol1717	0.675687	*	1.811709	1.419162	*	*
mol1718	1.99719	*	1.129045	3.34775	*	*
mol1719	0.675687	*	1.619093	1.02792	*	*
mol1720	0.675687	*	1.744606	1.02792	*	*
mol1721	0.675687	*	1.536432	1.02792	*	*
mol1722	2.884894	*	1.392697	3.690645	*	*
mol1723	2.268285	*	1.746167	3.084478	*	*
mol1724	1.948266	*	1.50853	3.23191	*	*
mol1725	0.915241	*	0.634477	2.382883	*	*
mol1726	1.738313	*	1.43072	2.903509	*	*
mol1727	1.558853	*	1.461649	2.719938	*	*
mol1728	0.675687	*	1.613102	1.02792	*	*
mol1729	0.790144	*	1.723784	1.699013	*	*
mol1730	0.675687	*	1.340444	1.494419	*	*
mol1731	1.281056	*	0.0086	2.471762	*	*
mol1732	2.263506	*	1.681151	2.932178	*	*
mol1733	0.693287	*	1.592399	3.341613	*	*
mol1734	1.889145	*	1.329398	2.628299	*	*
mol1735	2.018921	*	0.585461	2.824656	*	*
mol1736	1.204391	*	0.591065	1.960965	*	*
mol1737	0.675687	*	1.547405	1.02792	*	*
mol1738	1.948222	*	0.585461	2.493793	*	*
mol1739	1.330272	*	1.498311	1.817625	*	*
mol1740	1.490969	*	1.633165	3.47429	*	*
mol1741	1.167849	*	0.661813	2.60099	*	*
mol1742	1.932844	*	1.465383	1.914777	*	*
mol1743	0.771146	*	1.722387	1.991102	*	*
mol1744	1.543236	*	1.677881	2.119028	*	*
mol1745	1.315698	*	1.342423	1.70299	*	*
mol1746	1.328033	*	1.305351	2.124628	*	*
mol1747	0.675687	*	1.56134	1.02792	*	*
mol1748	1.206961	*	1.732394	1.795024	*	*
mol1749	1.507411	*	1.974822	1.975441	*	*
mol1750	0.999479	*	1.487845	1.473283	*	*
mol1751	1.915637	*	1.76455	3.279867	*	*
mol1752	0.675687	*	1.695744	1.02792	*	*
mol1753	0.675687	*	1.511883	1.02792	*	*
mol1754	0.675687	*	1.716588	1.02792	*	*
mol1755	1.168114	*	1.678973	2.366901	*	*
mol1756	1.673767	*	1.697665	3.076226	*	*
mol1757	1.821828	*	0.71265	2.468424	*	*
mol1758	2.136096	*	0.984527	2.709645	*	*
mol1759	1.188985	*	1.714497	2.135616	*	*
mol1760	1.755814	*	1.695044	2.98222	*	*
mol1761	2.380354	*	1.529559	3.500598	*	*
mol1762	2.618842	*	1.738781	3.179093	*	*
mol1763	2.808403	*	1.653695	3.642449	*	*
mol1764	2.436503	*	1.725912	3.65285	*	*
mol1765	1.940098	*	1.758533	3.004011	*	*
mol1766	2.096194	*	1.696793	3.217463	*	*
mol1767	2.236273	*	1.691965	3.181841	*	*
mol1768	1.662918	*	1.739968	2.704202	*	*
mol1769	3.047451	*	0.929419	3.669127	*	*
mol1770	1.542614	*	1.613102	2.64966	*	*
mol1771	2.313701	*	0.755875	2.379945	*	*
mol1772	0.825815	*	1.615319	1.02792	*	*
mol1773	1.324077	*	1.356599	2.187044	*	*
mol1774	0.675687	*	1.688064	1.02792	*	*
mol1775	0.675687	*	1.867762	1.02792	*	*
mol1776	1.623694	*	0.462398	2.356764	*	*
mol1777	1.464639	*	0.695482	2.784011	*	*
mol1778	2.226453	*	0.862131	2.805975	*	*
mol1779	1.430252	*	1.301247	2.429549	*	*
mol1780	2.319366	*	0.477121	2.897845	*	*
mol1781	1.617535	*	0.732394	2.544928	*	*
mol1782	2.092731	*	1.167317	1.517341	*	*
mol1783	1.35503	*	1.265054	3.505462	*	*
mol1784	2.44076	*	0.876218	2.454624	*	*
mol1785	1.952899	*	1.534026	3.024432	*	*
mol1786	0.675687	*	1.561578	1.769931	*	*
mol1787	0.675687	*	1.676602	2.172144	*	*
mol1788	0.675687	*	1.523096	1.02792	*	*
mol1789	1.785558	*	1.629308	2.818103	*	*
mol1790	2.751298	*	1.876276	3.217348	*	*
mol1791	2.035438	*	0.7348	2.158658	*	*
mol1792	0.675687	*	1.827757	1.393452	*	*
mol1793	1.720201	*	1.672652	2.705552	*	*
mol1794	1.467045	*	0.90309	2.362456	*	*
mol1795	0.675687	*	1.603361	2.037654	*	*
mol1796	0.675687	*	1.545925	1.02792	*	*
mol1797	1.986337	*	1.338456	2.480632	*	*
mol1798	1.731991	*	1.635283	2.664206	*	*
mol1799	1.506816	*	1.855519	2.657035	*	*
mol1800	1.448227	*	0.278754	2.148279	*	*
mol1801	2.118876	*	1.547282	2.144885	*	*
mol1802	1.86166	*	1.7352	2.543166	*	*
mol1803	0.675687	*	1.704151	1.02792	*	*
mol1804	0.675687	*	1.606596	1.02792	*	*
mol1805	1.918293	*	0.531479	2.951316	*	*
mol1806	1.790981	*	0.60206	2.08781	*	*
mol1807	1.652875	*	0.367356	2.264329	*	*
mol1808	1.494975	*	1.251881	2.7729	*	*
mol1809	1.399206	*	0.701568	1.899427	*	*
mol1810	0.675687	*	1.803525	2.665532	*	*
mol1811	0.675687	*	1.652633	1.02792	*	*
mol1812	0.675687	*	1.565494	1.293031	*	*
mol1813	2.284668	*	1.396199	3.348596	*	*
mol1814	0.686994	*	1.792742	2.143733	*	*
mol1815	2.199174	*	1.620136	2.957115	*	*
mol1816	2.352111	*	0.08636	3.167441	*	*
mol1817	0.675687	*	1.787956	1.02792	*	*
mol1818	0.675687	*	1.920645	1.245315	*	*
mol1819	2.168724	*	0.643453	2.710091	*	*
mol1820	1.020941	*	0.742725	2.128296	*	*
mol1821	0.675687	*	1.508395	1.02792	*	*
mol1822	1.631961	*	1.103804	1.929097	*	*
mol1823	1.167908	*	1.482159	2.410868	*	*
mol1824	2.175897	*	1.378034	2.264797	*	*
mol1825	0.675687	*	1.577836	1.02792	*	*
mol1826	0.897792	*	1.324488	1.079326	*	*
mol1827	0.675687	*	1.616265	2.66365	*	*
mol1828	1.714238	*	0.389166	3.03617	*	*
mol1829	1.780252	*	1.666705	2.22199	*	*
mol1830	0.903633	*	1.680336	2.291031	*	*
mol1831	0.675687	*	1.64286	1.954932	*	*
mol1832	1.964066	*	1.707229	3.196559	*	*
mol1833	1.206556	*	1.103119	2.289502	1.10140335056	1.09272064468
mol1834	0.675687	*	1.897682	1.576249	*	*
mol1835	1.714112	*	1.579326	2.685305	*	*
mol1836	1.388226	*	0.570543	2.929308	*	*
mol1837	0.675687	*	1.557507	1.859607	*	*
mol1838	0.675687	*	1.49693	1.02792	*	*
mol1839	0.837652	*	1.580469	2.882886	*	*
mol1840	1.97077	*	0.498311	2.508843	*	*
mol1841	1.394609	*	1.859739	2.539204	*	*
mol1842	0.675687	*	1.525951	1.02792	*	*
mol1843	0.675687	*	1.422836	1.796505	*	*
mol1844	2.194103	*	1.541953	2.986507	*	*
mol1845	1.620677	*	1.856608	2.8903	*	*
mol1846	2.704014	*	1.776846	3.422236	*	*
mol1847	1.871082	*	1.706291	2.739014	*	*
mol1848	1.413719	*	1.745309	2.325086	*	*
mol1849	0.675687	*	1.74351	2.497681	*	*
mol1850	2.110607	*	1.004751	2.684467	*	*
mol1851	0.941561	*	1.410609	1.789757	*	*
mol1852	0.675687	*	1.405517	2.180284	*	*
mol1853	0.675687	-0.073637	*	1.02792	1.87823446868	1.93611143167
mol1854	2.897041	0.917107	*	3.492901	*	*
mol1855	1.73844	-0.529319	*	3.027327	*	*
mol1856	0.675687	1.049068	*	2.661105	*	*
mol1857	0.675687	-0.379437	*	1.02792	*	*
mol1858	2.431195	-0.118417	*	3.108208	*	*
mol1859	0.675687	0.687781	*	1.02792	*	*
mol1860	1.88841	-0.235024	*	3.492201	*	*
mol1861	0.675687	-0.258205	*	1.653984	*	*
mol1862	0.675687	-0.04341	*	2.559899	*	*
mol1863	0.733358	2.02336	*	1.947002	*	*
mol1864	1.000391	1.693076	*	2.058422	*	*
mol1865	1.162026	-0.420662	*	2.535464	*	*
mol1866	0.675687	0.535559	*	2.644121	*	*
mol1867	1.62128	0.947269	*	2.3032	*	*
mol1868	0.82367	-0.126039	*	2.012631	*	*
mol1869	0.675687	1.248722	*	1.880871	*	*
mol1870	0.675687	1.829802	*	2.778639	*	*
mol1871	1.456214	-0.361597	*	3.239851	*	*
mol1872	1.930659	-0.699657	*	2.67886	*	*
mol1873	0.675687	0.369784	*	1.674292	*	*
mol1874	0.878809	-0.076474	*	2.21721	*	*
mol1875	1.770624	1.437845	*	2.495082	*	*
mol1876	2.454484	0.607111	*	2.639586	*	*
mol1877	0.808211	1.325711	*	2.17175	*	*
mol1878	1.285805	0.618994	*	2.444114	*	*
mol1879	2.059067	-0.277518	*	2.500527	*	*
mol1880	0.675687	0.800707	*	2.628095	*	*
mol1881	1.80289	-0.197709	*	3.025721	*	*
mol1882	1.782164	-0.193961	*	3.538634	*	*
mol1883	0.675687	-0.116253	*	1.30285	*	*
mol1884	0.675687	-0.148169	*	2.340825	*	*
mol1885	0.675687	-0.227366	*	1.02792	*	*
mol1886	1.409696	-0.250872	*	3.350809	*	*
mol1887	0.675687	0.332468	*	1.5498	*	*
mol1888	0.675687	-0.179797	*	2.23492	*	*
mol1889	1.379686	-0.070937	*	2.980279	*	*
mol1890	1.486473	-0.157437	*	2.998379	*	*
mol1891	0.675687	0.610184	*	2.201618	*	*
mol1892	0.675687	0.068819	*	1.628971	*	*
mol1893	1.661652	-0.140182	*	2.449105	*	*
mol1894	0.675687	1.259458	*	2.264216	*	*
mol1895	2.743978	0.268722	*	3.368017	*	*
mol1896	2.656294	0.241911	*	3.026314	*	*
mol1897	0.675687	0.126512	*	1.02792	*	*
mol1898	2.749824	0.991696	*	3.35586	*	*
mol1899	2.635315	0.160012	*	3.587441	*	*
mol1900	0.675687	0.400219	*	2.000816	*	*
mol1901	0.675687	0.40551	*	1.02792	*	*
mol1902	0.864392	0.888055	*	1.957583	*	*
mol1903	1.72106	-0.12982	*	2.591759	*	*
mol1904	0.719414	-0.261058	*	1.182072	*	*
mol1905	1.41684	-0.376686	*	2.092524	*	*
mol1906	1.245439	2.025796	*	2.897661	*	*
mol1907	2.69616	1.747138	*	2.642549	*	*
mol1908	0.675687	0.744687	*	2.517034	*	*
mol1909	0.675687	0.154802	*	1.02792	*	*
mol1910	1.985754	2.725057	*	2.883853	*	*
mol1911	2.099415	-0.416802	*	3.183514	*	*
mol1912	1.669707	-0.139753	*	2.02382	*	*
mol1913	1.49396	-0.148064	*	2.921821	*	*
mol1914	1.619959	0.457125	*	2.771756	*	*
mol1915	0.675687	-0.083602	*	2.292278	*	*
mol1916	1.685392	-0.064752	*	2.777962	*	*
mol1917	1.419377	-0.088306	*	2.605352	*	*
mol1918	0.675687	0.099768	*	2.140546	*	*
mol1919	2.235629	1.213988	*	2.762027	*	*
mol1920	2.507289	1.388807	*	3.302262	*	*
mol1921	1.0975	0.196041	*	2.057769	*	*
mol1922	0.675687	1.378416	*	1.02792	*	*
mol1923	0.675687	0.466082	*	2.588021	*	*
mol1924	1.523226	-0.357945	*	3.775182	*	*
mol1925	1.129722	-0.313757	*	3.368233	*	*
mol1926	0.675687	1.46655	*	1.902052	*	*
mol1927	1.334534	0.085831	*	1.87774	*	*
mol1928	0.675687	1.528492	*	1.575442	*	*
mol1929	0.675687	-0.123997	*	1.02792	*	*
mol1930	0.675687	0.223099	*	1.02792	*	*
mol1931	1.298744	1.506249	*	2.839463	*	*
mol1932	1.554756	1.282204	*	3.155027	*	*
mol1933	0.675687	1.051399	*	3.105395	*	*
mol1934	1.261287	-0.179355	*	2.645545	*	*
mol1935	0.675687	-0.138873	*	1.501114	*	*
mol1936	0.675687	-0.11542	*	1.234871	*	*
mol1937	1.510478	-0.378242	*	3.159829	*	*
mol1938	0.675687	1.296131	*	3.055741	*	*
mol1939	0.969742	-0.330018	*	1.598911	*	*
mol1940	1.512631	0.389792	*	2.889611	*	*
mol1941	0.675687	1.676461	*	1.02792	*	*
mol1942	0.675687	-0.224713	*	1.217905	*	*
mol1943	0.905148	1.577938	*	1.986427	*	*
mol1944	0.920801	-0.096904	*	2.851225	*	*
mol1945	1.233047	0.176131	*	2.794642	*	*
mol1946	1.979667	-0.288079	*	3.102548	*	*
mol1947	1.212454	0.751289	*	2.676556	*	*
mol1948	1.124765	1.040076	*	2.396649	*	*
mol1949	2.164974	0.396589	*	3.187317	*	*
mol1950	2.598513	-0.426916	*	3.714727	*	*
mol1951	1.210319	1.515903	*	2.934497	*	*
mol1952	2.360279	-0.206769	*	3.458937	*	*
mol1953	1.541891	0.423723	*	2.726354	*	*
mol1954	1.504457	-0.217185	*	2.792201	*	*
mol1955	0.829175	-0.031695	*	2.34331	*	*
mol1956	0.823344	0.053952	*	1.757214	*	*
mol1957	1.139942	-0.144326	*	1.865086	*	*
mol1958	1.391553	-0.093275	*	3.066215	*	*
mol1959	0.675687	-0.398285	*	1.02792	*	*
mol1960	1.303045	0.19114	*	2.748801	*	*
mol1961	0.675687	0.082084	*	1.295985	*	*
mol1962	2.033697	-0.288343	*	3.771624	*	*
mol1963	1.423033	1.07892	*	2.64848	*	*
mol1964	1.810575	-0.365292	*	1.02792	*	*
mol1965	0.675687	-0.175576	*	1.697892	*	*
mol1966	0.949439	0.573634	*	1.788628	*	*
mol1967	1.875756	-0.266738	*	2.622862	*	*
mol1968	0.675687	-0.237409	*	3.474098	*	*
mol1969	0.675687	-0.401765	*	1.437433	*	*
mol1970	1.327318	-0.137283	*	1.892762	*	*
mol1971	3.06003	-0.149728	*	3.301823	*	*
mol1972	0.675687	-0.254673	*	2.035978	*	*
mol1973	0.675687	0.39566	*	1.02792	*	*
mol1974	2.026198	1.190257	*	2.821967	*	*
mol1975	1.217957	-0.237629	*	2.87051	*	*
mol1976	1.512324	0.230013	*	2.869797	*	*
mol1977	0.675687	-0.2567	*	1.481084	*	*
mol1978	0.675687	1.174559	*	1.188394	*	*
mol1979	0.675687	1.25745	*	1.446149	*	*
mol1980	1.712683	-0.2083	*	2.563053	*	*
mol1981	0.791901	0.365643	*	2.375389	*	*
mol1982	0.675687	0.842301	*	1.644163	*	*
mol1983	2.014949	0.61809	*	3.111776	*	*
mol1984	0.75694	-0.045717	*	2.13969	*	*
mol1985	1.124113	-0.153579	*	3.203588	*	*
mol1986	2.272466	0.781848	*	3.284991	*	*
mol1987	0.675687	1.061672	*	2.509164	*	*
mol1988	1.8058	-0.106585	*	3.752342	*	*
mol1989	1.092194	-0.237503	*	3.00812	*	*
mol1990	2.146531	-0.22454	*	2.954911	*	*
mol1991	0.675687	0.111865	*	1.185684	*	*
mol1992	1.097847	-0.179136	*	2.167323	*	*
mol1993	0.931763	1.89289	*	1.839321	*	*
mol1994	0.675687	-0.223514	*	2.066151	*	*
mol1995	0.675687	0.642695	*	1.02792	*	*
mol1996	0.675687	0.443559	*	1.29846	*	*
mol1997	0.675687	1.481722	*	2.428572	*	*
mol1998	1.110253	-0.280471	*	3.044294	*	*
mol1999	1.68541	0.58111	*	2.765296	*	*
mol2000	0.692671	-0.018505	*	2.834842	*	*
mol2001	0.675687	1.266501	*	1.239149	*	*
mol2002	1.070223	-0.405688	*	2.898286	*	*
mol2003	0.675687	-0.730197	*	1.02792	*	*
mol2004	0.675687	1.104002	*	1.445371	*	*
mol2005	0.953276	0.975662	*	1.614433	*	*
mol2006	0.675687	1.425657	*	1.905153	*	*
mol2007	2.044755	0.714393	*	2.235889	*	*
mol2008	0.675687	1.406426	*	1.393628	*	*
mol2009	1.862137	-0.23764	*	2.969096	*	*
mol2010	2.46653	-0.189637	*	3.099885	*	*
mol2011	0.675687	1.554998	*	1.710092	*	*
mol2012	2.01105	-0.241689	*	2.957348	*	*
mol2013	0.983536	-0.08983	*	2.036617	*	*
mol2014	1.830165	1.058844	*	2.438528	*	*
mol2015	1.352877	1.734721	*	2.178171	*	*
mol2016	1.371751	0.141299	*	2.471198	*	*
mol2017	0.675687	1.20639	*	1.565186	*	*
mol2018	0.675687	-0.16511	*	1.226136	*	*
mol2019	0.675687	-0.075179	*	1.258254	*	*
mol2020	0.778947	0.415639	*	1.744606	*	*
mol2021	2.126687	-0.17624	*	3.496731	*	*
mol2022	2.809259	0.517361	*	3.280152	*	*
mol2023	1.142702	-0.160586	*	2.170801	*	*
mol2024	2.141381	1.26025	*	3.508117	*	*
mol2025	0.675687	1.424663	*	1.02792	*	*
mol2026	0.675687	1.669441	*	2.388197	*	*
mol2027	1.504946	-0.013311	*	2.032151	*	*
mol2028	0.982904	0.916384	*	2.858806	*	*
mol2029	1.03623	-0.222285	*	2.023738	*	*
mol2030	1.819024	-0.403188	*	3.298136	*	*
mol2031	2.03617	-0.250237	*	2.78177	*	*
mol2032	2.569263	0.072091	*	3.66787	*	*
mol2033	1.597168	-0.07531	*	3.24204	*	*
mol2034	1.008046	0.785978	*	2.03344	*	*
mol2035	1.559799	1.153875	*	2.506747	*	*
mol2036	0.675687	1.658677	*	2.396668	*	*
mol2037	1.48879	1.815802	*	2.358299	*	*
mol2038	2.059609	-0.193183	*	2.599548	*	*
mol2039	1.823089	-0.154454	*	3.851428	*	*
mol2040	1.991762	-0.290368	*	3.581057	*	*
mol2041	2.278454	0.320794	*	3.18184	*	*
mol2042	0.675687	0.278754	*	1.961093	*	*
mol2043	1.990023	0.011859	*	3.329442	*	*
mol2044	1.46337	0.872119	*	3.072683	*	*
mol2045	0.675687	1.54084	*	1.02792	*	*
mol2046	1.123721	0.40013	*	1.946098	*	*
mol2047	0.675687	1.167843	*	1.207796	*	*
mol2048	0.870228	0.457563	*	2.18063	*	*
mol2049	1.353801	-0.354225	*	2.901184	*	*
mol2050	0.675687	2.05434	*	1.479259	*	*
mol2051	0.675687	-0.112669	*	2.285148	*	*
mol2052	0.675687	0.207173	*	1.447778	*	*
mol2053	0.675687	0.876785	*	1.698848	*	*
mol2054	1.647432	0.856287	*	2.907584	*	*
mol2055	1.32255	1.788853	*	1.866807	*	*
mol2056	0.675687	0.916151	*	2.560247	*	*
mol2057	0.675687	0.072906	*	1.750439	*	*
mol2058	0.675687	-0.032025	*	1.4916	*	*
mol2059	0.770999	0.62716	*	1.85685	*	*
mol2060	0.675687	1.505514	*	1.02792	*	*
mol2061	1.030964	0.124745	*	1.698918	*	*
mol2062	1.607187	-0.238844	*	2.684616	*	*
mol2063	1.678964	2.035452	*	2.03222	*	*
mol2064	2.176346	1.357427	*	3.303574	*	*
mol2065	1.066661	0.135543	*	2.329078	*	*
mol2066	0.675687	-0.207369	*	1.02792	*	*
mol2067	0.675687	-0.125246	*	2.030191	*	*
mol2068	0.675687	-0.152338	*	1.492886	*	*
mol2069	0.861952	1.589307	*	2.183557	*	*
mol2070	0.675687	0.942135	*	1.278845	*	*
mol2071	1.271563	1.007757	*	1.02792	*	*
mol2072	0.892095	1.068075	*	1.85814	*	*
mol2073	0.675687	1.071218	*	1.124928	*	*
mol2074	1.073168	-0.052542	*	2.934253	*	*
mol2075	1.438194	0.981147	*	2.206599	*	*
mol2076	0.675687	0.565636	*	1.02792	*	*
mol2077	0.675687	-0.160548	*	1.02792	*	*
mol2078	1.867674	1.049952	*	2.70931	*	*
mol2079	1.551816	0.379231	*	2.855273	*	*
mol2080	1.380428	0.063879	*	1.874377	*	*
mol2081	1.521504	-0.098327	*	2.935137	*	*
mol2082	2.247227	1.56211	*	3.138217	*	*
mol2083	1.338536	-0.287222	*	2.160243	*	*
mol2084	0.675687	0.703676	*	1.02792	*	*
mol2085	1.099612	0.917325	*	2.849214	*	*
mol2086	0.675687	0.422355	*	1.317144	*	*
mol2087	0.675687	0.601984	*	1.352144	*	*
mol2088	0.675687	2.124927	*	2.870665	*	*
mol2089	1.633206	0.06612	*	3.306892	*	*
mol2090	1.123165	-0.184478	*	1.924543	*	*
mol2091	0.686904	-0.248335	*	2.039826	*	*
mol2092	1.212401	1.762874	*	2.455434	*	*
mol2093	1.997316	-1.162425	*	2.380291	*	*
mol2094	1.707494	1.750761	*	2.078301	*	*
mol2095	2.436576	0.260889	*	3.310522	-0.568636235841	*
mol2096	1.301768	1.52908	*	2.938639	*	*
mol2097	0.675687	0.392597	*	1.02792	*	*
mol2098	0.807197	-0.070651	*	2.330186	*	*
mol2099	0.743902	1.673974	*	2.256783	*	*
mol2100	0.675687	1.274026	*	1.02792	*	*
mol2101	1.226162	-0.129962	*	3.161579	*	*
mol2102	2.077575	0.207215	*	3.43872	*	*
mol2103	0.675687	0.354339	*	1.02792	*	*
mol2104	1.646404	-0.129238	*	2.741716	*	*
mol2105	1.432151	-0.128876	*	2.545714	*	*
mol2106	2.115364	-0.279461	*	2.913367	*	*
mol2107	0.751587	1.235614	*	2.211505	*	*
mol2108	2.104135	-0.257526	*	3.309033	*	*
mol2109	2.36163	-0.207432	*	3.760282	*	*
mol2110	1.809883	1.369653	*	2.811035	*	*
mol2111	1.201288	1.146128	*	2.376343	*	*
mol2112	2.123842	-0.06774	*	3.311622	*	*
mol2113	1.291147	1.079693	*	2.100267	*	*
mol2114	1.564678	-0.140746	*	2.98101	*	*
mol2115	1.749094	0.123835	*	2.752265	*	*
mol2116	0.992421	0.120117	*	1.514641	*	*
mol2117	2.013014	-0.151739	*	2.849198	*	*
mol2118	1.256766	-0.297627	*	1.915911	*	*
mol2119	0.675687	-0.138195	*	1.847542	*	*
mol2120	1.710633	0.273812	*	3.030718	*	*
mol2121	2.027513	0.321697	*	3.073911	*	*
mol2122	0.675687	1.372586	*	1.469984	*	*
mol2123	0.675687	0.553504	*	2.181169	*	*
mol2124	1.892484	0.934178	*	2.645137	*	*
mol2125	0.675687	1.850012	*	1.224714	*	*
mol2126	1.133858	-0.265704	*	3.203115	*	*
mol2127	0.675687	-0.178989	*	2.568773	*	*
mol2128	2.28284	-0.020846	*	3.146577	*	*
mol2129	1.698214	0.189066	*	2.954688	*	*
mol2130	0.675687	0.74095	*	1.02792	*	*
mol2131	1.383097	0.228826	*	3.280922	*	*
mol2132	0.675687	0.1569	*	2.136644	*	*
mol2133	1.521151	-0.149323	*	2.778048	*	*
mol2134	1.168645	2.112231	*	1.822965	*	*
mol2135	0.675687	-0.19808	*	1.479057	*	*
mol2136	0.675687	0.427548	*	2.531992	*	*
mol2137	2.074363	0.202869	*	3.424122	*	*
mol2138	1.648233	-0.352169	*	3.76763	*	*
mol2139	0.675687	-0.139105	*	1.02792	*	*
mol2140	1.342344	-0.291211	*	2.146078	*	*
mol2141	2.441158	-0.326774	*	3.09916	*	*
mol2142	0.675687	0.021093	*	1.02792	*	*
mol2143	1.207149	0.146032	*	1.914433	*	*
mol2144	2.448099	1.447158	*	3.217539	*	*
mol2145	0.959614	-0.286437	*	3.018893	*	*
mol2146	0.882809	-0.167526	*	1.788112	*	*
mol2147	1.777738	0.055619	*	3.620793	*	*
mol2148	2.117606	1.025766	*	3.305805	*	*
mol2149	1.878085	1.738181	*	2.708621	*	*
mol2150	1.463863	1.59115	*	1.751133	*	*
mol2151	0.675687	1.387783	*	2.377286	*	*
mol2152	0.675687	1.319635	*	1.02792	*	*
mol2153	0.675687	1.052425	*	1.543733	*	*
mol2154	1.216746	0.156191	*	2.901866	*	*
mol2155	0.675687	0.241698	*	1.02792	*	*
mol2156	0.675687	1.765298	*	1.482531	*	*
mol2157	1.064533	0.67775	*	2.443651	*	*
mol2158	1.136816	-0.110701	*	3.757414	*	*
mol2159	0.675687	1.970411	*	1.037347	*	*
mol2160	0.675687	-0.233495	*	1.547122	*	*
mol2161	0.675687	-0.232809	*	1.02792	*	*
mol2162	0.675687	-0.01882	*	1.499934	*	*
mol2163	1.37473	-0.279678	*	2.369667	*	*
mol2164	2.390062	-0.185015	*	3.502383	*	*
mol2165	2.613675	-0.509552	*	3.474911	*	*
mol2166	1.203142	-0.257739	*	2.658641	*	*
mol2167	2.515429	1.886268	*	3.159346	0.173186268412	0.380211241712
mol2168	0.79141	1.637797	*	1.937759	*	*
mol2169	2.117235	-0.062985	*	2.462724	*	*
mol2170	2.108189	-0.130835	*	3.034584	*	*
mol2171	0.675687	0.624505	*	1.626166	*	*
mol2172	1.158574	0.825482	*	1.878947	*	*
mol2173	1.286209	-0.19811	*	1.735088	*	*
mol2174	1.624292	-0.285691	*	3.427032	*	*
mol2175	0.837652	0.772074	*	3.104765	*	*
mol2176	1.404338	0.735506	*	1.798878	*	*
mol2177	1.543074	-0.475032	*	2.797785	*	*
mol2178	2.126027	1.22182	*	3.39834	*	*
mol2179	1.177277	-0.176718	*	2.462612	*	*
mol2180	0.675687	-0.230109	*	1.834395	*	*
mol2181	1.217721	-0.204545	*	1.883434	*	*
mol2182	1.808947	1.034396	*	2.69808	*	*
mol2183	1.572999	-0.237487	*	2.800129	*	*
mol2184	1.719588	-0.197836	*	3.024706	*	*
mol2185	2.995822	0.500306	*	3.584255	*	*
mol2186	1.25064	-0.173165	*	2.44939	*	*
mol2187	0.675687	-0.134515	*	2.128648	*	*
mol2188	0.675687	0.679502	*	2.042863	*	*
mol2189	1.981184	-0.428829	*	2.822593	*	*
mol2190	0.675687	-0.058674	*	2.738891	*	*
mol2191	1.176757	0.632689	*	2.077786	*	*
mol2192	2.074893	0.29582	*	3.293048	*	*
mol2193	2.220749	-0.287708	*	2.793826	*	*
mol2194	0.907411	0.780841	*	2.197906	*	*
mol2195	0.675687	-0.436456	*	1.02792	*	*
mol2196	1.054804	0.775158	*	1.375737	*	*
mol2197	0.675687	-0.190787	*	2.00999	*	*
mol2198	0.675687	0.109564	*	3.078733	*	*
mol2199	1.0574	-0.056554	*	1.876021	*	*
mol2200	1.802603	1.259398	*	3.639721	*	*
mol2201	1.836539	1.028642	*	2.48858	*	*
mol2202	2.538236	1.77846	*	3.362087	*	*
mol2203	0.675687	-0.12474	*	1.455819	*	*
mol2204	0.675687	0.856532	*	2.1655	*	*
mol2205	1.650774	2.068149	*	2.924283	*	*
mol2206	0.937518	1.669846	*	1.452921	*	*
mol2207	1.208549	1.565545	*	2.184385	*	*
mol2208	0.753813	0.834778	*	1.451479	*	*
mol2209	2.020548	-0.332256	*	2.491842	*	*
mol2210	0.675687	-0.047996	*	1.710726	*	*
mol2211	1.386659	-0.074382	*	2.377051	*	*
mol2212	2.080893	-0.252861	*	2.639512	*	*
mol2213	2.101266	-0.272813	*	2.712684	*	*
mol2214	0.675687	0.46265	*	1.237895	*	*
mol2215	1.387425	1.629209	*	2.219951	*	*
mol2216	1.142452	0.034671	*	1.71948	*	*
mol2217	0.675687	0.808783	*	3.350865	*	*
mol2218	1.416474	1.593589	*	2.801803	*	*
mol2219	0.919026	-0.278075	*	1.750061	*	*
mol2220	1.256333	0.047534	*	2.454537	*	*
mol2221	0.675687	0.102726	*	2.00023	*	*
mol2222	0.675687	1.524991	*	1.764101	*	*
mol2223	0.675687	0.158379	*	1.02792	*	*
mol2224	1.564879	0.800052	*	2.697221	*	*
mol2225	1.082929	1.635907	*	2.251536	*	*
mol2226	0.986279	1.049402	*	2.18997	*	*
mol2227	1.520588	0.113355	*	3.22455	*	*
mol2228	0.675687	-0.099709	*	2.288788	*	*
mol2229	1.244104	0.25807	*	3.66431	*	*
mol2230	1.482273	0.456561	*	2.608807	*	*
mol2231	0.787956	2.098731	*	1.399414	*	*
mol2232	0.705693	0.505293	*	1.298547	*	*
mol2233	1.964161	1.923289	*	2.648009	*	*
mol2234	1.96009	-0.202413	*	3.70503	*	*
mol2235	1.503041	0.818765	*	2.184981	*	*
mol2236	1.625354	-0.192567	*	2.820329	*	*
mol2237	1.248709	-0.260083	*	3.337657	*	*
mol2238	1.397871	0.131706	*	3.11791	*	*
mol2239	2.163114	0.537951	*	2.921467	*	*
mol2240	0.675687	0.715884	*	1.571522	*	*
mol2241	1.376705	0.428548	*	2.594275	*	*
mol2242	2.145867	-0.196666	*	3.352055	*	*
mol2243	1.254403	1.195409	*	2.330436	*	*
mol2244	0.675687	1.42297	*	1.02792	*	*
mol2245	0.675687	0.75761	*	1.839006	*	*
mol2246	1.472259	-0.022273	*	3.020553	*	*
mol2247	1.292057	-0.24357	*	2.169342	*	*
mol2248	0.675687	0.605748	*	1.996363	*	*
mol2249	0.888516	0.803424	*	2.253382	*	*
mol2250	1.521974	-0.146161	*	3.406091	*	*
mol2251	2.801293	-0.209432	*	3.678936	*	*
mol2252	0.675687	-0.110266	*	2.20878	*	*
mol2253	1.449448	0.876702	*	2.320447	*	*
mol2254	1.720969	-0.307441	*	2.817179	*	*
mol2255	0.882012	1.306649	*	2.281138	*	*
mol2256	0.675687	0.049223	*	1.02792	*	*
mol2257	0.675687	-0.0893	*	1.02792	*	*
mol2258	0.804685	0.050426	*	2.021475	*	*
mol2259	0.675687	1.184926	*	1.177854	*	*
mol2260	0.721398	0.42021	*	1.02792	*	*
mol2261	2.362332	0.307224	*	3.208045	*	*
mol2262	0.800854	0.961726	*	2.457959	*	*
mol2263	0.675687	0.294728	*	1.919904	*	*
mol2264	2.36919	0.12276	*	3.253742	*	*
mol2265	0.675687	0.254016	*	1.78651	*	*
mol2266	0.675687	0.251796	*	2.25382	*	*
mol2267	1.941303	1.971798	*	2.723185	*	*
mol2268	2.285411	-0.16069	*	3.421203	*	*
mol2269	1.259522	-0.272828	*	2.56103	*	*
mol2270	0.675687	0.725943	*	1.764101	*	*
mol2271	0.675687	0.385885	*	1.02792	*	*
mol2272	1.819735	-0.206171	*	2.499662	*	*
mol2273	0.675687	0.456977	*	1.02792	*	*
mol2274	1.095901	0.114982	*	3.45967	*	*
mol2275	0.675687	1.326194	*	2.051199	*	*
mol2276	0.675687	1.741872	*	1.875206	*	*
mol2277	2.210974	0.186232	*	3.505662	*	*
mol2278	1.530251	-0.250186	*	2.947692	*	*
mol2279	1.299093	-0.191598	*	2.683729	*	*
mol2280	0.858236	0.429683	*	2.53547	*	*
mol2281	2.555779	0.387575	*	3.40331	*	*
mol2282	0.973866	0.463168	*	2.35824	*	*
mol2283	3.128647	0.344454	*	3.62284	*	*
mol2284	1.321433	0.560941	*	2.268124	*	*
mol2285	1.42213	-0.062208	*	2.475317	*	*
mol2286	1.821592	-0.054617	*	2.761215	*	*
mol2287	0.675687	1.478798	*	1.914142	*	*
mol2288	1.179638	-0.274922	*	2.45875	*	*
mol2289	1.963632	1.229	*	3.333077	*	*
mol2290	1.272213	-0.156792	*	2.68395	*	*
mol2291	0.675687	1.110479	*	1.613472	*	*
mol2292	2.036781	0.828754	*	2.974697	*	*
mol2293	1.713768	0.780363	*	2.714585	*	*
mol2294	0.675687	-0.254684	*	2.359412	*	*
mol2295	1.515039	1.802269	*	1.831595	*	*
mol2296	1.922243	1.86545	*	2.459891	*	*
mol2297	0.675687	1.917146	*	1.02792	*	*
mol2298	0.675687	1.46321	*	1.02792	*	*
mol2299	1.930623	0.446935	*	1.65272	*	*
mol2300	0.675687	1.679829	*	2.034721	*	1.16196661636
mol2301	1.260358	-0.224883	*	2.691909	*	*
mol2302	0.675687	-0.132207	*	1.745169	*	*
mol2303	0.675687	0.135928	*	1.385946	*	*
mol2304	1.686127	-0.258719	*	2.503204	*	*
mol2305	2.923645	1.114003	*	3.380792	*	*
mol2306	0.963929	0.129375	*	1.836083	*	*
mol2307	0.685831	0.174505	*	2.939549	*	*
mol2308	2.988805	0.086554	*	3.535023	*	*
mol2309	1.346314	0.14871	*	1.704605	*	*
mol2310	0.675687	0.452816	*	1.564477	*	*
mol2311	1.219663	1.215782	*	1.955952	*	*
mol2312	0.675687	0.151229	*	1.881664	*	*
mol2313	1.26131	1.705644	*	1.02792	0.885361220032	0.976808337338
mol2314	0.675687	1.959179	*	1.803218	*	*
mol2315	1.640899	1.15241	*	2.615611	*	*
mol2316	1.321495	0.054979	*	2.163832	*	*
mol2317	1.715903	-0.162059	*	3.217774	*	*
mol2318	1.323685	0.183631	*	1.901093	*	*
mol2319	2.214264	-0.215427	*	2.26795	*	*
mol2320	0.675687	0.147309	*	3.360202	*	*
mol2321	1.762904	-0.285094	*	3.163096	*	*
mol2322	0.675687	-0.126017	*	1.70571	*	*
mol2323	0.79789	2.116986	*	3.058604	*	*
mol2324	0.818556	0.933586	*	2.422459	*	*
mol2325	1.02152	0.037125	*	2.812344	*	*
mol2326	1.105033	1.294052	*	1.02792	1.62335268154	*
mol2327	1.474449	1.424212	*	3.148167	*	*
mol2328	0.675687	1.263939	*	3.058071	*	*
mol2329	2.105043	1.347895	*	3.78887	*	*
mol2330	1.427113	1.898117	*	2.749438	*	*
mol2331	1.155063	-0.150743	*	2.601778	*	*
mol2332	1.942678	-0.366969	*	2.789225	*	*
mol2333	0.675687	1.511064	*	1.02792	*	*
mol2334	1.663739	1.894483	*	2.581408	*	*
mol2335	0.675687	0.601902	*	1.207311	*	*
mol2336	0.675687	1.012523	*	2.474578	*	*
mol2337	0.961469	-0.074031	*	2.113452	*	*
mol2338	1.137607	1.606834	*	2.117218	*	*
mol2339	1.346685	1.300649	*	2.858201	*	*
mol2340	0.675687	1.427244	*	2.45694	*	*
mol2341	0.675687	-0.011014	*	1.02792	*	*
mol2342	0.675687	0.157709	*	1.056752	*	*
mol2343	0.89354	-0.163414	*	2.357199	*	*
mol2344	0.927935	1.019512	*	1.665862	*	*
mol2345	1.515582	0.034373	*	1.948995	*	*
mol2346	1.346705	-0.162221	*	2.360603	*	*
mol2347	0.675687	0.270338	*	1.320645	*	*
mol2348	0.675687	-0.083203	*	1.863816	*	*
mol2349	1.334916	0.442605	*	3.463346	*	*
mol2350	2.027505	-0.148766	*	3.320043	*	*
mol2351	1.427519	0.80565	*	3.063682	*	*
mol2352	2.089389	0.97305	*	3.224953	*	*
mol2353	0.675687	0.644203	*	1.978724	*	*
mol2354	0.675687	-0.013547	*	1.02792	*	*
mol2355	0.675687	2.251464	*	1.02792	*	*
mol2356	2.080893	2.087257	*	2.37084	*	*
mol2357	2.374272	0.498019	*	3.515722	*	*
mol2358	0.675687	1.166192	*	1.58835	*	*
mol2359	1.455865	-0.071566	*	1.979157	*	*
mol2360	2.123532	0.692469	*	2.542908	*	*
mol2361	0.675687	1.035831	*	1.450788	*	*
mol2362	0.675687	1.31281	*	2.403124	*	*
mol2363	0.675687	1.364789	*	1.66289	*	*
mol2364	1.572465	1.082845	*	3.039176	*	*
mol2365	2.651701	0.858359	*	3.676246	*	*
mol2366	1.028815	1.191735	*	2.409196	*	*
mol2367	1.425469	0.052484	*	2.430244	*	*
mol2368	0.824451	-0.238274	*	2.103451	*	*
mol2369	0.675687	0.879415	*	1.702611	*	*
mol2370	0.675687	1.462311	*	1.02792	*	*
mol2371	0.675687	0.432687	*	1.802856	*	*
mol2372	0.675687	0.111183	*	2.77015	*	*
mol2373	1.970035	2.061783	*	2.741364	*	*
mol2374	0.675687	-0.122096	*	1.333246	*	*
mol2375	1.575442	-0.169877	*	1.155579	*	*
mol2376	1.641494	-0.216607	*	1.687859	*	*
mol2377	0.675687	0.607133	*	1.02792	*	*
mol2378	0.675687	-0.164033	*	1.02792	*	*
mol2379	1.332156	0.25753	*	2.392375	*	*
mol2380	0.675687	0.405075	*	1.02792	*	*
mol2381	0.675687	0.451316	*	2.051025	*	*
mol2382	0.931254	-0.169983	*	1.64289	*	*
mol2383	0.675687	-0.139656	*	1.02792	*	*
mol2384	1.168556	-0.248957	*	2.945691	*	*
mol2385	0.675687	-0.30655	*	1.02792	*	*
mol2386	1.706701	1.966511	*	3.522117	*	*
mol2387	0.675687	0.244552	*	1.093211	*	*
mol2388	1.562947	1.538571	*	2.77605	*	*
mol2389	0.675687	1.973591	*	2.049679	*	*
mol2390	2.341284	-0.32542	*	3.189669	*	*
mol2391	0.675687	-0.188287	*	1.02792	*	*
mol2392	1.696348	-0.239057	*	1.843768	*	*
mol2393	1.430269	-0.143321	*	2.150806	*	*
mol2394	0.675687	0.596126	*	1.02792	*	*
mol2395	1.575292	-0.312639	*	3.007036	*	*
mol2396	0.723948	-0.564585	*	1.207957	*	*
mol2397	2.831561	-0.305171	*	3.342119	*	*
mol2398	1.424669	1.220981	*	2.44745	*	*
mol2399	1.434186	-0.470786	*	2.277641	*	*
mol2400	1.813207	1.371127	*	2.441376	*	*
mol2401	2.170476	-0.238278	*	3.662284	*	*
mol2402	0.951677	0.469465	*	1.637209	*	*
mol2403	1.575846	0.089584	*	2.27489	*	*
mol2404	1.433626	-0.243942	*	2.43353	*	*
mol2405	1.664068	0.216406	*	2.537741	*	*
mol2406	0.865933	0.976895	*	1.02792	*	*
mol2407	0.675687	0.625673	*	2.207201	*	*
mol2408	1.113576	-0.275107	*	2.865585	*	*
mol2409	0.675687	0.978522	*	1.02792	*	*
mol2410	0.675687	0.856125	*	2.437779	*	*
mol2411	0.675687	1.154046	*	1.164174	*	*
mol2412	2.296163	1.716238	*	2.865973	*	*
mol2413	0.675687	0.244581	*	1.699942	*	*
mol2414	1.140697	1.546705	*	2.815961	*	*
mol2415	1.354224	-0.292474	*	2.443678	*	*
mol2416	0.675687	-0.173384	*	1.242094	*	*
mol2417	2.088671	-0.119118	*	3.250742	*	*
mol2418	0.675687	0.181286	*	1.734552	*	*
mol2419	0.675687	0.408828	*	1.705932	*	*
mol2420	0.898999	0.290341	*	1.46574	*	*
mol2421	0.675687	0.579534	*	1.798906	*	*
mol2422	1.049334	0.729599	*	2.372549	*	*
mol2423	0.675687	0.280355	*	1.28695	*	*
mol2424	2.62644	1.074831	*	3.32228	*	*
mol2425	0.675687	0.642103	*	1.02792	*	*
mol2426	1.585032	-0.208235	*	2.801295	*	*
mol2427	0.675687	0.279509	*	1.907266	*	*
mol2428	0.709524	-0.248911	*	1.706069	*	*
mol2429	1.606865	1.182377	*	3.12181	*	*
mol2430	1.732362	-0.372015	*	2.569665	*	*
mol2431	1.907368	-0.214491	*	3.385994	*	*
mol2432	1.055837	-0.093539	*	2.431087	*	*
mol2433	1.533607	0.047559	*	2.457488	*	*
mol2434	0.675687	0.617026	*	1.02792	*	*
mol2435	2.477525	-0.43475	*	2.893243	*	*
mol2436	0.675687	0.634517	*	1.02792	*	*
mol2437	1.309012	1.745512	*	2.911304	*	*
mol2438	1.13653	0.081861	*	2.142402	*	*
mol2439	1.563837	0.078246	*	1.884115	*	*
mol2440	2.57133	0.257266	*	3.251663	*	*
mol2441	1.732305	1.244672	*	2.756594	*	*
mol2442	1.85262	-0.16464	*	2.799987	*	*
mol2443	1.13906	0.557878	*	1.704477	*	*
mol2444	0.675687	-0.121866	*	1.32418	*	*
mol2445	1.607112	-0.193307	*	3.316109	*	*
mol2446	0.675687	1.635875	*	1.755951	*	*
mol2447	0.737272	-0.163733	*	2.400699	*	*
mol2448	2.299204	-0.334082	*	2.853308	*	*
mol2449	2.593233	0.886338	*	3.397385	*	*
mol2450	0.675687	0.314435	*	1.95144	*	*
mol2451	1.293959	1.706356	*	2.692272	*	*
mol2452	0.675687	-0.099528	*	1.33383	*	*
mol2453	1.220788	-0.127354	*	2.166868	*	*
mol2454	1.178027	0.378491	*	1.853437	*	*
mol2455	1.375408	0.061781	*	2.935433	*	*
mol2456	2.092731	0.140167	*	3.49667	*	*
mol2457	1.821081	-0.332348	*	3.057528	*	*
mol2458	1.808879	0.920035	*	2.658694	*	*
mol2459	1.27568	-0.146788	*	3.034712	*	*
mol2460	1.923197	-0.136385	*	3.765053	*	*
mol2461	1.240923	1.380309	*	2.278223	*	*
mol2462	1.579578	0.549724	*	2.699195	*	*
mol2463	0.675687	2.108108	*	1.02792	*	*
mol2464	1.915205	-0.141783	*	3.025956	*	*
mol2465	1.662257	0.64813	*	2.231273	*	*
mol2466	1.850156	0.257742	*	2.411877	*	*
mol2467	1.824197	-0.38973	*	2.452276	*	*
mol2468	1.995425	-1.046978	*	2.173218	*	*
mol2469	1.105476	-0.210317	*	2.549866	*	*
mol2470	1.177479	0.363117	*	2.700246	*	*
mol2471	1.994031	0.282775	*	2.977713	*	*
mol2472	2.291806	0.378868	*	3.399656	*	*
mol2473	2.175874	1.46501	*	3.11487	*	*
mol2474	1.17981	-0.064604	*	3.329294	*	*
mol2475	0.675687	-0.068373	*	3.182323	*	*
mol2476	2.106068	-0.165816	*	3.649253	*	*
mol2477	0.954291	1.319525	*	1.818424	*	*
mol2478	0.675687	0.526276	*	2.373252	*	*
mol2479	0.813181	1.305873	*	1.509203	*	*
mol2480	0.890309	-0.176716	*	1.670812	*	*
mol2481	0.675687	0.084377	*	1.02792	*	*
mol2482	0.675687	0.078607	*	1.02792	*	*
mol2483	2.718688	-0.083099	*	2.471828	*	*
mol2484	1.094052	1.62941	*	1.750825	*	*
mol2485	0.675687	0.077644	*	1.654148	*	*
mol2486	1.615466	1.042049	*	2.256013	*	*
mol2487	0.675687	-0.139945	*	1.932017	*	*
mol2488	1.111464	-0.23664	*	2.1188	*	*
mol2489	1.355854	0.296836	*	2.228346	*	*
mol2490	1.706351	0.342396	*	3.028672	*	*
mol2491	2.548436	1.230623	*	3.303913	*	*
mol2492	1.312008	-0.248938	*	3.015705	*	*
mol2493	0.803457	0.679085	*	1.736141	*	*
mol2494	2.28054	-0.081366	*	3.441501	*	*
mol2495	1.295215	1.476216	*	1.953866	*	*
mol2496	1.808447	-0.252961	*	2.971106	*	*
mol2497	1.869255	-0.17321	*	2.15671	*	*
mol2498	0.675687	-0.178465	*	1.842971	*	*
mol2499	0.853577	1.066649	*	1.650366	*	*
mol2500	1.179925	-0.18192	*	3.364869	*	*
mol2501	0.983852	1.390771	*	1.692292	*	*
mol2502	1.358011	-0.299222	*	1.683758	*	*
mol2503	1.083395	0.222765	*	2.20978	*	*
mol2504	0.887561	1.064381	*	2.099169	*	*
mol2505	1.659688	0.246445	*	2.793373	*	*
mol2506	0.675687	-0.151372	*	1.372249	*	*
mol2507	1.764214	0.341386	*	2.678619	*	*
mol2508	1.746401	0.860478	*	2.883857	*	*
mol2509	0.675687	0.905416	*	1.921967	*	*
mol2510	0.675687	-0.170774	*	1.02792	*	*
mol2511	1.461844	0.291568	*	2.862259	*	*
mol2512	2.056447	0.599563	*	3.04382	*	*
mol2513	2.629072	-0.232005	*	3.805995	*	*
mol2514	1.390847	0.113544	*	2.665128	*	*
mol2515	0.936815	-0.171138	*	1.913295	*	*
mol2516	1.33169	1.367228	*	2.453306	*	*
mol2517	2.118813	-0.18876	*	3.267068	*	*
mol2518	0.675687	0.18908	*	1.765072	*	*
mol2519	1.674834	-0.092677	*	2.836986	*	*
mol2520	1.195651	1.578111	*	2.321453	*	*
mol2521	0.946157	1.757831	*	1.667509	*	*
mol2522	1.567191	0.518256	*	3.049083	*	*
mol2523	0.675687	1.818755	*	1.727379	*	*
mol2524	0.702775	0.082553	*	2.285168	*	*
mol2525	0.675687	-0.061347	*	1.02792	*	*
mol2526	0.675687	-0.0775	*	2.075134	*	*
mol2527	0.866346	0.497095	*	1.867456	*	*
mol2528	0.682416	0.246213	*	1.197115	*	*
mol2529	1.383582	0.242002	*	3.10869	*	*
mol2530	2.426867	-0.13813	*	3.734275	*	*
mol2531	2.149625	-0.237265	*	3.41258	*	*
mol2532	2.647509	-0.216393	*	3.346359	*	*
mol2533	1.99596	-0.157582	*	3.560187	*	*
mol2534	1.963367	1.318948	*	3.558861	*	*
mol2535	2.042843	0.665062	*	2.203068	*	*
mol2536	0.675687	-0.152301	*	1.236159	*	*
mol2537	0.675687	0.764502	*	1.729497	*	*
mol2538	2.259651	-0.201059	*	2.474547	*	*
mol2539	0.675687	0.112994	*	2.018222	*	*
mol2540	2.429718	1.713629	*	2.991704	*	*
mol2541	0.675687	1.28745	*	1.02792	*	*
mol2542	1.542178	1.550029	*	2.941385	*	*
mol2543	1.261406	-0.311653	*	2.591441	*	*
mol2544	1.635182	0.872574	*	2.10405	*	*
mol2545	1.374455	-0.31976	*	2.406014	*	*
mol2546	1.124635	0.370645	*	1.905542	*	*
mol2547	2.778967	0.359626	*	3.474072	*	*
mol2548	2.053528	0.739917	*	3.271782	*	*
mol2549	0.675687	1.142746	*	1.278639	*	*
mol2550	0.675687	-0.190345	*	1.922798	*	*
mol2551	0.675687	0.480307	*	1.341692	*	*
mol2552	2.5113	0.01153	*	3.352061	*	*
mol2553	2.11842	-0.239908	*	3.106014	*	*
mol2554	1.176612	-0.220272	*	2.846717	*	*
mol2555	0.675687	0.129621	*	1.294202	*	*
mol2556	1.762566	0.113058	*	2.783221	*	*
mol2557	1.999748	1.123484	*	2.764486	*	*
mol2558	2.315294	-0.114811	*	3.379189	*	*
mol2559	0.675687	0.460404	*	1.537403	*	*
mol2560	1.764729	-0.118564	*	2.7726	*	*
mol2561	0.675687	0.080453	*	1.791978	*	*
mol2562	1.205313	-0.23659	*	2.103961	*	*
mol2563	1.950506	-0.136507	*	3.377926	*	*
mol2564	1.526804	1.158068	*	3.382484	*	*
mol2565	0.675687	1.522974	*	2.694701	*	*
mol2566	0.692053	0.692613	*	2.001279	*	*
mol2567	1.466823	1.959167	*	2.12715	*	*
mol2568	2.412445	1.30565	*	2.393737	*	*
mol2569	0.854974	0.443196	*	2.49872	*	*
mol2570	0.675687	-0.120796	*	1.02792	*	*
mol2571	0.675687	1.500643	*	1.02792	*	*
mol2572	0.675687	1.070491	*	1.757995	*	*
mol2573	0.675687	0.913538	*	2.030357	*	*
mol2574	1.291768	-0.094114	*	2.632281	*	*
mol2575	0.76552	0.204929	*	1.394924	*	*
mol2576	1.529469	1.385236	*	2.589565	*	*
mol2577	0.675687	0.883031	*	1.02792	*	*
mol2578	1.275334	-0.243762	*	2.230988	*	*
mol2579	1.611925	1.460518	*	2.82849	*	*
mol2580	0.675687	0.466053	*	1.441931	*	*
mol2581	1.094296	-0.11582	*	2.679317	*	*
mol2582	1.262759	0.390073	*	2.351528	*	*
mol2583	0.675687	0.589953	*	1.708149	*	*
mol2584	0.860518	0.043278	*	2.698271	*	*
mol2585	1.292743	-0.281388	*	2.466184	*	*
mol2586	1.552023	0.578972	*	3.43121	*	*
mol2587	0.675687	0.157255	*	1.827266	*	*
mol2588	0.675687	-0.00832	*	2.554897	*	*
mol2589	2.402383	-0.273672	*	2.751363	*	*
mol2590	0.675687	-0.135463	*	1.474668	*	*
mol2591	1.132804	0.37783	*	2.387648	*	*
mol2592	2.024777	0.778876	*	2.942241	*	*
mol2593	2.00794	-0.336951	*	3.478521	*	*
mol2594	1.941318	-0.282149	*	3.241916	*	*
mol2595	1.882638	0.085679	*	2.707986	*	*
mol2596	1.380826	-0.142891	*	1.976611	*	*
mol2597	2.159209	-0.323809	*	2.478226	*	*
mol2598	0.713742	0.923449	*	1.862555	*	*
mol2599	0.675687	-0.442557	*	1.02792	*	*
mol2600	2.600097	-0.157315	*	3.25409	*	*
mol2601	1.221232	0.390284	*	3.099346	*	*
mol2602	1.096249	-0.23004	*	1.723817	*	*
mol2603	0.675687	-0.066466	*	1.152869	*	*
mol2604	1.789623	0.407187	*	3.34628	*	*
mol2605	0.675687	1.433543	*	2.31187	*	*
mol2606	0.675687	1.185068	*	2.727588	*	*
mol2607	0.870462	0.315617	*	2.488995	*	*
mol2608	1.708803	1.542524	*	2.090953	*	*
mol2609	0.675687	0.927562	*	1.48728	*	*
mol2610	1.20055	-0.221808	*	2.855174	*	*
mol2611	0.762078	-0.265723	*	1.932113	*	*
mol2612	0.933943	0.48647	*	1.958769	*	*
mol2613	1.704502	1.544933	*	2.591537	*	*
mol2614	1.052194	1.321795	*	1.303952	*	*
mol2615	1.539177	-0.17433	*	3.348896	*	*
mol2616	0.675687	0.812561	*	1.519566	*	*
mol2617	0.675687	-0.371495	*	1.02792	*	*
mol2618	0.675687	-0.012197	*	1.871018	*	*
mol2619	2.374878	-0.252563	*	2.745396	*	*
mol2620	0.675687	-0.178606	*	1.02792	*	*
mol2621	0.675687	0.210627	*	1.499824	*	*
mol2622	0.675687	-0.104748	*	2.046085	*	*
mol2623	2.144643	0.689099	*	3.281688	*	*
mol2624	0.675687	0.950095	*	2.643494	*	*
mol2625	1.761432	-0.113887	*	3.248239	*	*
mol2626	2.266418	-0.249664	*	2.691289	*	*
mol2627	2.081203	-0.333996	*	3.339392	*	*
mol2628	1.71163	1.298931	*	2.789264	*	*
mol2629	0.675687	0.465281	*	1.48521	*	*
mol2630	0.675687	1.360741	*	1.58372	*	*
mol2631	1.018742	-0.090682	*	2.419673	*	*
mol2632	1.098298	0.241565	*	2.055611	*	*
mol2633	0.675687	-0.182735	*	1.987407	*	*
mol2634	1.100612	0.144048	*	3.069237	*	*
mol2635	0.675687	1.132519	*	1.885339	*	*
mol2636	0.954628	1.460472	*	1.413166	*	*
mol2637	1.025961	0.117135	*	1.78456	*	*
mol2638	0.675687	0.045763	*	1.02792	*	*
mol2639	0.675687	1.380964	*	1.032256	*	*
mol2640	1.26503	2.033209	*	1.960571	*	*
mol2641	2.311514	1.429111	*	2.937915	*	*
mol2642	1.909775	-0.269703	*	2.896365	*	*
mol2643	2.053305	0.010456	*	3.450776	*	*
mol2644	1.76195	-0.142131	*	2.519097	*	*
mol2645	0.675687	0.39542	*	2.297382	*	*
mol2646	1.505909	0.42372	*	2.578474	*	*
mol2647	0.941809	0.543494	*	2.644858	*	*
mol2648	0.675687	1.363985	*	1.219349	*	*
mol2649	0.675687	1.177259	*	1.437846	*	*
mol2650	1.585991	0.351123	*	3.205708	*	*
mol2651	1.203577	1.227586	*	2.48827	*	*
mol2652	1.270795	1.550075	*	2.013242	*	*
mol2653	1.803341	2.052162	*	2.916353	*	*
mol2654	1.098159	0.576796	*	2.150124	*	*
mol2655	2.006449	1.096035	*	3.102586	*	*
mol2656	2.5123	-0.052584	*	3.149474	*	*
mol2657	0.675687	1.162001	*	1.535712	*	*
mol2658	0.675687	-0.147984	*	1.412192	*	*
mol2659	1.752632	1.90095	*	2.255494	*	*
mol2660	1.411889	-0.167351	*	2.851885	*	*
mol2661	0.675687	0.380397	*	1.47372	*	*
mol2662	0.675687	1.494803	*	1.02792	*	*
mol2663	2.708154	0.162661	*	3.002522	*	*
mol2664	0.675687	0.23827	*	2.04768	*	*
mol2665	0.935255	-0.060692	*	2.30063	*	*
mol2666	1.237946	0.450567	*	2.219734	*	*
mol2667	0.882069	0.956787	*	1.481457	*	*
mol2668	1.906664	1.060474	*	2.468468	*	*
mol2669	1.938094	-0.279506	*	3.334054	*	*
mol2670	2.892047	-0.32421	*	3.310942	*	*
mol2671	2.27069	-0.464796	*	2.376327	*	*
mol2672	1.269723	-0.135765	*	2.799211	*	*
mol2673	1.782716	0.000954	*	3.350642	*	*
mol2674	1.250225	-0.17101	*	2.710965	*	*
mol2675	2.219134	-0.157723	*	3.360073	*	*
mol2676	0.675687	1.136493	*	2.211572	*	*
mol2677	0.675687	1.347493	*	1.206745	*	*
mol2678	1.569444	-0.326625	*	2.752366	*	*
mol2679	2.557246	0.860606	*	3.244757	*	*
mol2680	1.974397	-0.439979	*	3.20397	*	*
mol2681	0.675687	0.157975	*	1.301724	*	*
mol2682	1.034989	0.80327	*	2.599288	*	*
mol2683	1.604539	*	*	2.517313	*	*
mol2684	2.75467	*	*	3.325416	*	*
mol2685	1.716137	*	*	2.392191	*	*
mol2686	2.102111	*	*	3.487681	*	*
mol2687	1.031812	*	*	1.90761	*	*
mol2688	1.878664	*	*	1.949397	*	*
mol2689	0.799341	*	*	1.152288	*	*
mol2690	0.675687	*	*	1.02792	*	*
mol2691	1.789355	*	*	3.038994	*	*
mol2692	0.675687	*	*	1.969178	*	*
mol2693	1.826204	*	*	2.285722	*	*
mol2694	2.878486	*	*	3.370785	*	*
mol2695	2.212595	*	*	3.293024	*	*
mol2696	0.933639	*	*	1.887257	*	*
mol2697	2.309965	*	*	2.671385	*	*
mol2698	0.675687	*	*	1.954542	*	*
mol2699	0.881385	*	*	1.165563	-0.356547323514	-0.537602002101
mol2700	0.675687	*	*	1.455773	*	*
mol2701	0.939444	*	*	1.958777	1.65166560392	*
mol2702	2.293431	*	*	3.393341	*	*
mol2703	2.62393	*	*	3.810497	*	*
mol2704	1.503137	*	*	2.217616	*	*
mol2705	0.675687	*	*	1.437418	*	*
mol2706	2.560712	*	*	3.377412	*	*
mol2707	1.088101	*	*	2.480026	*	*
mol2708	1.060018	*	*	2.07261	*	*
mol2709	0.880356	*	*	1.402313	*	*
mol2710	2.512695	*	*	3.423962	*	*
mol2711	1.13405	*	*	2.268597	*	*
mol2712	1.624777	*	*	3.733403	*	*
mol2713	2.321213	*	*	2.900126	*	*
mol2714	0.675687	*	*	2.650205	*	*
mol2715	0.910571	*	*	2.190015	*	*
mol2716	2.02104	*	*	3.240542	*	*
mol2717	1.798056	*	*	2.814836	*	*
mol2718	1.944833	*	*	2.780832	*	*
mol2719	1.880425	*	*	2.781179	*	*
mol2720	2.196237	*	*	2.857942	*	*
mol2721	1.230244	*	*	2.383677	*	*
mol2722	1.726572	*	*	2.571881	*	*
mol2723	1.266608	*	*	2.137538	*	*
mol2724	2.207244	*	*	2.646508	*	*
mol2725	0.675687	*	*	2.2843	*	*
mol2726	1.96254	*	*	2.769927	*	*
mol2727	2.087261	*	*	2.733013	*	*
mol2728	1.558613	*	*	2.808135	*	*
mol2729	0.808346	*	*	2.017751	*	*
mol2730	1.54711	*	*	2.84358	*	*
mol2731	0.675687	*	*	1.02792	*	*
mol2732	0.945764	*	*	2.022606	*	*
mol2733	2.136248	*	*	2.754764	*	*
mol2734	0.675687	*	*	2.280706	*	*
mol2735	0.675687	*	*	2.593793	*	*
mol2736	1.045636	*	*	2.688189	*	*
mol2737	1.829522	*	*	2.751772	*	*
mol2738	1.41707	*	*	1.692	*	*
mol2739	2.081607	*	*	3.753651	*	*
mol2740	2.426973	*	*	2.709458	*	*
mol2741	2.345464	*	*	3.552022	*	*
mol2742	0.675687	*	*	2.389173	*	*
mol2743	1.619886	*	*	2.215212	*	*
mol2744	0.675687	*	*	1.641464	*	*
mol2745	1.232335	*	*	2.417443	*	*
mol2746	1.609829	*	*	2.4255	*	*
mol2747	0.675687	*	*	1.02792	*	*
mol2748	0.896416	*	*	2.753398	*	*
mol2749	1.300704	*	*	2.15604	*	*
mol2750	1.542162	*	*	2.363551	*	*
mol2751	1.742921	*	*	2.776868	*	*
mol2752	1.897385	*	*	3.313591	*	*
mol2753	0.675687	*	*	2.790512	*	*
mol2754	0.675687	*	*	1.811964	*	*
mol2755	0.675687	*	*	1.02792	*	*
mol2756	0.675687	*	*	1.212986	*	*
mol2757	1.328909	*	*	2.274343	*	*
mol2758	2.246993	*	*	3.247574	*	*
mol2759	0.675687	*	*	1.890857	*	*
mol2760	1.176612	*	*	2.661308	*	*
mol2761	1.063146	*	*	2.211553	*	*
mol2762	0.675687	*	*	1.310481	*	*
mol2763	1.370143	*	*	2.401516	*	*
mol2764	0.675687	*	*	2.647138	*	*
mol2765	1.539741	*	*	2.686077	*	*
mol2766	1.362822	*	*	2.255309	*	*
mol2767	0.675687	*	*	1.02792	*	*
mol2768	1.312706	*	*	2.617562	*	*
mol2769	0.675687	*	*	2.377925	*	*
mol2770	1.125871	*	*	1.541567	*	*
mol2771	0.675687	*	*	1.829021	*	*
mol2772	1.008089	*	*	1.381494	*	*
mol2773	0.675687	*	*	1.02792	*	*
mol2774	1.257415	*	*	1.728118	*	*
mol2775	0.675687	*	*	1.73012	*	*
mol2776	0.675687	*	*	1.02792	*	*
mol2777	0.675687	*	*	1.02792	*	*
mol2778	2.289894	*	*	3.56664	*	*
mol2779	2.515026	*	*	3.139085	*	*
mol2780	0.675687	*	*	1.02792	*	*
mol2781	1.396234	*	*	2.357719	*	*
mol2782	3.372714	*	*	3.495299	*	*
mol2783	0.675687	*	*	1.02792	*	*
mol2784	1.468244	*	*	2.677144	*	*
mol2785	0.675687	*	*	1.990796	*	*
mol2786	2.753451	*	*	3.576211	*	*
mol2787	1.838364	*	*	2.084237	*	*
mol2788	1.876241	*	*	2.649213	*	*
mol2789	1.257847	*	*	2.595795	*	*
mol2790	0.675687	*	*	1.02792	*	*
mol2791	0.98583	*	*	2.721569	*	*
mol2792	1.952101	*	*	3.013715	*	*
mol2793	1.00086	*	*	2.485189	*	*
mol2794	0.778006	*	*	1.147707	*	*
mol2795	1.030923	*	*	1.717679	*	*
mol2796	0.675687	*	*	1.939814	*	*
mol2797	2.288038	*	*	2.781371	*	*
mol2798	2.993984	*	*	2.264648	*	*
mol2799	2.773559	*	*	3.136159	*	*
mol2800	2.597599	*	*	3.969622	*	*
mol2801	0.675687	*	*	1.96708	*	*
mol2802	1.634699	*	*	3.409779	*	*
mol2803	0.675687	*	*	1.02792	*	*
mol2804	1.902949	*	*	2.879027	*	*
mol2805	1.223158	*	*	2.184282	*	*
mol2806	1.577377	*	*	2.526856	*	*
mol2807	0.870345	*	*	2.859733	*	*
mol2808	0.675687	*	*	1.880391	*	*
mol2809	1.113308	*	*	1.557002	*	*
mol2810	1.502482	*	*	2.378981	*	*
mol2811	1.069853	*	*	1.44295	*	*
mol2812	1.946108	*	*	1.813488	*	*
mol2813	0.754883	*	*	1.689105	*	*
mol2814	0.801404	*	*	1.152288	1.90466145792	1.89856064494
mol2815	0.801404	*	*	1.152288	*	*
mol2816	1.37747	*	*	2.521984	*	*
mol2817	3.015503	*	*	3.324075	*	*
mol2818	1.269746	*	*	2.170892	*	*
mol2819	1.539402	*	*	3.035038	*	*
mol2820	0.914819	*	*	2.166617	*	*
mol2821	2.040104	*	*	3.016728	*	*
mol2822	2.192696	*	*	2.580827	*	*
mol2823	0.675687	*	*	1.545505	*	*
mol2824	0.675687	*	*	1.404765	*	*
mol2825	0.675687	*	*	1.02792	*	*
mol2826	0.675687	*	*	1.680598	*	*
mol2827	1.827772	*	*	1.960476	*	*
mol2828	2.550985	*	*	2.745975	*	*
mol2829	0.675687	*	*	1.02792	*	*
mol2830	1.817671	*	*	2.820221	*	*
mol2831	2.688916	*	*	3.005443	*	*
mol2832	1.912966	*	*	2.37665	*	*
mol2833	2.784436	*	*	3.369321	*	*
mol2834	0.675687	*	*	3.268167	*	*
mol2835	2.362199	*	*	3.172209	*	*
mol2836	1.914642	*	*	2.335342	*	*
mol2837	1.732547	*	*	3.251685	*	*
mol2838	1.941079	*	*	2.848312	*	*
mol2839	2.507165	*	*	3.138438	-1.04575749056	*
mol2840	0.675687	*	*	1.02792	*	*
mol2841	1.445993	*	*	2.296487	*	*
mol2842	2.185987	*	*	2.912122	*	*
mol2843	1.62182	*	*	1.02792	*	*
mol2844	1.989606	*	*	2.390097	*	*
mol2845	1.782028	*	*	2.250007	*	*
mol2846	0.880814	*	*	1.230449	*	*
mol2847	1.286748	*	*	2.363988	*	*
mol2848	0.675687	*	*	1.02792	*	*
mol2849	0.927195	*	*	1.862784	*	*
mol2850	0.675687	*	*	2.302272	*	*
mol2851	1.646266	*	*	2.387852	*	*
mol2852	0.675687	*	*	1.02792	*	*
mol2853	0.807467	*	*	1.191283	*	*
mol2854	0.675687	*	*	1.424408	*	*
mol2855	1.556953	*	*	2.986764	*	*
mol2856	0.675687	*	*	1.02792	*	*
mol2857	2.113148	*	*	3.281588	*	*
mol2858	0.675687	*	*	1.283256	*	*
mol2859	1.103975	*	*	2.283733	*	*
mol2860	1.588832	*	*	2.544741	*	*
mol2861	0.675687	*	*	1.02792	*	*
mol2862	0.943791	*	*	2.017668	*	*
mol2863	1.466764	*	*	2.3784	*	*
mol2864	2.178292	*	*	3.447534	*	*
mol2865	2.320242	*	*	3.038644	*	*
mol2866	2.088742	*	*	3.18822	*	*
mol2867	1.843152	*	*	2.933127	*	*
mol2868	2.539562	*	*	3.449672	*	*
mol2869	2.635023	*	*	3.160701	*	*
mol2870	2.405773	*	*	3.246698	*	*
mol2871	1.745192	*	*	2.591743	*	*
mol2872	0.675687	*	*	1.02792	*	*
mol2873	0.884625	*	*	1.918308	*	*
mol2874	1.163936	*	*	2.570413	*	*
mol2875	1.181872	*	*	1.695858	*	*
mol2876	1.146159	*	*	1.758465	*	*
mol2877	1.017826	*	*	1.104043	*	*
mol2878	1.313403	*	*	2.275954	*	*
mol2879	1.170057	*	*	1.701272	*	*
mol2880	1.16792	*	*	1.232996	*	*
mol2881	0.675687	*	*	1.247703	*	*
mol2882	1.67303	*	*	2.198013	*	*
mol2883	0.881385	*	*	1.232996	*	*
mol2884	1.299834	*	*	2.26945	*	*
mol2885	1.545255	*	*	2.581842	*	*
mol2886	2.296645	*	*	3.140665	*	*
mol2887	0.675687	*	*	1.02792	*	*
mol2888	0.675687	*	*	1.02792	*	*
mol2889	1.325167	*	*	2.996753	*	*
mol2890	2.084755	*	*	3.417479	*	*
mol2891	1.597882	*	*	2.600982	*	*
mol2892	0.675687	*	*	1.02792	*	*
mol2893	0.675687	*	*	1.02792	*	*
mol2894	2.319774	*	*	2.292398	*	*
mol2895	2.26949	*	*	3.382982	*	*
mol2896	2.387152	*	*	3.353752	*	*
mol2897	2.744455	*	*	2.959168	*	*
mol2898	1.415357	*	*	2.673482	*	*
mol2899	2.270933	*	*	2.980429	*	*
mol2900	1.006894	*	*	2.116352	*	*
mol2901	1.112404	*	*	2.27385	*	*
mol2902	1.045127	*	*	1.721967	*	*
mol2903	1.043244	*	*	2.484717	*	*
mol2904	1.136816	*	*	2.323165	*	*
mol2905	0.924176	*	*	2.510218	*	*
mol2906	0.675687	*	*	2.403157	*	*
mol2907	1.20069	*	*	1.668088	*	*
mol2908	0.675687	*	*	1.940247	*	*
mol2909	2.339253	*	*	3.447841	*	*
mol2910	1.896846	*	*	2.651077	*	*
mol2911	2.275092	*	*	2.229206	*	*
mol2912	0.675687	*	*	1.02792	*	*
mol2913	0.675687	*	*	1.584365	*	*
mol2914	0.675687	*	*	1.241746	*	*
mol2915	0.675687	*	*	1.02792	*	*
mol2916	1.087994	*	*	1.988902	*	*
mol2917	0.675687	*	*	1.415457	*	*
mol2918	1.488353	*	*	2.220702	*	*
mol2919	1.080626	*	*	2.333197	*	*
mol2920	1.40973	*	*	2.361488	*	*
mol2921	1.111565	*	*	1.43908	*	*
mol2922	1.341988	*	*	2.551349	*	*
mol2923	2.350096	*	*	3.070245	*	*
mol2924	1.137924	*	*	2.430659	*	*
mol2925	1.569362	*	*	1.942628	*	*
mol2926	0.675687	*	*	2.476375	*	*
mol2927	1.157033	*	*	2.485054	*	*
mol2928	1.604334	*	*	2.604095	*	*
mol2929	0.675687	*	*	1.02792	*	*
mol2930	1.220918	*	*	2.238031	*	*
mol2931	1.725971	*	*	2.583587	*	*
mol2932	0.881385	*	*	1.242429	*	*
mol2933	1.709075	*	*	2.768789	*	*
mol2934	0.675687	*	*	1.155397	*	*
mol2935	0.675687	*	*	1.02792	*	*
mol2936	1.521674	*	*	2.480241	*	*
mol2937	0.675687	*	*	1.02792	*	*
mol2938	1.373574	*	*	1.991833	*	*
mol2939	2.354564	*	*	3.364486	*	*
mol2940	2.104938	*	*	1.940925	*	*
mol2941	1.55375	*	*	2.788388	*	*
mol2942	1.35357	*	*	2.786235	*	*
mol2943	0.881385	*	*	1.232996	*	*
mol2944	1.456685	*	*	2.444212	*	*
mol2945	0.865222	*	*	2.697341	*	*
mol2946	0.880814	*	*	1.230449	*	*
mol2947	1.592166	*	*	2.482729	*	*
mol2948	0.816639	*	*	1.863686	*	*
mol2949	2.648073	*	*	3.969622	*	*
mol2950	1.854978	*	*	2.638016	*	*
mol2951	1.825101	*	*	3.375901	*	*
mol2952	0.675687	*	*	1.02792	*	*
mol2953	0.675687	*	*	1.02792	*	*
mol2954	0.978819	*	*	1.814447	*	*
mol2955	1.411384	*	*	2.775981	*	*
mol2956	2.114844	*	*	1.888404	*	*
mol2957	2.507338	*	*	2.877154	*	*
mol2958	0.675687	*	*	1.02792	*	*
mol2959	1.132164	*	*	3.285473	*	*
mol2960	1.109275	*	*	1.949922	*	*
mol2961	1.222092	*	*	1.798761	*	*
mol2962	0.675687	*	*	1.02792	*	*
mol2963	1.532398	*	*	2.320665	*	1.31069331234
mol2964	0.702517	*	*	1.6312	*	*
mol2965	0.675687	*	*	1.02792	*	*
mol2966	0.675687	*	*	2.263376	*	*
mol2967	1.678336	*	*	3.117681	*	*
mol2968	0.675687	*	*	1.02792	*	*
mol2969	0.675687	*	*	1.752087	*	*
mol2970	1.006894	*	*	2.722797	*	*
mol2971	1.132324	*	*	2.38051	*	*
mol2972	2.296781	*	*	3.629711	*	*
mol2973	2.356364	*	*	2.51467	*	*
mol2974	1.673666	*	*	3.062005	*	*
mol2975	0.675687	*	*	1.567379	*	*
mol2976	2.641866	*	*	2.067584	*	*
mol2977	0.675687	*	*	2.695384	*	*
mol2978	2.136016	*	*	3.618827	*	*
mol2979	2.308321	*	*	3.186112	*	*
mol2980	2.248341	*	*	2.326528	*	*
mol2981	1.882957	*	*	3.002343	*	*
mol2982	1.500785	*	*	2.8606	*	*
mol2983	2.241609	*	*	3.14481	*	*
mol2984	2.08981	*	*	3.414878	*	*
mol2985	0.675687	*	*	2.661794	*	*
mol2986	1.764872	*	*	2.159945	*	*
mol2987	1.958443	*	*	2.561771	0.592176757396	*
mol2988	0.675687	*	*	1.582257	*	*
mol2989	1.78476	*	*	2.571648	*	*
mol2990	0.675687	*	*	1.863905	*	*
mol2991	0.675687	*	*	1.635665	*	*
mol2992	1.770381	*	*	2.096068	*	*
mol2993	2.08743	*	*	3.203646	*	*
mol2994	2.192057	*	*	3.095622	*	*
mol2995	0.675687	*	*	1.02792	*	*
mol2996	0.675687	*	*	1.629083	*	*
mol2997	0.675687	*	*	1.02792	*	*
mol2998	1.926255	*	*	2.810903	*	*
mol2999	0.675687	*	*	2.533639	*	*
mol3000	1.67385	*	*	2.836997	*	*
mol3001	0.881385	*	*	1.346613	*	*
mol3002	1.474245	*	*	2.566113	*	*
mol3003	0.675687	*	*	1.02792	*	*
mol3004	1.426625	*	*	2.053754	*	*
mol3005	0.675687	*	*	1.02792	*	*
mol3006	1.056829	*	*	2.368668	*	*
mol3007	1.836033	*	*	3.010514	*	*
mol3008	2.429332	*	*	3.73624	*	*
mol3009	0.675687	*	*	2.229894	*	*
mol3010	2.122407	*	*	2.084996	*	*
mol3011	0.869173	*	*	1.50496	*	*
mol3012	0.675687	*	*	1.02792	*	*
mol3013	0.675687	*	*	2.23568	*	*
mol3014	1.461694	*	*	2.237996	*	*
mol3015	0.824451	*	*	2.598864	*	*
mol3016	2.318166	*	*	2.84916	*	*
mol3017	2.344101	*	*	3.354012	*	*
mol3018	0.675687	*	*	1.02792	*	*
mol3019	2.136644	*	*	3.276577	*	*
mol3020	0.675687	*	*	1.712464	*	*
mol3021	1.874789	*	*	2.771894	*	*
mol3022	1.968226	*	*	3.094119	*	*
mol3023	0.675687	*	*	1.309012	*	*
mol3024	0.675687	*	*	2.162014	*	*
mol3025	0.675687	*	*	2.403695	*	*
mol3026	1.04669	*	*	2.379923	*	*
mol3027	1.598758	*	*	1.980276	*	*
mol3028	1.93848	*	*	2.528251	*	*
mol3029	0.675687	*	*	2.680769	*	*
mol3030	1.96134	*	*	2.6196	*	*
mol3031	0.675687	*	*	1.337539	*	*
mol3032	2.408026	*	*	2.307496	*	*
mol3033	0.675687	*	*	1.803805	*	*
mol3034	1.494224	*	*	2.862804	*	*
mol3035	0.675687	*	*	2.011097	*	*
mol3036	2.211774	*	*	2.446835	*	*
mol3037	1.632771	*	*	2.524105	*	*
mol3038	1.548144	*	*	1.965122	*	*
mol3039	0.691789	*	*	1.695508	*	*
mol3040	2.11231	*	*	3.709122	*	*
mol3041	0.675687	*	*	1.788861	*	*
mol3042	0.784332	*	*	1.587172	*	*
mol3043	1.41704	*	*	1.746518	*	*
mol3044	0.675687	*	*	1.02792	*	*
mol3045	1.778231	*	*	3.265196	*	*
mol3046	2.111622	*	*	3.530842	*	*
mol3047	1.654898	*	*	2.217476	*	*
mol3048	0.675687	0.41034	1.820201	*	-0.0268721464003	-0.251811972994
mol3049	2.227421	1.701656	1.642465	*	-0.218963061379	-0.137272471682
mol3050	1.413853	-0.621686	*	*	1.84269658891	1.92695434999
mol3051	2.115534	-0.037447	*	*	-0.548213564476	-0.275724130399
mol3052	1.206637	*	*	*	2.0	1.70808081047
mol3053	0.675687	*	*	*	1.69183267573	1.84255307721
mol3054	1.323479	*	*	*	0.582744965691	0.772248339972
mol3055	0.675687	-0.187045	*	*	0.161068385471	-0.0861861476163
mol3056	0.675687	0.806858	1.117271	*	*	*
mol3057	1.243237	1.104334	1.556423	*	0.985246790803	*
mol3058	2.602153	-0.183711	*	*	-0.040481623027	*
mol3059	0.675687	-0.078221	*	*	1.88572863152	*
mol3060	0.675687	1.342234	*	*	1.71820264518	*
mol3061	0.675687	0.283495	*	*	1.87495702021	*
mol3062	0.675687	0.699593	*	*	1.79298668546	*
mol3063	1.158815	-0.314483	*	*	-0.906578314838	*
mol3064	2.408388	0.323794	*	*	0.0759117614828	*
mol3065	1.661292	-0.156153	*	*	0.779018971915	*
mol3066	1.247556	0.05507	*	*	1.98199971413	*
mol3067	0.675687	0.009185	*	*	1.82871788451	*
mol3068	0.675687	0.830097	*	*	1.71701273955	*
mol3069	1.104863	-0.117166	*	*	2.0	*
mol3070	0.929827	0.952109	*	*	1.70970234368	*
mol3071	0.675687	0.424406	*	*	1.91739521521	*
mol3072	0.675687	0.175579	*	*	1.75281643119	*
mol3073	0.675687	0.359674	*	*	2.0	*
mol3074	0.675687	-0.122836	*	*	1.86649409676	*
mol3075	1.328706	-0.181247	*	*	1.49362532323	*
mol3076	0.888011	0.958561	*	*	1.76752689941	*
mol3077	0.675687	0.915581	*	*	1.72801270666	*
mol3078	0.675687	0.865154	*	*	0.986009931853	*
mol3079	0.675687	0.122746	*	*	1.76311339053	*
mol3080	0.675687	0.119241	*	*	1.83350409425	*
mol3081	1.65965	-0.270105	*	*	-1.09691001301	*
mol3082	0.675687	0.54561	*	*	*	*
mol3083	0.863799	*	*	*	*	*
mol3084	0.881385	*	*	*	*	*
mol3085	1.507059	*	*	*	*	*
mol3086	*	1.035733	1.538197	2.607478	0.725911632295	1.23754373814
mol3087	*	-0.138985	1.753966	3.528063	*	*
mol3088	*	-0.080195	1.428944	3.477424	*	*
mol3089	*	-0.147319	*	3.676818	*	*
mol3090	*	1.560195	*	*	0.602059991328	1.37188024909
mol3091	*	1.714821	*	*	1.57518784493	1.6585074498
mol3092	*	-0.500334	-0.154902	*	-0.199970640756	0.382197210377
mol3093	*	-0.128153	*	*	*	1.5405296797
mol3094	*	-0.364638	-1.0	*	*	*
mol3095	*	-0.468793	*	*	0.210050849875	0.180412632838
mol3096	*	0.097433	*	*	*	*
mol3097	*	1.55072	*	*	*	*
mol3098	*	1.228274	*	*	-0.0619809025238	-0.0990869322623
mol3099	*	-0.243245	-0.045757	*	*	*
mol3100	*	0.739635	-0.69897	*	1.17897694729	0.0569048513365
mol3101	*	-0.06659	*	*	*	*
mol3102	*	0.741992	-0.455932	*	-1.59345981957	*
mol3103	*	-0.27917	-0.744727	*	*	*
mol3104	*	-0.166076	-0.585027	*	*	*
mol3105	*	-0.241303	-0.481486	*	*	*
mol3106	*	-0.313309	-0.070581	*	*	*
mol3107	*	-0.304147	-0.346787	*	*	*
mol3108	*	0.629593	-0.070581	*	*	*
mol3109	*	0.228853	-0.045757	*	*	*
mol3110	*	-0.295145	-0.721246	*	*	*
mol3111	*	-0.366543	-0.455932	*	*	*
mol3112	*	0.783858	-0.657577	*	*	*
mol3113	*	1.165393	1.585912	*	*	*
mol3114	*	-0.627138	-0.60206	*	*	*
mol3115	*	0.242421	-0.69897	*	*	*
mol3116	*	-0.346756	-0.657577	*	*	*
mol3117	*	-0.088232	-0.39794	*	*	*
mol3118	*	0.006711	-0.677781	*	*	*
mol3119	*	0.068462	-0.769551	*	*	*
mol3120	*	0.206569	-0.013228	*	*	*
mol3121	*	-0.1326	-0.267606	*	*	*
mol3122	*	-0.44641	-1.0	*	*	*
mol3123	*	0.187544	-0.387216	*	*	*
mol3124	*	0.072232	-0.346787	*	*	*
mol3125	*	-0.307826	-0.657577	*	*	*
mol3126	*	-0.320893	-0.522879	*	*	*
mol3127	*	0.425703	-0.60206	*	*	*
mol3128	*	-0.930131	-0.356547	*	*	*
mol3129	*	-0.342298	-0.39794	*	*	*
mol3130	*	-0.13189	-0.113509	*	*	*
mol3131	*	0.688884	-0.552842	*	*	*
mol3132	*	0.90338	-0.522879	*	0.0453229787867	*
mol3133	*	-0.013336	-0.30103	*	*	*
mol3134	*	0.266681	-0.148742	*	*	*
mol3135	*	0.51533	-0.187087	*	*	*
mol3136	*	-0.065626	-0.455932	*	*	*
mol3137	*	0.121761	-0.055517	*	*	*
mol3138	*	1.382881	1.250908	*	*	*
mol3139	*	-0.137266	-0.180456	*	*	*
mol3140	*	0.332005	-0.69897	*	*	*
mol3141	*	-0.048677	-0.065502	*	*	*
mol3142	*	1.583106	-0.045757	*	0.801403710017	*
mol3143	*	-0.484024	-0.09691	*	*	*
mol3144	*	0.470924	-0.60206	*	*	*
mol3145	*	-0.333575	-0.823909	*	*	*
mol3146	*	-0.482938	-0.283997	*	*	*
mol3147	*	-0.429086	-0.21467	*	*	*
mol3148	*	1.350277	0.762679	*	*	*
mol3149	*	-0.32598	-0.552842	*	*	*
mol3150	*	0.330815	1.676511	*	*	*
mol3151	*	-0.235791	-0.017729	*	*	*
mol3152	*	0.629741	-0.09691	*	*	*
mol3153	*	-0.306403	-0.585027	*	*	*
mol3154	*	-0.010646	1.623042	*	*	*
mol3155	*	-0.140891	-0.376751	*	*	*
mol3156	*	1.75093	-0.481486	*	*	*
mol3157	*	1.914123	-0.744727	*	*	*
mol3158	*	-0.338148	-0.721246	*	*	*
mol3159	*	-0.043988	-0.60206	*	*	*
mol3160	*	-0.124586	1.495544	*	*	*
mol3161	*	-0.223097	-0.119186	*	*	*
mol3162	*	-0.341226	-0.161151	*	*	*
mol3163	*	1.299195	-0.677781	*	*	*
mol3164	*	0.484073	-0.537602	*	*	*
mol3165	*	-0.351261	-0.69897	*	*	*
mol3166	*	0.35381	-0.091515	*	*	*
mol3167	*	-0.530544	-0.677781	*	*	*
mol3168	*	-0.716631	-0.154902	*	*	*
mol3169	*	-0.137058	-0.721246	*	*	*
mol3170	*	1.702946	-0.522879	*	*	*
mol3171	*	0.53578	-0.455932	*	*	*
mol3172	*	1.202765	-0.387216	*	*	*
mol3173	*	-0.123628	1.554489	*	*	*
mol3174	*	0.224527	-0.356547	*	*	*
mol3175	*	0.175056	-0.721246	*	*	*
mol3176	*	-0.406081	-0.259637	*	*	*
mol3177	*	0.885943	-0.920819	*	*	*
mol3178	*	-0.061383	-0.69897	*	*	*
mol3179	*	-0.09703	1.764699	*	0.7168377233	0.810904280669
mol3180	*	-0.271234	-0.69897	*	*	*
mol3181	*	-0.087873	0.322219	*	*	*
mol3182	*	-0.181537	-0.167491	*	*	*
mol3183	*	-0.191918	-0.30103	*	*	*
mol3184	*	1.337601	-0.040959	*	*	*
mol3185	*	-0.284735	-0.619789	*	*	*
mol3186	*	-0.411316	-0.853872	*	*	*
mol3187	*	-0.30846	-0.148742	*	*	*
mol3188	*	-0.516295	-0.920819	*	*	*
mol3189	*	-0.690711	-0.031517	*	*	*
mol3190	*	-0.192678	-0.568636	*	*	*
mol3191	*	-0.12344	-0.017729	*	*	*
mol3192	*	1.106746	-0.721246	*	*	*
mol3193	*	-0.006231	-0.585027	*	*	*
mol3194	*	-0.013536	-0.420216	*	*	*
mol3195	*	-0.318659	-0.823909	*	*	*
mol3196	*	-0.355046	-0.154902	*	*	*
mol3197	*	-0.285015	-0.045757	*	*	*
mol3198	*	-1.034437	-0.853872	*	*	*
mol3199	*	-0.15684	0.0	*	*	*
mol3200	*	0.101841	-0.568636	*	*	*
mol3201	*	1.182515	-0.522879	*	*	*
mol3202	*	-0.358926	-0.455932	*	*	*
mol3203	*	1.542977	-0.769551	*	*	*
mol3204	*	0.589221	-0.522879	*	*	*
mol3205	*	1.30076	1.905256	*	*	*
mol3206	*	-0.06892	-0.356547	*	*	*
mol3207	*	0.876292	-0.39794	*	*	*
mol3208	*	1.39459	-0.853872	*	*	*
mol3209	*	-0.07917	-0.79588	*	*	*
mol3210	*	-0.287353	-0.187087	*	*	*
mol3211	*	-0.102936	-0.585027	*	*	*
mol3212	*	-0.128858	-0.69897	*	*	*
mol3213	*	-0.204819	-1.0	*	*	*
mol3214	*	1.310814	1.193125	*	*	*
mol3215	*	0.806111	-0.431798	*	*	*
mol3216	*	-0.142431	-0.522879	*	*	*
mol3217	*	-0.167038	1.502427	*	*	*
mol3218	*	-0.866757	-0.537602	*	*	*
mol3219	*	1.618257	-0.69897	*	*	*
mol3220	*	-0.522136	-0.207608	*	*	*
mol3221	*	-0.350151	-0.431798	*	*	*
mol3222	*	-0.033308	-0.408935	*	*	*
mol3223	*	-0.157922	-0.431798	*	*	*
mol3224	*	-0.186995	-0.455932	*	*	*
mol3225	*	-0.299636	-0.161151	*	*	*
mol3226	*	-0.195766	-0.721246	*	*	*
mol3227	*	-0.338498	-0.657577	*	*	*
mol3228	*	1.270983	-0.09691	*	*	*
mol3229	*	-0.171569	1.689753	*	*	*
mol3230	*	-0.590332	-0.537602	*	*	*
mol3231	*	-0.337785	-0.431798	*	*	*
mol3232	*	-0.325279	-0.744727	*	*	*
mol3233	*	0.218374	-0.552842	*	*	*
mol3234	*	0.183366	-0.420216	*	*	*
mol3235	*	-0.157518	-0.431798	*	*	*
mol3236	*	-0.173561	-0.455932	*	*	*
mol3237	*	-0.313073	-0.853872	*	*	*
mol3238	*	0.342814	-0.346787	*	*	*
mol3239	*	1.340109	-0.522879	*	*	*
mol3240	*	1.2104	-0.69897	*	*	*
mol3241	*	-0.303503	-0.677781	*	*	*
mol3242	*	0.029897	-0.585027	*	*	*
mol3243	*	-0.039758	-0.657577	*	*	*
mol3244	*	1.628258	-0.283997	*	*	*
mol3245	*	-0.037331	-0.119186	*	*	*
mol3246	*	0.486973	-0.823909	*	*	*
mol3247	*	-0.140626	-0.508638	*	*	*
mol3248	*	1.679481	*	*	*	*
mol3249	*	0.996967	*	*	*	*
mol3250	*	0.379214	*	*	*	*
mol3251	*	0.541674	*	*	*	*
mol3252	*	-0.110809	*	*	*	*
mol3253	*	1.414973	*	*	*	*
mol3254	*	-0.080196	*	*	*	*
mol3255	*	1.997865	*	*	*	*
mol3256	*	1.907324	*	*	*	*
mol3257	*	-0.204265	*	*	*	*
mol3258	*	2.089905	*	*	*	*
mol3259	*	2.033424	*	*	*	*
mol3260	*	-0.132003	*	*	*	*
mol3261	*	2.039605	*	*	0.866877814337	0.735598899698
mol3262	*	0.94939	*	*	*	*
mol3263	*	1.002638	*	*	*	*
mol3264	*	1.582519	*	*	*	*
mol3265	*	2.167317	*	*	0.801403710017	0.447158031342
mol3266	*	0.606813	*	*	*	*
mol3267	*	-0.444495	*	*	*	*
mol3268	*	*	*	2.759221	*	*
mol3269	*	*	1.799341	*	1.00650882778	1.0584639856
mol3270	*	*	1.44248	*	1.88785913277	1.91698530509
mol3271	*	*	-0.022276	*	*	*
mol3272	*	*	1.183839	*	*	*
mol3273	*	*	1.073718	*	*	*
mol3274	*	*	1.496099	*	*	*
mol3275	*	*	0.243038	*	*	*
mol3276	*	*	0.569374	*	*	*
mol3277	*	*	-0.30103	*	*	*
mol3278	*	*	-0.522879	*	*	*
mol3279	*	*	2.154576	*	*	*
mol3280	*	*	2.018076	*	*	*
mol3281	*	*	0.877371	*	*	*
mol3282	*	*	1.81644	*	*	*
mol3283	*	*	1.239049	*	*	*
mol3284	*	*	-0.033858	*	*	*
mol3285	*	*	0.514548	*	*	*
mol3286	*	*	0.565257	*	*	*
mol3287	*	*	1.558709	*	*	*
mol3288	*	*	0.91698	*	*	*
mol3289	*	*	-0.39794	*	*	*
mol3290	*	*	0.923762	*	*	*
mol3291	*	*	1.199481	*	*	*
mol3292	*	*	1.647872	*	*	*
mol3293	*	*	0.813581	*	*	*
mol3294	*	*	1.550228	*	*	*
mol3295	*	*	-0.30103	*	*	*
mol3296	*	*	1.180699	*	*	*
mol3297	*	*	1.758761	*	*	*
mol3298	*	*	-0.30103	*	*	*
mol3299	*	*	1.789581	*	*	*
mol3300	*	*	1.904607	*	*	*
mol3301	*	*	1.575996	*	*	*
mol3302	*	*	0.053078	*	*	*
mol3303	*	*	-0.154902	*	*	*
mol3304	*	*	-0.045757	*	*	*
mol3305	*	*	1.486005	*	*	*
mol3306	*	*	-0.091515	*	*	*
mol3307	*	*	-0.180456	*	*	*
mol3308	*	*	1.405688	*	*	*
mol3309	*	*	1.487138	*	*	*
mol3310	*	*	1.149835	*	*	*
mol3311	*	*	-0.004365	*	*	*
mol3312	*	*	-0.080922	*	*	*
mol3313	*	*	1.763278	*	*	*
mol3314	*	*	-0.537602	*	*	*
mol3315	*	*	1.750354	*	*	*
mol3316	*	*	0.350248	*	*	*
mol3317	*	*	-0.045757	*	*	*
mol3318	*	*	-0.086186	*	*	*
mol3319	*	*	1.519828	*	*	*
mol3320	*	*	1.002166	*	*	*
mol3321	*	*	1.480582	*	*	*
mol3322	*	*	-0.275724	*	*	*
mol3323	*	*	1.337459	*	*	*
mol3324	*	*	-0.721246	*	*	*
mol3325	*	*	-0.102373	*	-1.15490195999	-0.853871964322
mol3326	*	*	1.464788	*	*	*
mol3327	*	*	0.771587	*	*	*
mol3328	*	*	0.929419	*	*	*
mol3329	*	*	-0.744727	*	*	*
mol3330	*	*	-0.39794	*	*	*
mol3331	*	*	-0.481486	*	*	*
mol3332	*	*	0.621176	*	*	*
mol3333	*	*	1.25042	*	*	*
mol3334	*	*	0.369216	*	*	*
mol3335	*	*	0.380211	*	*	*
mol3336	*	*	1.414639	*	*	*
mol3337	*	*	-0.886057	*	1.77166095935	1.72329144648
mol3338	*	*	1.405346	*	*	*
mol3339	*	*	1.45591	*	*	*
mol3340	*	*	0.146128	*	*	*
mol3341	*	*	-0.39794	*	*	*
mol3342	*	*	1.601082	*	*	*
mol3343	*	*	-0.657577	*	*	*
mol3344	*	*	-0.585027	*	*	*
mol3345	*	*	-0.823909	*	*	*
mol3346	*	*	-0.013228	*	*	*
mol3347	*	*	-0.187087	*	*	*
mol3348	*	*	0.509874	*	*	*
mol3349	*	*	-0.136677	*	*	*
mol3350	*	*	1.513351	*	*	*
mol3351	*	*	1.632457	*	*	*
mol3352	*	*	1.43072	*	*	*
mol3353	*	*	0.311754	*	*	*
mol3354	*	*	-0.39794	*	*	*
mol3355	*	*	-0.455932	*	*	*
mol3356	*	*	-0.318759	*	*	*
mol3357	*	*	-0.481486	*	*	*
mol3358	*	*	-0.481486	*	*	*
mol3359	*	*	1.584331	*	*	*
mol3360	*	*	-0.267606	*	*	*
mol3361	*	*	1.824451	*	*	*
mol3362	*	*	0.267172	*	*	*
mol3363	*	*	1.822168	*	*	*
mol3364	*	*	1.567732	*	*	*
mol3365	*	*	1.748963	*	*	*
mol3366	*	*	1.643354	*	*	*
mol3367	*	*	-0.091515	*	*	*
mol3368	*	*	0.0	*	*	*
mol3369	*	*	1.454692	*	*	*
mol3370	*	*	1.628082	*	*	*
mol3371	*	*	-0.154902	*	*	*
mol3372	*	*	1.357172	*	*	*
mol3373	*	*	1.71958	*	*	*
mol3374	*	*	0.332438	*	*	*
mol3375	*	*	-0.522879	*	*	*
mol3376	*	*	-0.508638	*	*	*
mol3377	*	*	1.305996	*	*	*
mol3378	*	*	-0.508638	*	*	*
mol3379	*	*	1.737987	*	*	*
mol3380	*	*	1.513218	*	*	*
mol3381	*	*	0.382017	*	*	*
mol3382	*	*	-0.721246	*	*	*
mol3383	*	*	1.255755	*	*	*
mol3384	*	*	1.60401	*	*	*
mol3385	*	*	0.071882	*	*	*
mol3386	*	*	1.589838	*	*	*
mol3387	*	*	1.535167	*	*	*
mol3388	*	*	1.341237	*	*	*
mol3389	*	*	-0.075721	*	*	*
mol3390	*	*	-0.60206	*	*	*
mol3391	*	*	1.540955	*	*	*
mol3392	*	*	1.843544	*	*	*
mol3393	*	*	1.585686	*	*	*
mol3394	*	*	1.628695	*	*	*
mol3395	*	*	1.528402	*	*	*
mol3396	*	*	1.485863	*	*	*
mol3397	*	*	0.232996	*	*	*
mol3398	*	*	-0.79588	*	*	*
mol3399	*	*	1.558349	*	*	*
mol3400	*	*	1.64875	*	*	*
mol3401	*	*	0.911158	*	*	*
mol3402	*	*	1.493597	*	*	*
mol3403	*	*	1.610873	*	*	*
mol3404	*	*	-0.443697	*	*	*
mol3405	*	*	0.588832	*	*	*
mol3406	*	*	-0.468521	*	*	*
mol3407	*	*	0.278754	*	*	*
mol3408	*	*	-0.107905	*	*	*
mol3409	*	*	1.485011	*	*	*
mol3410	*	*	0.753583	*	*	*
mol3411	*	*	1.438701	*	*	*
mol3412	*	*	1.116276	*	*	*
mol3413	*	*	0.487138	*	*	*
mol3414	*	*	-0.180456	*	*	*
mol3415	*	*	1.689886	*	*	*
mol3416	*	*	-0.769551	*	*	*
mol3417	*	*	0.273001	*	*	*
mol3418	*	*	1.206556	*	*	*
mol3419	*	*	1.501333	*	*	*
mol3420	*	*	1.54295	*	*	*
mol3421	*	*	1.816241	*	*	*
mol3422	*	*	1.64197	*	*	*
mol3423	*	*	1.610873	*	*	*
mol3424	*	*	-0.455932	*	*	*
mol3425	*	*	1.69897	*	*	*
mol3426	*	*	1.207634	*	*	*
mol3427	*	*	1.605089	*	*	*
mol3428	*	*	1.381837	*	*	*
mol3429	*	*	1.383815	*	*	*
mol3430	*	*	-0.39794	*	*	*
mol3431	*	*	-0.853872	*	*	*
mol3432	*	*	1.592288	*	*	*
mol3433	*	*	1.632862	*	*	*
mol3434	*	*	1.773786	*	*	*
mol3435	*	*	-0.568636	*	*	*
mol3436	*	*	-0.39794	*	*	*
mol3437	*	*	1.490239	*	*	*
mol3438	*	*	-0.30103	*	*	*
mol3439	*	*	-1.0	*	*	*
mol3440	*	*	1.476397	*	*	*
mol3441	*	*	1.729165	*	*	*
mol3442	*	*	1.765072	*	*	*
mol3443	*	*	1.495544	*	*	*
mol3444	*	*	0.477121	*	*	*
mol3445	*	*	1.726075	*	*	*
mol3446	*	*	1.752663	*	*	*
mol3447	*	*	1.647481	*	*	*
mol3448	*	*	1.941014	*	*	*
mol3449	*	*	1.233757	*	*	*
mol3450	*	*	1.750354	*	*	*
mol3451	*	*	1.64914	*	*	*
mol3452	*	*	1.841359	*	*	*
mol3453	*	*	1.613313	*	*	*
mol3454	*	*	-0.69897	*	*	*
mol3455	*	*	-0.408935	*	*	*
mol3456	*	*	0.282169	*	*	*
mol3457	*	*	1.728435	*	*	*
mol3458	*	*	-0.366532	*	*	*
mol3459	*	*	-0.823909	*	*	*
mol3460	*	*	-0.167491	*	*	*
mol3461	*	*	1.62634	*	*	*
mol3462	*	*	-0.070581	*	*	*
mol3463	*	*	-0.69897	*	*	*
mol3464	*	*	-0.522879	*	*	*
mol3465	*	*	0.763428	*	*	*
mol3466	*	*	0.217484	*	*	1.10140335056
mol3467	*	*	0.041393	*	*	*
mol3468	*	*	1.57461	*	*	*
mol3469	*	*	1.659821	*	*	*
mol3470	*	*	1.238046	*	*	*
mol3471	*	*	-0.136677	*	*	*
mol3472	*	*	1.203848	*	*	*
mol3473	*	*	0.571126	*	*	*
mol3474	*	*	1.986861	*	*	*
mol3475	*	*	1.062582	*	*	*
mol3476	*	*	1.468347	*	*	*
mol3477	*	*	-0.327902	*	*	*
mol3478	*	*	0.905796	*	*	*
mol3479	*	*	1.363988	*	*	*
mol3480	*	*	1.440279	*	*	*
mol3481	*	*	1.214049	*	*	*
mol3482	*	*	1.476397	*	*	*
mol3483	*	*	1.698188	*	*	*
mol3484	*	*	0.845098	*	*	*
mol3485	*	*	0.939519	*	*	*
mol3486	*	*	1.394452	*	*	*
mol3487	*	*	1.649919	*	*	*
mol3488	*	*	1.429752	*	*	*
mol3489	*	*	1.447158	*	*	*
mol3490	*	*	1.803116	*	*	*
mol3491	*	*	1.507586	*	*	*
mol3492	*	*	-0.522879	*	*	*
mol3493	*	*	-0.346787	*	*	*
mol3494	*	*	-0.259637	*	*	*
mol3495	*	*	-0.004365	*	*	*
mol3496	*	*	0.281033	*	*	*
mol3497	*	*	-0.886057	*	*	*
mol3498	*	*	-0.49485	*	*	*
mol3499	*	*	1.618153	*	*	*
mol3500	*	*	1.041393	*	*	*
mol3501	*	*	-0.327902	*	*	*
mol3502	*	*	-0.677781	*	*	*
mol3503	*	*	-0.21467	*	*	*
mol3504	*	*	1.720449	*	*	*
mol3505	*	*	1.366983	*	*	*
mol3506	*	*	0.600973	*	*	*
mol3507	*	*	1.786751	*	*	*
mol3508	*	*	1.362671	*	*	*
mol3509	*	*	*	*	2.0	2.0
mol3510	*	*	*	*	0.436162647041	0.326540668517
mol3511	*	*	*	*	0.63098691077	1.24459870133
mol3512	*	*	*	*	0.968996326648	0.231979026832
mol3513	*	*	*	*	0.276231957922	0.123198075032
mol3514	*	*	*	*	1.59492266272	1.57460994134
mol3515	*	*	*	*	1.20546150711	1.26422734776
mol3516	*	*	*	*	1.18825332703	0.718335578909
mol3517	*	*	*	*	1.10612287401	1.18084241465
mol3518	*	*	*	*	1.01782603803	1.02469086236
mol3519	*	*	*	*	0.975753389036	0.876910311345
mol3520	*	*	*	*	0.671265432947	0.850278552518
mol3521	*	*	*	*	2.0	1.92310925242
mol3522	*	*	*	*	0.224014811373	0.36040405473
mol3523	*	*	*	*	0.975868181541	*
mol3524	*	*	*	*	-1.2076083105	-1.2924298239
mol3525	*	*	*	*	1.51293774967	1.75460822294
mol3526	*	*	*	*	-0.116906641424	0.232233521115
mol3527	*	*	*	*	0.402433346219	0.31217735644
mol3528	*	*	*	*	1.8193596503	1.8541237821
mol3529	*	*	*	*	1.02011256957	0.210318519826
mol3530	*	*	*	*	-1.11918640772	-0.823908740944
mol3531	*	*	*	*	1.30246080791	0.622421273976
mol3532	*	*	*	*	0.466867620354	*
mol3533	*	*	*	*	1.17055505852	1.25406445291
mol3534	*	*	*	*	0.903632516084	0.54406804435
mol3535	*	*	*	*	0.553883026644	-0.0457574905607
mol3536	*	*	*	*	-0.0457574905607	*
mol3537	*	*	*	*	-0.397940008672	*
mol3538	*	*	*	*	-0.397940008672	*
mol3539	*	*	*	*	-0.769551078622	*
mol3540	*	*	*	*	1.46864266839	1.4255342205
mol3541	*	*	*	*	-0.292429823902	*
mol3542	*	*	*	*	0.838849090737	*
mol3543	*	*	*	*	0.583198773969	*
mol3544	*	*	*	*	-0.45593195565	*
mol3545	*	*	*	*	0.583198773969	*
mol3546	*	*	*	*	0.876217840592	*
mol3547	*	*	*	*	1.67320528178	*
mol3548	*	*	*	*	0.650307523132	*
mol3549	*	*	*	*	1.03059972197	*
mol3550	*	*	*	*	0.00432137378264	0.949390006645
mol3551	*	*	*	*	-0.00436480540245	*
mol3552	*	*	*	*	0.885361220032	*
mol3553	*	*	*	*	0.698100545623	*
mol3554	*	*	*	*	0.495544337546	*
mol3555	*	*	*	*	1.04844180355	*
mol3556	*	*	*	*	0.985875357308	*
mol3557	*	*	*	*	0.885361220032	1.03941411918
mol3558	*	*	*	*	1.92890769024	1.95380799767
mol3559	*	*	*	*	0.143014800254	1.09272064468
mol3560	*	*	*	*	-0.229147988358	*
mol3561	*	*	*	*	1.87326245944	*
mol3562	*	*	*	*	0.271841606536	0.650307523132
mol3563	*	*	*	*	1.06632592536	*
mol3564	*	*	*	*	1.50338206347	*
mol3565	*	*	*	*	0.143014800254	*
mol3566	*	*	*	*	1.07518185462	*
mol3567	*	*	*	*	1.48967729166	*
mol3568	*	*	*	*	0.782472624166	1.56264967221
mol3569	*	*	*	*	1.22942584792	1.5301996982
mol3570	*	*	*	*	-1.04575749056	0.0755469613925
mol3571	*	*	*	*	0.25285303098	0.621176281775
mol3572	*	*	*	*	1.31868926995	*
mol3573	*	*	*	*	1.72794770954	*
mol3574	*	*	*	*	0.41830129132	0.0755469613925
mol3575	*	*	*	*	0.457881896734	0.173186268412
mol3576	*	*	*	*	0.281033367248	*
mol3577	*	*	*	*	0.466867620354	*
mol3578	*	*	*	*	0.232996110392	0.281033367248
mol3579	*	*	*	*	1.08386080087	1.23754373814
mol3580	*	*	*	*	-0.552841968658	0.457881896734
mol3581	*	*	*	*	-0.468521082958	-0.292429823902
mol3582	*	*	*	*	0.857332496431	*
mol3583	*	*	*	*	-0.508638306166	*
mol3584	*	*	*	*	0.525044807037	*
mol3585	*	*	*	*	0.466867620354	*
mol3586	*	*	*	*	-0.795880017344	*
mol3587	*	*	*	*	0.829946695942	*
mol3588	*	*	*	*	1.00389116624	0.725911632295
mol3589	*	*	*	*	0.611723308007	*
mol3590	*	*	*	*	0.43775056282	0.515873843712
mol3591	*	*	*	*	-0.0457574905607	1.25406445291
mol3592	*	*	*	*	1.68886456805	*
mol3593	*	*	*	*	0.41830129132	*
mol3594	*	*	*	*	1.25406445291	*
mol3595	*	*	*	*	1.02160271603	*
mol3596	*	*	*	*	1.00389116624	1.27852496474
mol3597	*	*	*	*	0.487138375477	*
mol3598	*	*	*	*	0.26245108973	1.32654066852
mol3599	*	*	*	*	0.13353890837	1.3807537708
mol3600	*	*	*	*	1.79892673858	1.8899736384
mol3601	*	*	*	*	0.631443769013	0.7168377233
mol3602	*	*	*	*	-0.376750709602	*
mol3603	*	*	*	*	1.68367729882	*
mol3604	*	*	*	*	1.07518185462	*
mol3605	*	*	*	*	1.00389116624	*
mol3606	*	*	*	*	0.725911632295	0.669316880566
mol3607	*	*	*	*	0.922206277439	*
mol3608	*	*	*	*	0.34044411484	*
mol3609	*	*	*	*	1.35774432518	*
mol3610	*	*	*	*	0.34044411484	*
mol3611	*	*	*	*	0.745074791582	*
mol3612	*	*	*	*	0.515873843712	*
mol3613	*	*	*	*	1.56890541498	*
mol3614	*	*	*	*	0.399673721481	*
mol3615	*	*	*	*	0.829946695942	*
mol3616	*	*	*	*	0.281033367248	*
mol3617	*	*	*	*	0.688419822003	*
mol3618	*	*	*	*	-0.221848749616	-0.0915149811214
mol3619	*	*	*	*	-0.0132282657338	0.553883026644
mol3620	*	*	*	*	-0.376750709602	*
mol3621	*	*	*	*	1.72329144648	*
mol3622	*	*	*	*	-0.769551078622	-0.537602002101
mol3623	*	*	*	*	0.25285303098	*
mol3624	*	*	*	*	-0.0457574905607	0.152288344383
mol3625	*	*	*	*	1.50338206347	*
mol3626	*	*	*	*	0.885361220032	*
mol3627	*	*	*	*	1.81677141233	*
mol3628	*	*	*	*	1.66791968532	1.6571515019
mol3629	*	*	*	*	1.12742877785	*
mol3630	*	*	*	*	0.515873843712	*
mol3631	*	*	*	*	0.650307523132	*
mol3632	*	*	*	*	1.36530074864	1.27852496474
mol3633	*	*	*	*	0.650307523132	0.994756944588
mol3634	*	*	*	*	0.164352855784	0.301029995664
mol3635	*	*	*	*	-0.481486060122	*
mol3636	*	*	*	*	1.59361830813	1.20411998266
mol3637	*	*	*	*	0.0569048513365	*
mol3638	*	*	*	*	0.820201459486	*
mol3639	*	*	*	*	0.113943352307	*
mol3640	*	*	*	*	-0.221848749616	-0.154901959986
mol3641	*	*	*	*	1.5301996982	1.85551309852
mol3642	*	*	*	*	0.829946695942	*
mol3643	*	*	*	*	0.428134794029	*
mol3644	*	*	*	*	1.77166095935	1.79518458968
mol3645	*	*	*	*	0.940516484933	*
mol3646	*	*	*	*	1.20411998266	*
mol3647	*	*	*	*	1.44731310882	*
mol3648	*	*	*	*	0.428134794029	0.34044411484
mol3649	*	*	*	*	1.64610952198	*
mol3650	*	*	*	*	1.27044590802	*
mol3651	*	*	*	*	-0.585026652029	*
mol3652	*	*	*	*	-1.09691001301	*
mol3653	*	*	*	*	-0.259637310506	*
mol3654	*	*	*	*	1.34222522936	*
mol3655	*	*	*	*	1.00389116624	1.03941411918
mol3656	*	*	*	*	1.21272015442	1.19589965241
mol3657	*	*	*	*	1.32654066852	*
mol3658	*	*	*	*	-1.0	-0.52287874528
mol3659	*	*	*	*	1.25406445291	1.27852496474
mol3660	*	*	*	*	0.782472624166	*
mol3661	*	*	*	*	1.03941411918	*
mol3662	*	*	*	*	0.563481085394	0.563481085394
mol3663	*	*	*	*	1.34222522936	*
mol3664	*	*	*	*	0.894316062684	*
mol3665	*	*	*	*	0.232996110392	0.271841606536
mol3666	*	*	*	*	-0.142667503569	*
mol3667	*	*	*	*	-0.229147988358	0.525044807037
mol3668	*	*	*	*	0.173186268412	0.212187604404
mol3669	*	*	*	*	1.40329214516	*
mol3670	*	*	*	*	0.5728716022	*
mol3671	*	*	*	*	0.631443769013	*
mol3672	*	*	*	*	0.152288344383	0.143014800254
mol3673	*	*	*	*	-0.397940008672	*
mol3674	*	*	*	*	0.725911632295	0.820201459486
mol3675	*	*	*	*	1.5101426994	*
mol3676	*	*	*	*	0.754348335711	*
mol3677	*	*	*	*	0.949390006645	*
mol3678	*	*	*	*	1.21272015442	*
mol3679	*	*	*	*	1.84571801797	1.71374247841
mol3680	*	*	*	*	-0.619788758288	*
mol3681	*	*	*	*	0.350248018334	*
mol3682	*	*	*	*	1.15320490008	1.05728564442
mol3683	*	*	*	*	1.89647110048	*
mol3684	*	*	*	*	0.838849090737	*
mol3685	*	*	*	*	0.792391689498	*
mol3686	*	*	*	*	-0.154901959986	0.64048143697
mol3687	*	*	*	*	1.24575935597	1.23754373814
mol3688	*	*	*	*	0.143014800254	*
mol3689	*	*	*	*	-0.744727494897	*
mol3690	*	*	*	*	1.12742877785	*
mol3691	*	*	*	*	0.967547976219	*
mol3692	*	*	*	*	1.48273070008	1.48967729166
mol3693	*	*	*	*	1.80256849831	*
mol3694	*	*	*	*	0.26245108973	0.243038048686
mol3695	*	*	*	*	1.10140335056	0.894316062684
mol3696	*	*	*	*	-0.958607314842	*
mol3697	*	*	*	*	0.725911632295	0.848189116991
mol3698	*	*	*	*	0.650307523132	*
mol3699	*	*	*	*	-1.09691001301	-0.301029995664
mol3700	*	*	*	*	0.525044807037	0.602059991328
mol3701	*	*	*	*	0.47712125472	0.515873843712
mol3702	*	*	*	*	1.31069331234	*
mol3703	*	*	*	*	0.754348335711	*
mol3704	*	*	*	*	-0.221848749616	*
mol3705	*	*	*	*	0.320146286111	*
mol3706	*	*	*	*	0.885361220032	0.940516484933
mol3707	*	*	*	*	0.985875357308	*
mol3708	*	*	*	*	-0.154901959986	*
mol3709	*	*	*	*	0.143014800254	0.54406804435
mol3710	*	*	*	*	1.03941411918	1.22942584792
mol3711	*	*	*	*	-0.721246399047	*
mol3712	*	*	*	*	-0.301029995664	*
mol3713	*	*	*	*	1.64610952198	*
mol3714	*	*	*	*	0.164352855784	*
mol3715	*	*	*	*	0.894316062684	0.958563883222
mol3716	*	*	*	*	1.11892575283	*
mol3717	*	*	*	*	0.5728716022	1.17897694729
mol3718	*	*	*	*	1.10140335056	*
mol3719	*	*	*	*	-0.769551078622	*
mol3720	*	*	*	*	-0.38721614328	*
mol3721	*	*	*	*	0.232996110392	*
mol3722	*	*	*	*	0.0453229787867	*
mol3723	*	*	*	*	0.447158031342	*
mol3724	*	*	*	*	0.820201459486	0.866877814337
mol3725	*	*	*	*	1.81331405895	*
mol3726	*	*	*	*	1.01283722471	*
mol3727	*	*	*	*	1.04844180355	*
mol3728	*	*	*	*	0.553883026644	0.631443769013
mol3729	*	*	*	*	-0.00436480540245	0.204119982656
mol3730	*	*	*	*	0.232996110392	*
mol3731	*	*	*	*	-0.327902142064	0.164352855784
mol3732	*	*	*	*	0.113943352307	*
mol3733	*	*	*	*	0.380211241712	0.735598899698
mol3734	*	*	*	*	-0.886056647693	-0.853871964322
mol3735	*	*	*	*	1.02160271603	*
mol3736	*	*	*	*	1.40329214516	*
mol3737	*	*	*	*	0.515873843712	*
mol3738	*	*	*	*	0.495544337546	*
mol3739	*	*	*	*	0.976808337338	1.19589965241
mol3740	*	*	*	*	0.43775056282	*
mol3741	*	*	*	*	-0.0861861476163	*
mol3742	*	*	*	*	0.0334237554869	*
mol3743	*	*	*	*	0.553883026644	*
mol3744	*	*	*	*	-0.49485002168	*
mol3745	*	*	*	*	0.940516484933	*
mol3746	*	*	*	*	1.20411998266	1.30276370847
mol3747	*	*	*	*	0.885361220032	*
mol3748	*	*	*	*	-0.52287874528	*
mol3749	*	*	*	*	0.958563883222	0.773786444981
mol3750	*	*	*	*	-0.0457574905607	*
mol3751	*	*	*	*	-0.552841968658	*
mol3752	*	*	*	*	-0.397940008672	*
mol3753	*	*	*	*	1.4255342205	1.34986008219
mol3754	*	*	*	*	-0.161150909263	0.725911632295
mol3755	*	*	*	*	0.707570176098	1.07518185462
mol3756	*	*	*	*	0.0334237554869	0.13353890837
mol3757	*	*	*	*	0.506505032405	0.399673721481
mol3758	*	*	*	*	0.958563883222	1.34986008219
mol3759	*	*	*	*	0.7168377233	0.985875357308
mol3760	*	*	*	*	0.5728716022	1.36530074864
mol3761	*	*	*	*	0.553883026644	0.650307523132
mol3762	*	*	*	*	0.940516484933	1.14457420761
mol3763	*	*	*	*	0.707570176098	*
mol3764	*	*	*	*	1.15320490008	*
mol3765	*	*	*	*	1.44012160319	*
mol3766	*	*	*	*	1.25406445291	*
mol3767	*	*	*	*	0.47712125472	0.143014800254
mol3768	*	*	*	*	0.894316062684	0.399673721481
mol3769	*	*	*	*	1.03941411918	0.506505032405
mol3770	*	*	*	*	0.193124598354	0.466867620354
mol3771	*	*	*	*	0.35983548234	0.428134794029
mol3772	*	*	*	*	-0.00436480540245	*
mol3773	*	*	*	*	0.212187604404	*
mol3774	*	*	*	*	0.0755469613925	*
mol3775	*	*	*	*	1.17055505852	1.27852496474
mol3776	*	*	*	*	1.8806421264	*
mol3777	*	*	*	*	-0.823908740944	*
mol3778	*	*	*	*	1.46164856806	*
mol3779	*	*	*	*	-0.744727494897	*
mol3780	*	*	*	*	-0.45593195565	*
mol3781	*	*	*	*	1.14457420761	1.30276370847
mol3782	*	*	*	*	1.75050839485	*
mol3783	*	*	*	*	-0.853871964322	*
mol3784	*	*	*	*	1.36530074864	1.3807537708
mol3785	*	*	*	*	-0.823908740944	-0.52287874528
mol3786	*	*	*	*	1.22942584792	*
mol3787	*	*	*	*	0.143014800254	*
mol3788	*	*	*	*	1.94851076884	*
mol3789	*	*	*	*	0.922206277439	*
mol3790	*	*	*	*	1.68886456805	*
mol3791	*	*	*	*	1.22942584792	1.27852496474
mol3792	*	*	*	*	1.44731310882	*
mol3793	*	*	*	*	0.67851837904	0.820201459486
mol3794	*	*	*	*	1.36530074864	*
mol3795	*	*	*	*	-1.30102999566	*
mol3796	*	*	*	*	-1.15490195999	*
mol3797	*	*	*	*	0.0755469613925	*
mol3798	*	*	*	*	0.54406804435	*
mol3799	*	*	*	*	0.0755469613925	*
mol3800	*	*	*	*	0.506505032405	*
mol3801	*	*	*	*	0.0453229787867	*
mol3802	*	*	*	*	0.25285303098	*
mol3803	*	*	*	*	0.876217840592	*
mol3804	*	*	*	*	0.25285303098	*
mol3805	*	*	*	*	0.13353890837	*
mol3806	*	*	*	*	0.173186268412	0.0453229787867
mol3807	*	*	*	*	0.506505032405	0.583198773969
mol3808	*	*	*	*	1.47567118832	1.33425264233
mol3809	*	*	*	*	1.33425264233	*
mol3810	*	*	*	*	1.51693180887	*
mol3811	*	*	*	*	0.829946695942	*
mol3812	*	*	*	*	1.01283722471	*
mol3813	*	*	*	*	0.838849090737	*
mol3814	*	*	*	*	0.380211241712	*
mol3815	*	*	*	*	1.04844180355	*
mol3816	*	*	*	*	0.553883026644	*
mol3817	*	*	*	*	1.06632592536	*
mol3818	*	*	*	*	0.553883026644	0.801403710017
mol3819	*	*	*	*	1.34222522936	1.07518185462
mol3820	*	*	*	*	0.113943352307	*
mol3821	*	*	*	*	0.0644579892269	*
mol3822	*	*	*	*	1.20411998266	1.34222522936
mol3823	*	*	*	*	0.65991620007	*
mol3824	*	*	*	*	1.64610952198	1.70884563805
mol3825	*	*	*	*	1.47567118832	*
mol3826	*	*	*	*	0.688419822003	0.792391689498
mol3827	*	*	*	*	1.34986008219	*
mol3828	*	*	*	*	1.24575935597	1.17055505852
mol3829	*	*	*	*	1.51693180887	*
mol3830	*	*	*	*	0.754348335711	*
mol3831	*	*	*	*	0.204119982656	*
mol3832	*	*	*	*	-0.443697499233	*
mol3833	*	*	*	*	0.35983548234	*
mol3834	*	*	*	*	0.487138375477	0.67851837904
mol3835	*	*	*	*	1.35774432518	1.47567118832
mol3836	*	*	*	*	-0.958607314842	*
mol3837	*	*	*	*	1.02160271603	1.57518784493
mol3838	*	*	*	*	-0.397940008672	*
mol3839	*	*	*	*	-0.420216403383	*
mol3840	*	*	*	*	0.67851837904	0.281033367248
mol3841	*	*	*	*	1.27044590802	1.57518784493
mol3842	*	*	*	*	0.885361220032	1.06632592536
mol3843	*	*	*	*	-0.0861861476163	0.525044807037
mol3844	*	*	*	*	0.103803720956	0.65991620007
mol3845	*	*	*	*	1.23754373814	*
mol3846	*	*	*	*	1.05728564442	*
mol3847	*	*	*	*	0.0934216851622	0.380211241712
mol3848	*	*	*	*	-0.200659450546	*
mol3849	*	*	*	*	0.399673721481	*
mol3850	*	*	*	*	1.06632592536	*
mol3851	*	*	*	*	0.466867620354	*
mol3852	*	*	*	*	1.41813549843	1.27852496474
mol3853	*	*	*	*	1.54332290065	*
mol3854	*	*	*	*	0.152288344383	0.43775056282
mol3855	*	*	*	*	0.330413773349	0.428134794029
mol3856	*	*	*	*	0.922206277439	1.14457420761
mol3857	*	*	*	*	0.281033367248	0.184691430818
mol3858	*	*	*	*	-1.0	*
mol3859	*	*	*	*	1.31868926995	*
mol3860	*	*	*	*	-0.275724130399	-0.481486060122
mol3861	*	*	*	*	1.52361641905	*
mol3862	*	*	*	*	1.44731310882	*
mol3863	*	*	*	*	1.00389116624	*
mol3864	*	*	*	*	1.22942584792	*
mol3865	*	*	*	*	0.707570176098	*
mol3866	*	*	*	*	0.173186268412	*
mol3867	*	*	*	*	1.12742877785	*
mol3868	*	*	*	*	1.46164856806	*
mol3869	*	*	*	*	0.985875357308	*
mol3870	*	*	*	*	0.0644579892269	0.782472624166
mol3871	*	*	*	*	1.30276370847	*
mol3872	*	*	*	*	1.39585037602	*
mol3873	*	*	*	*	0.792391689498	0.688419822003
mol3874	*	*	*	*	1.64048143697	*
mol3875	*	*	*	*	0.848189116991	0.611723308007
mol3876	*	*	*	*	1.91041093991	*
mol3877	*	*	*	*	1.22942584792	*
mol3878	*	*	*	*	1.05728564442	*
mol3879	*	*	*	*	0.47712125472	0.725911632295
mol3880	*	*	*	*	0.515873843712	*
mol3881	*	*	*	*	0.204119982656	*
mol3882	*	*	*	*	-0.214670164989	-0.193820026016
mol3883	*	*	*	*	-0.0457574905607	0.65991620007
mol3884	*	*	*	*	1.19589965241	*
mol3885	*	*	*	*	0.773786444981	0.922206277439
mol3886	*	*	*	*	0.47712125472	1.09272064468
mol3887	*	*	*	*	1.21272015442	*
mol3888	*	*	*	*	1.38827886346	*
mol3889	*	*	*	*	0.949390006645	*
mol3890	*	*	*	*	1.52361641905	*
mol3891	*	*	*	*	1.14457420761	1.14457420761
mol3892	*	*	*	*	0.26245108973	*
mol3893	*	*	*	*	-0.677780705266	-0.275724130399
mol3894	*	*	*	*	-0.36653154442	-0.124938736608
mol3895	*	*	*	*	0.829946695942	*
mol3896	*	*	*	*	0.399673721481	0.54406804435
mol3897	*	*	*	*	-0.537602002101	*
mol3898	*	*	*	*	1.76752689941	1.78368923635
mol3899	*	*	*	*	0.25285303098	*
mol3900	*	*	*	*	-0.795880017344	*
mol3901	*	*	*	*	-0.356547323514	*
mol3902	*	*	*	*	0.320146286111	*
mol3903	*	*	*	*	0.688419822003	0.894316062684
mol3904	*	*	*	*	-0.0457574905607	-0.113509274828
mol3905	*	*	*	*	0.0755469613925	*
mol3906	*	*	*	*	0.399673721481	*
mol3907	*	*	*	*	0.866877814337	*
mol3908	*	*	*	*	0.650307523132	*
mol3909	*	*	*	*	0.65991620007	*
mol3910	*	*	*	*	0.36921585741	1.16196661636
mol3911	*	*	*	*	-0.309803919971	*
mol3912	*	*	*	*	1.5101426994	*
mol3913	*	*	*	*	-0.0915149811214	0.152288344383
mol3914	*	*	*	*	-0.0915149811214	*
mol3915	*	*	*	*	0.754348335711	*
mol3916	*	*	*	*	-0.698970004336	*
mol3917	*	*	*	*	-0.397940008672	*
mol3918	*	*	*	*	0.698100545623	*
mol3919	*	*	*	*	0.25285303098	*
mol3920	*	*	*	*	0.389166084365	0.725911632295
mol3921	*	*	*	*	0.281033367248	*
mol3922	*	*	*	*	0.0569048513365	-0.318758762624
mol3923	*	*	*	*	-1.22184874962	*
mol3924	*	*	*	*	0.0755469613925	*
mol3925	*	*	*	*	1.63488014077	*
mol3926	*	*	*	*	1.27044590802	*
mol3927	*	*	*	*	0.931457870689	*
mol3928	*	*	*	*	0.922206277439	*
mol3929	*	*	*	*	0.735598899698	*
mol3930	*	*	*	*	0.281033367248	*
mol3931	*	*	*	*	-0.38721614328	-0.356547323514
mol3932	*	*	*	*	-0.173925197299	1.05728564442
mol3933	*	*	*	*	0.271841606536	0.583198773969
mol3934	*	*	*	*	-0.36653154442	*
mol3935	*	*	*	*	0.611723308007	*
mol3936	*	*	*	*	0.688419822003	*
mol3937	*	*	*	*	1.60573589388	1.64048143697
mol3938	*	*	*	*	0.0569048513365	*
mol3939	*	*	*	*	0.330413773349	*
mol3940	*	*	*	*	1.84571801797	*
mol3941	*	*	*	*	0.292256071356	*
mol3942	*	*	*	*	1.25406445291	1.58759872972
mol3943	*	*	*	*	0.301029995664	0.553883026644
mol3944	*	*	*	*	-1.22184874962	*
mol3945	*	*	*	*	1.03941411918	1.11025291735
mol3946	*	*	*	*	-0.00436480540245	1.11025291735
mol3947	*	*	*	*	0.380211241712	0.994756944588
mol3948	*	*	*	*	-0.214670164989	*
mol3949	*	*	*	*	0.281033367248	*
mol3950	*	*	*	*	1.58759872972	1.68367729882
mol3951	*	*	*	*	1.30276370847	*
mol3952	*	*	*	*	0.428134794029	*
mol3953	*	*	*	*	0.650307523132	1.25406445291
mol3954	*	*	*	*	0.301029995664	0.535294120043
mol3955	*	*	*	*	0.457881896734	*
mol3956	*	*	*	*	1.20411998266	*
mol3957	*	*	*	*	1.25406445291	*
mol3958	*	*	*	*	-0.602059991328	*
mol3959	*	*	*	*	0.754348335711	-0.193820026016
mol3960	*	*	*	*	1.27044590802	*
mol3961	*	*	*	*	0.350248018334	*
mol3962	*	*	*	*	0.611723308007	*
mol3963	*	*	*	*	1.45438746715	*
mol3964	*	*	*	*	0.173186268412	*
mol3965	*	*	*	*	0.466867620354	*
mol3966	*	*	*	*	0.535294120043	*
mol3967	*	*	*	*	0.34044411484	0.0755469613925
mol3968	*	*	*	*	1.11025291735	0.745074791582
mol3969	*	*	*	*	0.25285303098	*
mol3970	*	*	*	*	0.688419822003	0.940516484933
mol3971	*	*	*	*	0.64048143697	*
mol3972	*	*	*	*	-0.698970004336	*
mol3973	*	*	*	*	1.27852496474	*
mol3974	*	*	*	*	0.320146286111	*
mol3975	*	*	*	*	0.320146286111	*
mol3976	*	*	*	*	0.773786444981	0.583198773969
mol3977	*	*	*	*	1.55618184665	*
mol3978	*	*	*	*	1.03941411918	1.74608904306
mol3979	*	*	*	*	1.14457420761	1.14457420761
mol3980	*	*	*	*	-0.283996656365	*
mol3981	*	*	*	*	-0.769551078622	-0.823908740944
mol3982	*	*	*	*	0.735598899698	*
mol3983	*	*	*	*	1.48967729166	1.09272064468
mol3984	*	*	*	*	0.281033367248	*
mol3985	*	*	*	*	0.64048143697	*
mol3986	*	*	*	*	0.669316880566	*
mol3987	*	*	*	*	-0.408935392974	*
mol3988	*	*	*	*	1.41813549843	*
mol3989	*	*	*	*	-0.180456064458	*
mol3990	*	*	*	*	1.16196661636	1.27044590802
mol3991	*	*	*	*	1.11892575283	1.11892575283
mol3992	*	*	*	*	1.83333838894	1.78368923635
mol3993	*	*	*	*	1.11892575283	*
mol3994	*	*	*	*	0.838849090737	1.25406445291
mol3995	*	*	*	*	-0.0915149811214	*
mol3996	*	*	*	*	0.903632516084	*
mol3997	*	*	*	*	-0.769551078622	*
mol3998	*	*	*	*	1.15320490008	*
mol3999	*	*	*	*	0.301029995664	-0.193820026016
mol4000	*	*	*	*	1.66256896693	1.72794770954
mol4001	*	*	*	*	0.838849090737	*
mol4002	*	*	*	*	1.06632592536	*
mol4003	*	*	*	*	1.6571515019	*
mol4004	*	*	*	*	0.707570176098	*
mol4005	*	*	*	*	0.25285303098	*
mol4006	*	*	*	*	0.204119982656	*
mol4007	*	*	*	*	0.143014800254	*
mol4008	*	*	*	*	1.00389116624	*
mol4009	*	*	*	*	0.123851640967	*
mol4010	*	*	*	*	-0.958607314842	*
mol4011	*	*	*	*	1.86278709824	*
mol4012	*	*	*	*	1.68367729882	1.70884563805
mol4013	*	*	*	*	0.466867620354	*
mol4014	*	*	*	*	-0.161150909263	-0.744727494897
mol4015	*	*	*	*	1.80982896107	*
mol4016	*	*	*	*	1.32654066852	*
mol4017	*	*	*	*	0.592176757396	*
mol4018	*	*	*	*	1.54973873126	*
mol4019	*	*	*	*	-0.537602002101	-0.619788758288
mol4020	*	*	*	*	0.515873843712	0.34044411484
mol4021	*	*	*	*	0.563481085394	0.164352855784
mol4022	*	*	*	*	0.212187604404	0.311753861056
mol4023	*	*	*	*	0.193124598354	*
mol4024	*	*	*	*	0.940516484933	0.782472624166
mol4025	*	*	*	*	0.113943352307	*
mol4026	*	*	*	*	0.36921585741	0.5728716022
mol4027	*	*	*	*	0.602059991328	0.650307523132
mol4028	*	*	*	*	-0.443697499233	*
mol4029	*	*	*	*	0.773786444981	*
mol4030	*	*	*	*	0.222716471148	0.0755469613925
mol4031	*	*	*	*	0.885361220032	*
mol4032	*	*	*	*	0.76417613239	*
mol4033	*	*	*	*	1.56890541498	*
mol4034	*	*	*	*	-0.52287874528	*
mol4035	*	*	*	*	0.0453229787867	-0.698970004336
mol4036	*	*	*	*	-0.698970004336	-0.721246399047
mol4037	*	*	*	*	1.76752689941	*
mol4038	*	*	*	*	0.669316880566	*
mol4039	*	*	*	*	-0.397940008672	*
mol4040	*	*	*	*	1.68367729882	*
mol4041	*	*	*	*	1.45438746715	*
mol4042	*	*	*	*	1.82685194782	*
mol4043	*	*	*	*	1.56264967221	*
mol4044	*	*	*	*	1.70397882501	*
mol4045	*	*	*	*	1.48273070008	*
mol4046	*	*	*	*	0.940516484933	*
mol4047	*	*	*	*	0.506505032405	*
mol4048	*	*	*	*	-1.15490195999	*
mol4049	*	*	*	*	1.62335268154	1.58759872972
mol4050	*	*	*	*	-0.00436480540245	*
mol4051	*	*	*	*	0.232996110392	*
mol4052	*	*	*	*	1.28668096935	*
mol4053	*	*	*	*	0.13353890837	0.447158031342
mol4054	*	*	*	*	-0.0132282657338	0.857332496431
mol4055	*	*	*	*	-0.698970004336	-0.744727494897
mol4056	*	*	*	*	-0.113509274828	-0.130768280269
mol4057	*	*	*	*	0.495544337546	*
mol4058	*	*	*	*	1.48273070008	1.54332290065
mol4059	*	*	*	*	0.143014800254	0.36921585741
mol4060	*	*	*	*	-0.853871964322	0.330413773349
mol4061	*	*	*	*	-0.180456064458	0.350248018334
mol4062	*	*	*	*	0.0453229787867	0.621176281775
mol4063	*	*	*	*	0.13353890837	0.466867620354
mol4064	*	*	*	*	0.621176281775	*
mol4065	*	*	*	*	1.41077723338	*
mol4066	*	*	*	*	0.0170333392988	-0.508638306166
mol4067	*	*	*	*	-0.0915149811214	*
mol4068	*	*	*	*	1.88541776511	*
mol4069	*	*	*	*	-0.124938736608	*
mol4070	*	*	*	*	0.495544337546	*
mol4071	*	*	*	*	0.36921585741	*
mol4072	*	*	*	*	-0.0915149811214	*
mol4073	*	*	*	*	0.350248018334	0.563481085394
mol4074	*	*	*	*	1.06632592536	*
mol4075	*	*	*	*	0.792391689498	0.487138375477
mol4076	*	*	*	*	0.41830129132	0.43775056282
mol4077	*	*	*	*	0.931457870689	*
mol4078	*	*	*	*	0.428134794029	0.350248018334
mol4079	*	*	*	*	1.24575935597	*
mol4080	*	*	*	*	-0.481486060122	-0.173925197299
mol4081	*	*	*	*	1.03941411918	*
mol4082	*	*	*	*	1.25406445291	*
mol4083	*	*	*	*	0.669316880566	0.583198773969
mol4084	*	*	*	*	-0.537602002101	*
mol4085	*	*	*	*	0.876217840592	*
mol4086	*	*	*	*	1.83960372947	1.81677141233
mol4087	*	*	*	*	1.79140991567	1.72794770954
mol4088	*	*	*	*	0.173186268412	*
mol4089	*	*	*	*	0.25285303098	*
mol4090	*	*	*	*	0.222716471148	-0.0861861476163
mol4091	*	*	*	*	0.735598899698	*
mol4092	*	*	*	*	1.75050839485	*
mol4093	*	*	*	*	1.04844180355	*
mol4094	*	*	*	*	-0.443697499233	*
mol4095	*	*	*	*	1.41813549843	*
mol4096	*	*	*	*	0.0755469613925	*
mol4097	*	*	*	*	0.495544337546	0.271841606536
mol4098	*	*	*	*	0.621176281775	*
mol4099	*	*	*	*	1.30276370847	1.20411998266
mol4100	*	*	*	*	-0.173925197299	-0.0861861476163
mol4101	*	*	*	*	1.35774432518	*
mol4102	*	*	*	*	0.994756944588	1.3807537708
mol4103	*	*	*	*	0.782472624166	1.03059972197
mol4104	*	*	*	*	1.51693180887	*
mol4105	*	*	*	*	-0.130768280269	*
mol4106	*	*	*	*	0.184691430818	*
mol4107	*	*	*	*	1.74608904306	*
mol4108	*	*	*	*	0.820201459486	*
mol4109	*	*	*	*	1.14457420761	1.11025291735
mol4110	*	*	*	*	0.65991620007	*
mol4111	*	*	*	*	1.6571515019	*
mol4112	*	*	*	*	0.26245108973	*
mol4113	*	*	*	*	1.40329214516	*
mol4114	*	*	*	*	0.204119982656	0.563481085394
mol4115	*	*	*	*	1.66791968532	*
mol4116	*	*	*	*	0.0755469613925	*
mol4117	*	*	*	*	1.66256896693	*
mol4118	*	*	*	*	-0.221848749616	*
mol4119	*	*	*	*	0.143014800254	*
mol4120	*	*	*	*	0.583198773969	*
mol4121	*	*	*	*	0.13353890837	*
mol4122	*	*	*	*	1.00389116624	0.857332496431
mol4123	*	*	*	*	0.553883026644	0.495544337546
mol4124	*	*	*	*	-0.508638306166	*
mol4125	*	*	*	*	1.80256849831	1.80256849831
mol4126	*	*	*	*	-0.292429823902	*
mol4127	*	*	*	*	1.44731310882	*
mol4128	*	*	*	*	1.73255457985	*
mol4129	*	*	*	*	0.894316062684	*
mol4130	*	*	*	*	-0.292429823902	*
mol4131	*	*	*	*	0.41830129132	1.03941411918
mol4132	*	*	*	*	0.380211241712	*
mol4133	*	*	*	*	0.810904280669	1.01283722471
mol4134	*	*	*	*	0.54406804435	*
mol4135	*	*	*	*	0.621176281775	*
mol4136	*	*	*	*	0.876217840592	-1.15490195999
mol4137	*	*	*	*	0.801403710017	0.967547976219
mol4138	*	*	*	*	1.17055505852	*
mol4139	*	*	*	*	-1.30102999566	-0.619788758288
mol4140	*	*	*	*	1.48967729166	*
mol4141	*	*	*	*	0.967547976219	1.07518185462
mol4142	*	*	*	*	-0.0655015487564	*
mol4143	*	*	*	*	0.631443769013	*
mol4144	*	*	*	*	0.143014800254	*
mol4145	*	*	*	*	1.55618184665	*
mol4146	*	*	*	*	1.07518185462	1.14457420761
mol4147	*	*	*	*	-0.698970004336	0.64048143697
mol4148	*	*	*	*	0.903632516084	1.44731310882
mol4149	*	*	*	*	-0.677780705266	0.0755469613925
mol4150	*	*	*	*	-0.00436480540245	0.311753861056
mol4151	*	*	*	*	1.32654066852	*
mol4152	*	*	*	*	0.320146286111	0.25285303098
mol4153	*	*	*	*	0.922206277439	1.04844180355
mol4154	*	*	*	*	1.4965145187	1.26221370548
mol4155	*	*	*	*	1.05728564442	1.34222522936
mol4156	*	*	*	*	0.967547976219	1.56890541498
mol4157	*	*	*	*	1.44731310882	*
mol4158	*	*	*	*	1.14457420761	1.17897694729
mol4159	*	*	*	*	1.5301996982	*
mol4160	*	*	*	*	1.5301996982	*
mol4161	*	*	*	*	1.18752072084	*
mol4162	*	*	*	*	0.232996110392	*
mol4163	*	*	*	*	-1.09691001301	*
mol4164	*	*	*	*	1.27044590802	*
mol4165	*	*	*	*	-0.769551078622	*
mol4166	*	*	*	*	0.350248018334	*
mol4167	*	*	*	*	0.912753303671	0.912753303671
mol4168	*	*	*	*	0.447158031342	0.113943352307
mol4169	*	*	*	*	0.754348335711	0.535294120043
mol4170	*	*	*	*	0.54406804435	-0.200659450546
mol4171	*	*	*	*	0.583198773969	*
mol4172	*	*	*	*	0.0453229787867	0.204119982656
mol4173	*	*	*	*	1.03059972197	*
mol4174	*	*	*	*	0.428134794029	*
mol4175	*	*	*	*	0.912753303671	*
mol4176	*	*	*	*	0.810904280669	1.00389116624
mol4177	*	*	*	*	1.02160271603	1.5301996982
mol4178	*	*	*	*	0.707570176098	0.922206277439
mol4179	*	*	*	*	1.27852496474	1.34222522936
mol4180	*	*	*	*	1.45438746715	1.10140335056
mol4181	*	*	*	*	1.11025291735	*
mol4182	*	*	*	*	1.69897000434	*
mol4183	*	*	*	*	0.36921585741	*
mol4184	*	*	*	*	1.75480685535	*
mol4185	*	*	*	*	-0.45593195565	0.143014800254
mol4186	*	*	*	*	-0.431798275933	-0.154901959986
mol4187	*	*	*	*	0.389166084365	*
mol4188	*	*	*	*	1.46164856806	1.32654066852
mol4189	*	*	*	*	0.810904280669	*
mol4190	*	*	*	*	1.22942584792	1.07518185462
mol4191	*	*	*	*	0.35983548234	*
mol4192	*	*	*	*	0.34044411484	0.428134794029
mol4193	*	*	*	*	1.62335268154	1.00389116624
mol4194	*	*	*	*	1.83013938743	*
mol4195	*	*	*	*	1.30276370847	*
mol4196	*	*	*	*	-0.677780705266	-0.744727494897
mol4197	*	*	*	*	0.36921585741	0.669316880566
mol4198	*	*	*	*	-0.698970004336	*
mol4199	*	*	*	*	1.17055505852	*
mol4200	*	*	*	*	0.707570176098	*
mol4201	*	*	*	*	0.41830129132	*
mol4202	*	*	*	*	1.04844180355	*
mol4203	*	*	*	*	0.399673721481	*
mol4204	*	*	*	*	1.5301996982	*
mol4205	*	*	*	*	0.621176281775	0.838849090737
mol4206	*	*	*	*	0.967547976219	1.09272064468
mol4207	*	*	*	*	-0.0222763947112	*
mol4208	*	*	*	*	0.857332496431	*
mol4209	*	*	*	*	1.27852496474	1.20411998266
mol4210	*	*	*	*	0.583198773969	*
mol4211	*	*	*	*	-0.481486060122	*
mol4212	*	*	*	*	1.24575935597	1.25406445291
mol4213	*	*	*	*	1.01283722471	*
mol4214	*	*	*	*	1.03059972197	*
mol4215	*	*	*	*	1.81331405895	1.81331405895
mol4216	*	*	*	*	0.621176281775	0.876217840592
mol4217	*	*	*	*	1.81677141233	1.75480685535
mol4218	*	*	*	*	1.5101426994	*
mol4219	*	*	*	*	0.994756944588	*
mol4220	*	*	*	*	-0.823908740944	*
mol4221	*	*	*	*	0.41830129132	*
mol4222	*	*	*	*	0.0755469613925	*
mol4223	*	*	*	*	1.55618184665	*
mol4224	*	*	*	*	1.00389116624	*
mol4225	*	*	*	*	-0.130768280269	0.0253058652648
mol4226	*	*	*	*	-1.0	-0.698970004336
mol4227	*	*	*	*	0.650307523132	*
mol4228	*	*	*	*	0.735598899698	*
mol4229	*	*	*	*	0.931457870689	*
mol4230	*	*	*	*	0.592176757396	*
mol4231	*	*	*	*	0.320146286111	*
mol4232	*	*	*	*	1.54973873126	*
mol4233	*	*	*	*	1.70884563805	*
mol4234	*	*	*	*	1.44731310882	*
mol4235	*	*	*	*	1.4255342205	*
mol4236	*	*	*	*	0.64048143697	*
mol4237	*	*	*	*	1.4255342205	*
mol4238	*	*	*	*	1.28668096935	*
mol4239	*	*	*	*	-0.154901959986	*
mol4240	*	*	*	*	0.281033367248	*
mol4241	*	*	*	*	1.20411998266	1.20411998266
mol4242	*	*	*	*	0.820201459486	1.4255342205
mol4243	*	*	*	*	0.903632516084	*
mol4244	*	*	*	*	-0.443697499233	*
mol4245	*	*	*	*	0.143014800254	-0.00436480540245
mol4246	*	*	*	*	1.66256896693	*
mol4247	*	*	*	*	0.7168377233	*
mol4248	*	*	*	*	-0.193820026016	-0.443697499233
mol4249	*	*	*	*	0.949390006645	0.958563883222
mol4250	*	*	*	*	0.113943352307	-0.244125144328
mol4251	*	*	*	*	-0.0915149811214	0.5728716022
mol4252	*	*	*	*	1.60573589388	*
mol4253	*	*	*	*	-0.283996656365	*
mol4254	*	*	*	*	0.631443769013	*
mol4255	*	*	*	*	0.380211241712	1.34222522936
mol4256	*	*	*	*	1.6571515019	*
mol4257	*	*	*	*	-0.00436480540245	0.707570176098
mol4258	*	*	*	*	1.00389116624	*
mol4259	*	*	*	*	0.113943352307	*
mol4260	*	*	*	*	1.27852496474	*
mol4261	*	*	*	*	1.51693180887	*
mol4262	*	*	*	*	-0.568636235841	*
mol4263	*	*	*	*	1.16196661636	*
mol4264	*	*	*	*	1.03941411918	0.967547976219
mol4265	*	*	*	*	1.66791968532	*
mol4266	*	*	*	*	1.17897694729	*
mol4267	*	*	*	*	0.34044411484	0.563481085394
mol4268	*	*	*	*	0.0755469613925	*
mol4269	*	*	*	*	1.59361830813	*
mol4270	*	*	*	*	0.848189116991	1.12742877785
mol4271	*	*	*	*	1.07518185462	*
mol4272	*	*	*	*	1.5101426994	*
mol4273	*	*	*	*	1.3807537708	*
mol4274	*	*	*	*	0.143014800254	*
mol4275	*	*	*	*	1.29468662428	*
mol4276	*	*	*	*	0.782472624166	*
mol4277	*	*	*	*	0.782472624166	0.754348335711
mol4278	*	*	*	*	1.25406445291	1.41813549843
mol4279	*	*	*	*	0.621176281775	*
mol4280	*	*	*	*	0.143014800254	*
mol4281	*	*	*	*	1.21272015442	*
mol4282	*	*	*	*	1.69897000434	1.68367729882
mol4283	*	*	*	*	0.745074791582	*
mol4284	*	*	*	*	-0.10237290871	0.495544337546
mol4285	*	*	*	*	1.59966477879	*
mol4286	*	*	*	*	0.0863598306747	0.25285303098
mol4287	*	*	*	*	0.621176281775	0.698100545623
mol4288	*	*	*	*	0.631443769013	0.848189116991
mol4289	*	*	*	*	0.754348335711	*
mol4290	*	*	*	*	0.408239965312	*
mol4291	*	*	*	*	1.46164856806	*
mol4292	*	*	*	*	0.967547976219	1.00389116624
mol4293	*	*	*	*	1.36530074864	1.36530074864
mol4294	*	*	*	*	1.25406445291	1.30276370847
mol4295	*	*	*	*	0.7168377233	*
mol4296	*	*	*	*	0.857332496431	*
mol4297	*	*	*	*	0.801403710017	*
mol4298	*	*	*	*	-0.481486060122	*
mol4299	*	*	*	*	-0.142667503569	*
mol4300	*	*	*	*	0.894316062684	*
mol4301	*	*	*	*	1.64610952198	*
mol4302	*	*	*	*	0.35983548234	*
mol4303	*	*	*	*	0.940516484933	1.57518784493
mol4304	*	*	*	*	0.735598899698	0.64048143697
mol4305	*	*	*	*	0.698100545623	0.535294120043
mol4306	*	*	*	*	-0.468521082958	-0.142667503569
mol4307	*	*	*	*	0.143014800254	*
mol4308	*	*	*	*	0.143014800254	*
mol4309	*	*	*	*	1.31069331234	*
mol4310	*	*	*	*	0.173186268412	*
mol4311	*	*	*	*	0.281033367248	*
mol4312	*	*	*	*	0.26245108973	0.650307523132
mol4313	*	*	*	*	0.113943352307	*
mol4314	*	*	*	*	0.301029995664	*
mol4315	*	*	*	*	0.457881896734	*
mol4316	*	*	*	*	0.173186268412	0.164352855784
mol4317	*	*	*	*	0.103803720956	0.0472748673842
mol4318	*	*	*	*	-0.45593195565	*
mol4319	*	*	*	*	-0.0362121726544	0.281033367248
mol4320	*	*	*	*	0.320146286111	0.707570176098
mol4321	*	*	*	*	1.00389116624	*
mol4322	*	*	*	*	1.73711309431	*
mol4323	*	*	*	*	0.754348335711	*
mol4324	*	*	*	*	1.07518185462	*
mol4325	*	*	*	*	0.123851640967	*
mol4326	*	*	*	*	1.08386080087	*
mol4327	*	*	*	*	1.39585037602	1.5301996982
mol4328	*	*	*	*	1.46164856806	1.41813549843
mol4329	*	*	*	*	0.0755469613925	*
mol4330	*	*	*	*	0.583198773969	*
mol4331	*	*	*	*	0.204119982656	0.801403710017
mol4332	*	*	*	*	0.583198773969	1.11892575283
mol4333	*	*	*	*	0.457881896734	0.967547976219
mol4334	*	*	*	*	0.408239965312	*
mol4335	*	*	*	*	1.09272064468	*
mol4336	*	*	*	*	0.26245108973	*
mol4337	*	*	*	*	0.281033367248	0.495544337546
mol4338	*	*	*	*	1.34222522936	1.34222522936
mol4339	*	*	*	*	-0.318758762624	*
mol4340	*	*	*	*	-0.00436480540245	*
mol4341	*	*	*	*	-0.657577319178	*
mol4342	*	*	*	*	0.0863598306747	*
mol4343	*	*	*	*	1.03059972197	*
mol4344	*	*	*	*	0.143014800254	0.164352855784
mol4345	*	*	*	*	1.00389116624	1.12742877785
mol4346	*	*	*	*	-0.38721614328	-0.376750709602
mol4347	*	*	*	*	0.232996110392	*
mol4348	*	*	*	*	-0.0132282657338	*
mol4349	*	*	*	*	0.428134794029	*
mol4350	*	*	*	*	1.44731310882	*
mol4351	*	*	*	*	0.829946695942	*
mol4352	*	*	*	*	1.40329214516	1.5101426994
mol4353	*	*	*	*	-0.301029995664	0.745074791582
mol4354	*	*	*	*	0.515873843712	0.65991620007
mol4355	*	*	*	*	0.922206277439	*
mol4356	*	*	*	*	0.76417613239	*
mol4357	*	*	*	*	1.14457420761	0.820201459486
mol4358	*	*	*	*	0.583198773969	*
mol4359	*	*	*	*	-0.193820026016	*
mol4360	*	*	*	*	-0.221848749616	*
mol4361	*	*	*	*	1.05728564442	*
mol4362	*	*	*	*	0.506505032405	0.994756944588
mol4363	*	*	*	*	0.553883026644	0.782472624166
mol4364	*	*	*	*	1.03941411918	1.41813549843
mol4365	*	*	*	*	1.31868926995	1.67320528178
mol4366	*	*	*	*	1.68367729882	1.86811520533
mol4367	*	*	*	*	1.38827886346	*
mol4368	*	*	*	*	0.113943352307	0.380211241712
mol4369	*	*	*	*	0.495544337546	0.903632516084
mol4370	*	*	*	*	0.113943352307	*
mol4371	*	*	*	*	0.894316062684	0.994756944588
mol4372	*	*	*	*	0.232996110392	*
mol4373	*	*	*	*	-0.537602002101	0.0253058652648
mol4374	*	*	*	*	0.0755469613925	0.204119982656
mol4375	*	*	*	*	0.583198773969	*
mol4376	*	*	*	*	-0.769551078622	*
mol4377	*	*	*	*	0.54406804435	*
mol4378	*	*	*	*	-0.397940008672	*
mol4379	*	*	*	*	0.976808337338	*
mol4380	*	*	*	*	0.204119982656	*
mol4381	*	*	*	*	-0.408935392974	1.69897000434
mol4382	*	*	*	*	0.903632516084	1.22942584792
mol4383	*	*	*	*	0.782472624166	*
mol4384	*	*	*	*	-0.154901959986	-0.283996656365
mol4385	*	*	*	*	-0.0222763947112	0.621176281775
mol4386	*	*	*	*	0.113943352307	0.301029995664
mol4387	*	*	*	*	0.820201459486	*
mol4388	*	*	*	*	0.0253058652648	*
mol4389	*	*	*	*	1.56890541498	1.36530074864
mol4390	*	*	*	*	1.13608609738	1.58759872972
mol4391	*	*	*	*	0.173186268412	0.0755469613925
mol4392	*	*	*	*	0.301029995664	0.495544337546
mol4393	*	*	*	*	-0.275724130399	0.912753303671
mol4394	*	*	*	*	0.25285303098	*
mol4395	*	*	*	*	0.912753303671	*
mol4396	*	*	*	*	1.94136233571	*
mol4397	*	*	*	*	0.41830129132	*
mol4398	*	*	*	*	1.85156408226	1.83333838894
mol4399	*	*	*	*	0.894316062684	*
mol4400	*	*	*	*	0.350248018334	*
mol4401	*	*	*	*	0.949390006645	*
mol4402	*	*	*	*	0.976808337338	*
mol4403	*	*	*	*	0.801403710017	*
mol4404	*	*	*	*	1.54973873126	*
mol4405	*	*	*	*	0.320146286111	*
mol4406	*	*	*	*	0.25285303098	*
mol4407	*	*	*	*	-0.853871964322	-0.823908740944
mol4408	*	*	*	*	0.621176281775	0.583198773969
mol4409	*	*	*	*	0.563481085394	*
mol4410	*	*	*	*	0.782472624166	*
mol4411	*	*	*	*	0.41830129132	0.631443769013
mol4412	*	*	*	*	1.76335310875	1.79892673858
mol4413	*	*	*	*	-0.568636235841	*
mol4414	*	*	*	*	-0.677780705266	*
mol4415	*	*	*	*	0.866877814337	0.838849090737
mol4416	*	*	*	*	0.707570176098	*
mol4417	*	*	*	*	0.34044411484	*
mol4418	*	*	*	*	1.27852496474	*
mol4419	*	*	*	*	0.41830129132	*
mol4420	*	*	*	*	0.611723308007	*
mol4421	*	*	*	*	1.46164856806	*
mol4422	*	*	*	*	1.07518185462	*
mol4423	*	*	*	*	1.70884563805	1.6571515019
mol4424	*	*	*	*	-0.853871964322	*
mol4425	*	*	*	*	0.143014800254	*
mol4426	*	*	*	*	1.66256896693	1.53681086599
mol4427	*	*	*	*	0.232996110392	*
mol4428	*	*	*	*	0.866877814337	*
mol4429	*	*	*	*	1.07518185462	0.912753303671
mol4430	*	*	*	*	1.59361830813	*
mol4431	*	*	*	*	1.11892575283	*
mol4432	*	*	*	*	0.583198773969	-0.638272163982
mol4433	*	*	*	*	1.38827886346	*
mol4434	*	*	*	*	-1.22184874962	-0.677780705266
mol4435	*	*	*	*	-1.30102999566	*
mol4436	*	*	*	*	1.14457420761	*
mol4437	*	*	*	*	0.0755469613925	0.0755469613925
mol4438	*	*	*	*	1.06632592536	*
mol4439	*	*	*	*	0.940516484933	0.792391689498
mol4440	*	*	*	*	0.773786444981	*
mol4441	*	*	*	*	-0.00436480540245	*
mol4442	*	*	*	*	0.34044411484	*
mol4443	*	*	*	*	1.23754373814	1.27852496474
mol4444	*	*	*	*	0.650307523132	0.782472624166
mol4445	*	*	*	*	1.82020145949	*
mol4446	*	*	*	*	1.52361641905	*
mol4447	*	*	*	*	1.57518784493	*
mol4448	*	*	*	*	1.61161711055	*
mol4449	*	*	*	*	0.967547976219	*
mol4450	*	*	*	*	0.447158031342	*
mol4451	*	*	*	*	1.10140335056	*
mol4452	*	*	*	*	1.25406445291	*
mol4453	*	*	*	*	0.113943352307	*
mol4454	*	*	*	*	0.65991620007	0.76417613239
mol4455	*	*	*	*	0.25285303098	*
mol4456	*	*	*	*	0.5728716022	0.67851837904
mol4457	*	*	*	*	0.525044807037	0.838849090737
mol4458	*	*	*	*	0.0453229787867	*
mol4459	*	*	*	*	-0.698970004336	-0.337242168318
mol4460	*	*	*	*	-0.309803919971	0.47712125472
mol4461	*	*	*	*	1.22089224922	*
mol4462	*	*	*	*	0.54406804435	*
mol4463	*	*	*	*	-0.36653154442	*
mol4464	*	*	*	*	1.09272064468	*
mol4465	*	*	*	*	-0.721246399047	*
mol4466	*	*	*	*	1.68367729882	*
mol4467	*	*	*	*	-0.49485002168	*
mol4468	*	*	*	*	0.301029995664	*
mol4469	*	*	*	*	1.00389116624	1.44012160319
mol4470	*	*	*	*	1.31868926995	1.41077723338
mol4471	*	*	*	*	0.380211241712	*
mol4472	*	*	*	*	-0.00436480540245	*
mol4473	*	*	*	*	-0.408935392974	-0.602059991328
mol4474	*	*	*	*	0.838849090737	*
mol4475	*	*	*	*	0.922206277439	*
mol4476	*	*	*	*	1.77568324903	*
mol4477	*	*	*	*	1.45438746715	*
mol4478	*	*	*	*	0.204119982656	*
mol4479	*	*	*	*	-1.04575749056	*
mol4480	*	*	*	*	1.12742877785	*
mol4481	*	*	*	*	-0.698970004336	*
mol4482	*	*	*	*	0.301029995664	*
mol4483	*	*	*	*	1.30276370847	*
mol4484	*	*	*	*	0.243038048686	0.65991620007
mol4485	*	*	*	*	1.09272064468	0.885361220032
mol4486	*	*	*	*	-0.397940008672	*
mol4487	*	*	*	*	0.320146286111	0.922206277439
mol4488	*	*	*	*	1.36530074864	*
mol4489	*	*	*	*	1.61752453489	1.67851837904
mol4490	*	*	*	*	1.04844180355	*
mol4491	*	*	*	*	1.48273070008	*
mol4492	*	*	*	*	0.320146286111	*
mol4493	*	*	*	*	1.35774432518	*
mol4494	*	*	*	*	1.22942584792	*
mol4495	*	*	*	*	0.447158031342	*
mol4496	*	*	*	*	-0.468521082958	*
mol4497	*	*	*	*	0.735598899698	*
mol4498	*	*	*	*	1.67320528178	1.64610952198
mol4499	*	*	*	*	0.143014800254	0.232996110392
mol4500	*	*	*	*	0.143014800254	0.123851640967
mol4501	*	*	*	*	-0.552841968658	-0.468521082958
mol4502	*	*	*	*	-1.0	-0.619788758288
mol4503	*	*	*	*	0.553883026644	*
mol4504	*	*	*	*	0.281033367248	*
mol4505	*	*	*	*	0.43775056282	*
mol4506	*	*	*	*	0.688419822003	0.754348335711
mol4507	*	*	*	*	0.428134794029	*
mol4508	*	*	*	*	0.447158031342	0.592176757396
mol4509	*	*	*	*	1.48967729166	1.48967729166
mol4510	*	*	*	*	1.54332290065	1.48967729166
mol4511	*	*	*	*	0.985875357308	1.14457420761
mol4512	*	*	*	*	-1.15490195999	-1.09691001301
mol4513	*	*	*	*	-0.698970004336	*
mol4514	*	*	*	*	-0.585026652029	*
mol4515	*	*	*	*	0.838849090737	*
mol4516	*	*	*	*	1.30276370847	*
mol4517	*	*	*	*	0.25285303098	*
mol4518	*	*	*	*	0.611723308007	*
mol4519	*	*	*	*	-0.619788758288	*
mol4520	*	*	*	*	0.311753861056	1.17897694729
mol4521	*	*	*	*	0.41830129132	*
mol4522	*	*	*	*	0.553883026644	*
mol4523	*	*	*	*	0.399673721481	*
mol4524	*	*	*	*	0.866877814337	*
mol4525	*	*	*	*	1.01283722471	*
mol4526	*	*	*	*	0.688419822003	*
mol4527	*	*	*	*	0.583198773969	*
mol4528	*	*	*	*	-0.698970004336	*
mol4529	*	*	*	*	1.71850168887	*
mol4530	*	*	*	*	1.12742877785	*
mol4531	*	*	*	*	0.931457870689	*
mol4532	*	*	*	*	1.34986008219	*
mol4533	*	*	*	*	0.754348335711	*
mol4534	*	*	*	*	1.09272064468	*
mol4535	*	*	*	*	1.35774432518	*
mol4536	*	*	*	*	0.894316062684	*
mol4537	*	*	*	*	-0.180456064458	0.922206277439
mol4538	*	*	*	*	1.14457420761	*
mol4539	*	*	*	*	0.931457870689	*
mol4540	*	*	*	*	0.967547976219	*
mol4541	*	*	*	*	0.810904280669	*
mol4542	*	*	*	*	1.12742877785	*
mol4543	*	*	*	*	1.29468662428	*
mol4544	*	*	*	*	1.50338206347	*
mol4545	*	*	*	*	0.301029995664	*
mol4546	*	*	*	*	0.47712125472	0.553883026644
mol4547	*	*	*	*	-0.638272163982	-1.0
mol4548	*	*	*	*	0.41830129132	0.631443769013
mol4549	*	*	*	*	1.17055505852	-1.09691001301
mol4550	*	*	*	*	1.8921502779	*
mol4551	*	*	*	*	1.03941411918	1.00389116624
mol4552	*	*	*	*	1.23754373814	*
mol4553	*	*	*	*	1.18752072084	0.735598899698
mol4554	*	*	*	*	1.90265547522	1.93333541008
mol4555	*	*	*	*	0.428134794029	*
mol4556	*	*	*	*	-0.657577319178	*
mol4557	*	*	*	*	1.04844180355	*
mol4558	*	*	*	*	-0.130768280269	*
mol4559	*	*	*	*	1.37309598708	1.31069331234
mol4560	*	*	*	*	0.994756944588	1.50338206347
mol4561	*	*	*	*	0.903632516084	*
mol4562	*	*	*	*	0.838849090737	*
mol4563	*	*	*	*	-1.09691001301	*
mol4564	*	*	*	*	1.40329214516	*
mol4565	*	*	*	*	1.4255342205	1.27852496474
mol4566	*	*	*	*	0.602059991328	0.621176281775
mol4567	*	*	*	*	0.515873843712	*
mol4568	*	*	*	*	0.0569048513365	*
mol4569	*	*	*	*	0.67851837904	1.11025291735
mol4570	*	*	*	*	0.67851837904	0.967547976219
mol4571	*	*	*	*	1.22089224922	*
mol4572	*	*	*	*	1.30276370847	*
mol4573	*	*	*	*	0.949390006645	*
mol4574	*	*	*	*	0.54406804435	*
mol4575	*	*	*	*	1.28668096935	*
mol4576	*	*	*	*	1.27852496474	*
mol4577	*	*	*	*	0.447158031342	-0.00436480540245
mol4578	*	*	*	*	-1.04575749056	-0.677780705266
mol4579	*	*	*	*	0.43775056282	0.243038048686
mol4580	*	*	*	*	0.0453229787867	*
mol4581	*	*	*	*	-0.221848749616	*
mol4582	*	*	*	*	0.792391689498	1.43280900503
mol4583	*	*	*	*	0.698100545623	0.801403710017
mol4584	*	*	*	*	-0.200659450546	-0.0915149811214
mol4585	*	*	*	*	-0.301029995664	-0.301029995664
mol4586	*	*	*	*	1.60573589388	*
mol4587	*	*	*	*	-0.113509274828	-0.420216403383
mol4588	*	*	*	*	1.38827886346	*
mol4589	*	*	*	*	-0.376750709602	*
mol4590	*	*	*	*	0.232996110392	*
mol4591	*	*	*	*	1.89856064494	1.91761052575
mol4592	*	*	*	*	0.13353890837	0.232996110392
mol4593	*	*	*	*	1.43280900503	*
mol4594	*	*	*	*	0.0755469613925	*
mol4595	*	*	*	*	-0.698970004336	-0.154901959986
mol4596	*	*	*	*	1.54332290065	*
mol4597	*	*	*	*	1.12742877785	*
mol4598	*	*	*	*	-0.251811972994	*
mol4599	*	*	*	*	-0.200659450546	*
mol4600	*	*	*	*	1.74608904306	*
mol4601	*	*	*	*	1.23754373814	1.51693180887
mol4602	*	*	*	*	1.03059972197	1.14457420761
mol4603	*	*	*	*	1.05728564442	*
mol4604	*	*	*	*	0.0453229787867	*
mol4605	*	*	*	*	1.63488014077	*
mol4606	*	*	*	*	1.4255342205	*
mol4607	*	*	*	*	1.34986008219	1.39585037602
mol4608	*	*	*	*	-0.638272163982	0.184691430818
mol4609	*	*	*	*	0.13353890837	*
mol4610	*	*	*	*	0.745074791582	0.894316062684
mol4611	*	*	*	*	1.03059972197	1.31868926995
mol4612	*	*	*	*	0.903632516084	*
mol4613	*	*	*	*	1.3807537708	1.4965145187
mol4614	*	*	*	*	0.949390006645	*
mol4615	*	*	*	*	0.931457870689	*
mol4616	*	*	*	*	1.31868926995	*
mol4617	*	*	*	*	-0.376750709602	*
mol4618	*	*	*	*	0.7168377233	*
mol4619	*	*	*	*	1.51693180887	1.36530074864
mol4620	*	*	*	*	1.55618184665	*
mol4621	*	*	*	*	0.25285303098	*
mol4622	*	*	*	*	0.611723308007	*
mol4623	*	*	*	*	0.0755469613925	*
mol4624	*	*	*	*	0.67851837904	*
mol4625	*	*	*	*	0.0755469613925	0.380211241712
mol4626	*	*	*	*	1.5301996982	*
mol4627	*	*	*	*	0.994756944588	1.24575935597
mol4628	*	*	*	*	-0.00436480540245	*
mol4629	*	*	*	*	0.0453229787867	*
mol4630	*	*	*	*	1.28668096935	*
mol4631	*	*	*	*	1.64610952198	*
mol4632	*	*	*	*	-0.161150909263	-0.638272163982
mol4633	*	*	*	*	1.52361641905	1.41077723338
mol4634	*	*	*	*	-0.886056647693	-0.698970004336
mol4635	*	*	*	*	1.04844180355	*
mol4636	*	*	*	*	0.173186268412	*
mol4637	*	*	*	*	1.35774432518	*
mol4638	*	*	*	*	0.281033367248	*
mol4639	*	*	*	*	0.123851640967	-0.0861861476163
mol4640	*	*	*	*	0.65991620007	*
mol4641	*	*	*	*	1.90660437172	1.84571801797
mol4642	*	*	*	*	0.669316880566	*
mol4643	*	*	*	*	0.41830129132	*
mol4644	*	*	*	*	1.23754373814	*
mol4645	*	*	*	*	1.00389116624	*
mol4646	*	*	*	*	0.35983548234	*
mol4647	*	*	*	*	-0.49485002168	0.0334237554869
mol4648	*	*	*	*	1.80982896107	*
mol4649	*	*	*	*	-1.0	1.69897000434
mol4650	*	*	*	*	1.3807537708	*
mol4651	*	*	*	*	-0.568636235841	*
mol4652	*	*	*	*	-1.0	*
mol4653	*	*	*	*	-0.52287874528	-0.52287874528
mol4654	*	*	*	*	-0.823908740944	*
mol4655	*	*	*	*	-0.221848749616	*
mol4656	*	*	*	*	0.707570176098	*
mol4657	*	*	*	*	1.03941411918	1.00389116624
mol4658	*	*	*	*	0.41830129132	*
mol4659	*	*	*	*	0.829946695942	*
mol4660	*	*	*	*	1.44731310882	*
mol4661	*	*	*	*	-0.301029995664	*
mol4662	*	*	*	*	0.535294120043	*
mol4663	*	*	*	*	-0.309803919971	*
mol4664	*	*	*	*	-0.769551078622	*
mol4665	*	*	*	*	-0.0457574905607	*
mol4666	*	*	*	*	1.73255457985	*
mol4667	*	*	*	*	0.25285303098	0.0253058652648
mol4668	*	*	*	*	1.71850168887	*
mol4669	*	*	*	*	0.447158031342	0.350248018334
mol4670	*	*	*	*	0.801403710017	0.754348335711
mol4671	*	*	*	*	-0.36653154442	-0.0132282657338
mol4672	*	*	*	*	0.64048143697	0.903632516084
mol4673	*	*	*	*	1.64610952198	*
mol4674	*	*	*	*	0.103803720956	*
mol4675	*	*	*	*	-0.49485002168	*
mol4676	*	*	*	*	-0.443697499233	*
mol4677	*	*	*	*	1.14457420761	*
mol4678	*	*	*	*	0.54406804435	0.949390006645
mol4679	*	*	*	*	0.212187604404	0.67851837904
mol4680	*	*	*	*	0.26245108973	0.320146286111
mol4681	*	*	*	*	1.31868926995	1.22089224922
mol4682	*	*	*	*	-0.698970004336	*
mol4683	*	*	*	*	1.27852496474	*
mol4684	*	*	*	*	0.885361220032	*
mol4685	*	*	*	*	1.71850168887	1.71850168887
mol4686	*	*	*	*	0.535294120043	*
mol4687	*	*	*	*	0.829946695942	*
mol4688	*	*	*	*	0.602059991328	-0.49485002168
mol4689	*	*	*	*	0.0453229787867	*
mol4690	*	*	*	*	-0.52287874528	*
mol4691	*	*	*	*	0.204119982656	*
mol4692	*	*	*	*	0.64048143697	*
mol4693	*	*	*	*	-0.00436480540245	*
mol4694	*	*	*	*	0.553883026644	*
mol4695	*	*	*	*	0.735598899698	*
mol4696	*	*	*	*	1.46164856806	*
mol4697	*	*	*	*	1.54973873126	1.47567118832
mol4698	*	*	*	*	0.41830129132	*
mol4699	*	*	*	*	1.22942584792	*
mol4700	*	*	*	*	1.52361641905	*
mol4701	*	*	*	*	0.782472624166	*
mol4702	*	*	*	*	0.611723308007	*
mol4703	*	*	*	*	0.447158031342	*
mol4704	*	*	*	*	-0.154901959986	-0.00436480540245
mol4705	*	*	*	*	1.40329214516	1.70884563805
mol4706	*	*	*	*	1.15320490008	*
mol4707	*	*	*	*	1.17897694729	*
mol4708	*	*	*	*	0.64048143697	*
mol4709	*	*	*	*	0.922206277439	*
mol4710	*	*	*	*	0.67851837904	*
mol4711	*	*	*	*	-0.0915149811214	*
mol4712	*	*	*	*	0.698100545623	*
mol4713	*	*	*	*	1.03941411918	*
mol4714	*	*	*	*	0.466867620354	*
mol4715	*	*	*	*	-0.124938736608	0.535294120043
mol4716	*	*	*	*	0.782472624166	0.829946695942
mol4717	*	*	*	*	0.399673721481	*
mol4718	*	*	*	*	0.592176757396	*
mol4719	*	*	*	*	0.688419822003	*
mol4720	*	*	*	*	-0.0915149811214	*
mol4721	*	*	*	*	1.05728564442	*
mol4722	*	*	*	*	1.07518185462	*
mol4723	*	*	*	*	0.204119982656	0.54406804435
mol4724	*	*	*	*	0.193124598354	0.193124598354
mol4725	*	*	*	*	0.792391689498	*
mol4726	*	*	*	*	0.41830129132	*
mol4727	*	*	*	*	0.735598899698	*
mol4728	*	*	*	*	0.535294120043	*
mol4729	*	*	*	*	0.41830129132	*
mol4730	*	*	*	*	1.14457420761	1.31069331234
mol4731	*	*	*	*	-0.698970004336	*
mol4732	*	*	*	*	-0.585026652029	*
mol4733	*	*	*	*	0.810904280669	*
mol4734	*	*	*	*	1.25406445291	*
mol4735	*	*	*	*	0.650307523132	*
mol4736	*	*	*	*	0.428134794029	*
mol4737	*	*	*	*	1.34222522936	*
mol4738	*	*	*	*	1.44012160319	*
mol4739	*	*	*	*	0.34044411484	*
mol4740	*	*	*	*	0.848189116991	*
mol4741	*	*	*	*	1.19589965241	*
mol4742	*	*	*	*	0.735598899698	0.735598899698
mol4743	*	*	*	*	0.611723308007	0.650307523132
mol4744	*	*	*	*	0.5728716022	*
mol4745	*	*	*	*	0.698100545623	*
mol4746	*	*	*	*	0.64048143697	*
mol4747	*	*	*	*	0.810904280669	*
mol4748	*	*	*	*	0.281033367248	*
mol4749	*	*	*	*	0.857332496431	0.857332496431
mol4750	*	*	*	*	1.64610952198	*
mol4751	*	*	*	*	1.02160271603	*
mol4752	*	*	*	*	1.36530074864	1.40329214516
mol4753	*	*	*	*	0.0453229787867	0.26245108973
mol4754	*	*	*	*	1.82353943366	*
mol4755	*	*	*	*	0.985875357308	*
mol4756	*	*	*	*	0.67851837904	0.466867620354
mol4757	*	*	*	*	0.152288344383	*
mol4758	*	*	*	*	0.0755469613925	*
mol4759	*	*	*	*	0.515873843712	0.754348335711
mol4760	*	*	*	*	-0.301029995664	0.829946695942
mol4761	*	*	*	*	0.912753303671	1.27044590802
mol4762	*	*	*	*	1.22942584792	1.51693180887
mol4763	*	*	*	*	0.848189116991	0.67851837904
mol4764	*	*	*	*	0.506505032405	0.876217840592
mol4765	*	*	*	*	1.25406445291	*
mol4766	*	*	*	*	0.912753303671	1.11025291735
mol4767	*	*	*	*	0.976808337338	1.11892575283
mol4768	*	*	*	*	0.967547976219	1.39585037602
mol4769	*	*	*	*	1.25406445291	*
mol4770	*	*	*	*	1.31069331234	1.45438746715
mol4771	*	*	*	*	0.553883026644	*
mol4772	*	*	*	*	1.20411998266	0.976808337338
mol4773	*	*	*	*	0.922206277439	*
mol4774	*	*	*	*	0.698100545623	*
mol4775	*	*	*	*	1.51693180887	*
mol4776	*	*	*	*	0.103803720956	*
mol4777	*	*	*	*	1.02160271603	*
mol4778	*	*	*	*	0.487138375477	*
mol4779	*	*	*	*	0.243038048686	*
mol4780	*	*	*	*	0.669316880566	*
mol4781	*	*	*	*	0.25285303098	*
mol4782	*	*	*	*	-0.154901959986	0.25285303098
mol4783	*	*	*	*	-0.00436480540245	*
mol4784	*	*	*	*	1.27044590802	*
mol4785	*	*	*	*	0.173186268412	*
mol4786	*	*	*	*	-0.886056647693	-0.958607314842
mol4787	*	*	*	*	-0.619788758288	*
mol4788	*	*	*	*	-0.823908740944	*
mol4789	*	*	*	*	0.985875357308	-0.193820026016
mol4790	*	*	*	*	-0.309803919971	-0.657577319178
mol4791	*	*	*	*	-0.397940008672	1.00389116624
mol4792	*	*	*	*	-0.0915149811214	-0.154901959986
mol4793	*	*	*	*	0.113943352307	-0.0555173278498
mol4794	*	*	*	*	1.55618184665	*
mol4795	*	*	*	*	0.143014800254	*
mol4796	*	*	*	*	0.820201459486	*
mol4797	*	*	*	*	0.7168377233	*
mol4798	*	*	*	*	0.885361220032	*
mol4799	*	*	*	*	0.0755469613925	*
mol4800	*	*	*	*	0.773786444981	*
mol4801	*	*	*	*	0.698100545623	*
mol4802	*	*	*	*	0.735598899698	*
mol4803	*	*	*	*	0.281033367248	*
mol4804	*	*	*	*	0.399673721481	*
mol4805	*	*	*	*	0.212187604404	*
mol4806	*	*	*	*	0.204119982656	*
mol4807	*	*	*	*	0.0755469613925	0.931457870689
mol4808	*	*	*	*	0.611723308007	0.949390006645
mol4809	*	*	*	*	0.698100545623	0.922206277439
mol4810	*	*	*	*	-0.00436480540245	*
mol4811	*	*	*	*	0.389166084365	*
mol4812	*	*	*	*	0.428134794029	*
mol4813	*	*	*	*	1.51693180887	1.32654066852
mol4814	*	*	*	*	1.73255457985	1.84571801797
mol4815	*	*	*	*	0.5728716022	*
mol4816	*	*	*	*	1.72794770954	*
mol4817	*	*	*	*	0.67851837904	*
mol4818	*	*	*	*	0.994756944588	*
mol4819	*	*	*	*	1.32654066852	*
mol4820	*	*	*	*	0.621176281775	0.631443769013
mol4821	*	*	*	*	-0.180456064458	-0.552841968658
mol4822	*	*	*	*	0.650307523132	0.173186268412
mol4823	*	*	*	*	1.59361830813	*
mol4824	*	*	*	*	0.204119982656	*
mol4825	*	*	*	*	0.113943352307	*
mol4826	*	*	*	*	1.06632592536	*
mol4827	*	*	*	*	1.75050839485	1.75480685535
mol4828	*	*	*	*	0.428134794029	0.232996110392
mol4829	*	*	*	*	1.76335310875	1.7416242575
mol4830	*	*	*	*	1.48967729166	1.88541776511
mol4831	*	*	*	*	1.47567118832	1.03941411918
mol4832	*	*	*	*	1.16196661636	1.20411998266
mol4833	*	*	*	*	1.01283722471	*
mol4834	*	*	*	*	1.32654066852	*
mol4835	*	*	*	*	1.25406445291	*
mol4836	*	*	*	*	0.773786444981	0.922206277439
mol4837	*	*	*	*	1.13608609738	1.18752072084
mol4838	*	*	*	*	1.55618184665	*
mol4839	*	*	*	*	1.41813549843	*
mol4840	*	*	*	*	1.4255342205	*
mol4841	*	*	*	*	0.466867620354	*
mol4842	*	*	*	*	0.35983548234	*
mol4843	*	*	*	*	1.41813549843	*
mol4844	*	*	*	*	1.60573589388	*
mol4845	*	*	*	*	-0.823908740944	*
mol4846	*	*	*	*	-0.0655015487564	0.184691430818
mol4847	*	*	*	*	-0.958607314842	*
mol4848	*	*	*	*	-0.38721614328	*
mol4849	*	*	*	*	0.563481085394	*
mol4850	*	*	*	*	1.88767355245	1.81677141233
mol4851	*	*	*	*	0.903632516084	0.885361220032
mol4852	*	*	*	*	0.487138375477	*
mol4853	*	*	*	*	1.3807537708	1.11025291735
mol4854	*	*	*	*	0.65991620007	*
mol4855	*	*	*	*	1.66791968532	*
mol4856	*	*	*	*	-0.886056647693	-0.481486060122
mol4857	*	*	*	*	1.48967729166	*
mol4858	*	*	*	*	1.8899736384	*
mol4859	*	*	*	*	1.11025291735	*
mol4860	*	*	*	*	0.65991620007	0.621176281775
mol4861	*	*	*	*	0.301029995664	0.912753303671
mol4862	*	*	*	*	0.866877814337	1.03941411918
mol4863	*	*	*	*	0.838849090737	*
mol4864	*	*	*	*	1.4965145187	*
mol4865	*	*	*	*	-0.853871964322	-0.958607314842
mol4866	*	*	*	*	0.857332496431	*
mol4867	*	*	*	*	0.271841606536	0.232996110392
mol4868	*	*	*	*	0.34044411484	*
mol4869	*	*	*	*	0.894316062684	1.06632592536
mol4870	*	*	*	*	1.76335310875	1.69897000434
mol4871	*	*	*	*	1.54332290065	*
mol4872	*	*	*	*	0.447158031342	*
mol4873	*	*	*	*	-0.275724130399	-0.251811972994
mol4874	*	*	*	*	-1.04575749056	*
mol4875	*	*	*	*	0.204119982656	*
mol4876	*	*	*	*	0.857332496431	*
mol4877	*	*	*	*	1.72794770954	*
mol4878	*	*	*	*	1.88541776511	1.8921502779
mol4879	*	*	*	*	0.735598899698	*
mol4880	*	*	*	*	0.35983548234	0.380211241712
mol4881	*	*	*	*	0.994756944588	1.48967729166
mol4882	*	*	*	*	1.20411998266	*
mol4883	*	*	*	*	-0.698970004336	-0.52287874528
mol4884	*	*	*	*	0.0755469613925	-0.0222763947112
mol4885	*	*	*	*	1.83333838894	1.59361830813
mol4886	*	*	*	*	0.735598899698	*
mol4887	*	*	*	*	0.34044411484	*
mol4888	*	*	*	*	1.41077723338	*
mol4889	*	*	*	*	0.553883026644	*
mol4890	*	*	*	*	-1.04575749056	0.903632516084
mol4891	*	*	*	*	0.876217840592	1.34986008219
mol4892	*	*	*	*	0.725911632295	*
mol4893	*	*	*	*	0.36921585741	0.495544337546
mol4894	*	*	*	*	0.399673721481	0.592176757396
mol4895	*	*	*	*	1.47567118832	1.48967729166
mol4896	*	*	*	*	1.14457420761	*
mol4897	*	*	*	*	-1.0	*
mol4898	*	*	*	*	-0.0655015487564	*
mol4899	*	*	*	*	1.11025291735	1.25406445291
mol4900	*	*	*	*	0.0253058652648	*
mol4901	*	*	*	*	1.88767355245	1.8899736384
mol4902	*	*	*	*	0.76417613239	*
mol4903	*	*	*	*	-0.180456064458	-0.229147988358
mol4904	*	*	*	*	0.47712125472	0.76417613239
mol4905	*	*	*	*	0.113943352307	0.0755469613925
mol4906	*	*	*	*	-0.0915149811214	*
mol4907	*	*	*	*	0.41830129132	*
mol4908	*	*	*	*	0.67851837904	*
mol4909	*	*	*	*	0.553883026644	*
mol4910	*	*	*	*	1.56890541498	1.32654066852
mol4911	*	*	*	*	1.7416242575	1.73711309431
mol4912	*	*	*	*	1.16196661636	1.59361830813
mol4913	*	*	*	*	1.41077723338	*
mol4914	*	*	*	*	0.958563883222	1.03941411918
mol4915	*	*	*	*	0.602059991328	*
mol4916	*	*	*	*	0.506505032405	*
mol4917	*	*	*	*	1.20411998266	1.39585037602
mol4918	*	*	*	*	0.301029995664	*
mol4919	*	*	*	*	-1.30102999566	*
mol4920	*	*	*	*	0.801403710017	0.838849090737
mol4921	*	*	*	*	1.07518185462	*
mol4922	*	*	*	*	-0.161150909263	*
mol4923	*	*	*	*	0.65991620007	*
mol4924	*	*	*	*	0.735598899698	*
mol4925	*	*	*	*	0.380211241712	*
mol4926	*	*	*	*	0.330413773349	*
mol4927	*	*	*	*	0.525044807037	*
mol4928	*	*	*	*	1.32654066852	*
mol4929	*	*	*	*	0.26245108973	*
mol4930	*	*	*	*	1.30276370847	*
mol4931	*	*	*	*	0.707570176098	*
mol4932	*	*	*	*	0.5728716022	*
mol4933	*	*	*	*	1.66791968532	*
mol4934	*	*	*	*	1.71374247841	*
mol4935	*	*	*	*	1.82685194782	*
mol4936	*	*	*	*	0.193124598354	0.563481085394
mol4937	*	*	*	*	0.380211241712	*
mol4938	*	*	*	*	0.0934216851622	*
mol4939	*	*	*	*	-0.537602002101	*
mol4940	*	*	*	*	0.506505032405	-0.337242168318
mol4941	*	*	*	*	1.11892575283	1.22942584792
mol4942	*	*	*	*	1.33425264233	1.56264967221
mol4943	*	*	*	*	0.320146286111	*
mol4944	*	*	*	*	0.773786444981	1.67851837904
mol4945	*	*	*	*	1.32654066852	1.4255342205
mol4946	*	*	*	*	1.66791968532	1.65166560392
mol4947	*	*	*	*	0.931457870689	*
mol4948	*	*	*	*	0.301029995664	*
mol4949	*	*	*	*	1.47567118832	*
mol4950	*	*	*	*	0.0453229787867	0.563481085394
mol4951	*	*	*	*	0.631443769013	0.940516484933
mol4952	*	*	*	*	1.28668096935	*
mol4953	*	*	*	*	1.13608609738	*
mol4954	*	*	*	*	0.725911632295	*
mol4955	*	*	*	*	1.37309598708	*
mol4956	*	*	*	*	0.894316062684	*
mol4957	*	*	*	*	0.65991620007	*
mol4958	*	*	*	*	0.428134794029	*
mol4959	*	*	*	*	0.428134794029	*
mol4960	*	*	*	*	0.735598899698	0.583198773969
mol4961	*	*	*	*	0.222716471148	*
mol4962	*	*	*	*	-0.251811972994	-0.113509274828
mol4963	*	*	*	*	1.55618184665	*
mol4964	*	*	*	*	-0.0222763947112	*
mol4965	*	*	*	*	1.5301996982	*
mol4966	*	*	*	*	1.46164856806	*
mol4967	*	*	*	*	1.86278709824	1.83651399889
mol4968	*	*	*	*	-0.721246399047	*
mol4969	*	*	*	*	0.389166084365	*
mol4970	*	*	*	*	1.79140991567	*
mol4971	*	*	*	*	0.940516484933	0.184691430818
mol4972	*	*	*	*	0.885361220032	*
mol4973	*	*	*	*	0.64048143697	0.64048143697
mol4974	*	*	*	*	1.86003838981	1.61161711055
mol4975	*	*	*	*	1.73255457985	*
mol4976	*	*	*	*	0.76417613239	*
mol4977	*	*	*	*	1.28668096935	*
mol4978	*	*	*	*	1.24575935597	*
mol4979	*	*	*	*	0.64048143697	*
mol4980	*	*	*	*	0.688419822003	*
mol4981	*	*	*	*	0.829946695942	*
mol4982	*	*	*	*	1.09272064468	*
mol4983	*	*	*	*	0.745074791582	*
mol4984	*	*	*	*	0.838849090737	1.00389116624
mol4985	*	*	*	*	0.5728716022	0.876217840592
mol4986	*	*	*	*	0.857332496431	*
mol4987	*	*	*	*	0.707570176098	*
mol4988	*	*	*	*	-0.309803919971	*
mol4989	*	*	*	*	0.204119982656	*
mol4990	*	*	*	*	1.28668096935	*
mol4991	*	*	*	*	0.931457870689	*
mol4992	*	*	*	*	0.173186268412	0.173186268412
mol4993	*	*	*	*	1.31069331234	*
mol4994	*	*	*	*	-1.04575749056	*
mol4995	*	*	*	*	-1.09691001301	*
mol4996	*	*	*	*	0.428134794029	*
mol4997	*	*	*	*	0.466867620354	*
mol4998	*	*	*	*	-0.657577319178	*
mol4999	*	*	*	*	1.11025291735	*
mol5000	*	*	*	*	-0.0757207139381	0.876217840592
mol5001	*	*	*	*	0.810904280669	0.26245108973
mol5002	*	*	*	*	0.621176281775	*
mol5003	*	*	*	*	1.21272015442	*
mol5004	*	*	*	*	0.54406804435	*
mol5005	*	*	*	*	0.164352855784	*
mol5006	*	*	*	*	-0.920818753952	*
mol5007	*	*	*	*	1.61161711055	1.64610952198
mol5008	*	*	*	*	0.113943352307	0.65991620007
mol5009	*	*	*	*	-0.113509274828	*
mol5010	*	*	*	*	0.143014800254	*
mol5011	*	*	*	*	0.457881896734	*
mol5012	*	*	*	*	1.90853863217	1.91041093991
mol5013	*	*	*	*	1.44731310882	1.31868926995
mol5014	*	*	*	*	0.311753861056	*
mol5015	*	*	*	*	0.735598899698	*
mol5016	*	*	*	*	0.428134794029	-0.259637310506
mol5017	*	*	*	*	1.70884563805	*
mol5018	*	*	*	*	1.7416242575	*
mol5019	*	*	*	*	1.29468662428	*
mol5020	*	*	*	*	1.41813549843	*
mol5021	*	*	*	*	0.894316062684	*
mol5022	*	*	*	*	1.41077723338	*
mol5023	*	*	*	*	1.48967729166	*
mol5024	*	*	*	*	0.466867620354	*
mol5025	*	*	*	*	1.10140335056	*
mol5026	*	*	*	*	1.17897694729	*
mol5027	*	*	*	*	-0.853871964322	-0.853871964322
mol5028	*	*	*	*	0.0453229787867	*
mol5029	*	*	*	*	1.07518185462	*
mol5030	*	*	*	*	1.03059972197	1.09272064468
mol5031	*	*	*	*	-0.259637310506	-0.214670164989
mol5032	*	*	*	*	1.39585037602	1.4965145187
mol5033	*	*	*	*	-0.744727494897	*
mol5034	*	*	*	*	-0.142667503569	*
mol5035	*	*	*	*	1.39585037602	*
mol5036	*	*	*	*	-0.251811972994	*
mol5037	*	*	*	*	0.0453229787867	*
mol5038	*	*	*	*	-0.920818753952	-0.769551078622
mol5039	*	*	*	*	-0.657577319178	-0.677780705266
mol5040	*	*	*	*	0.41830129132	0.949390006645
mol5041	*	*	*	*	1.24575935597	*
mol5042	*	*	*	*	0.976808337338	*
mol5043	*	*	*	*	1.44012160319	*
mol5044	*	*	*	*	1.4965145187	*
mol5045	*	*	*	*	0.848189116991	*
mol5046	*	*	*	*	1.8921502779	*
mol5047	*	*	*	*	0.931457870689	*
mol5048	*	*	*	*	0.866877814337	*
mol5049	*	*	*	*	-0.161150909263	-0.10237290871
mol5050	*	*	*	*	-0.301029995664	0.0569048513365
mol5051	*	*	*	*	1.61752453489	*
mol5052	*	*	*	*	1.54973873126	*
mol5053	*	*	*	*	0.25285303098	*
mol5054	*	*	*	*	0.602059991328	*
mol5055	*	*	*	*	1.68367729882	*
mol5056	*	*	*	*	1.82353943366	*
mol5057	*	*	*	*	0.967547976219	*
mol5058	*	*	*	*	-0.130768280269	-0.173925197299
mol5059	*	*	*	*	0.113943352307	*
mol5060	*	*	*	*	-0.49485002168	-0.142667503569
mol5061	*	*	*	*	1.65166560392	*
mol5062	*	*	*	*	1.00389116624	*
mol5063	*	*	*	*	1.56890541498	1.17897694729
mol5064	*	*	*	*	-0.397940008672	*
mol5065	*	*	*	*	1.48273070008	*
mol5066	*	*	*	*	0.754348335711	1.17897694729
mol5067	*	*	*	*	1.13608609738	*
mol5068	*	*	*	*	1.16196661636	*
mol5069	*	*	*	*	-0.221848749616	*
mol5070	*	*	*	*	1.64610952198	*
mol5071	*	*	*	*	0.650307523132	1.00389116624
mol5072	*	*	*	*	1.39585037602	*
mol5073	*	*	*	*	0.985875357308	*
mol5074	*	*	*	*	0.232996110392	*
mol5075	*	*	*	*	0.506505032405	*
mol5076	*	*	*	*	0.535294120043	*
mol5077	*	*	*	*	0.232996110392	*
mol5078	*	*	*	*	0.782472624166	0.563481085394
mol5079	*	*	*	*	0.65991620007	*
mol5080	*	*	*	*	0.650307523132	0.922206277439
mol5081	*	*	*	*	1.56890541498	*
mol5082	*	*	*	*	-0.113509274828	-0.0362121726544
mol5083	*	*	*	*	0.912753303671	*
mol5084	*	*	*	*	-0.38721614328	*
mol5085	*	*	*	*	0.621176281775	*
mol5086	*	*	*	*	1.76752689941	*
mol5087	*	*	*	*	1.72329144648	1.59361830813
mol5088	*	*	*	*	-0.958607314842	*
mol5089	*	*	*	*	-0.0757207139381	*
mol5090	*	*	*	*	0.583198773969	*
mol5091	*	*	*	*	0.212187604404	*
mol5092	*	*	*	*	1.01283722471	*
mol5093	*	*	*	*	-0.251811972994	0.801403710017
mol5094	*	*	*	*	0.506505032405	1.27044590802
mol5095	*	*	*	*	-0.638272163982	*
mol5096	*	*	*	*	-0.229147988358	0.320146286111
mol5097	*	*	*	*	0.301029995664	0.725911632295
mol5098	*	*	*	*	0.602059991328	*
mol5099	*	*	*	*	0.35983548234	*
mol5100	*	*	*	*	0.65991620007	*
mol5101	*	*	*	*	0.143014800254	*
mol5102	*	*	*	*	0.143014800254	*
mol5103	*	*	*	*	*	2.0
mol5104	*	*	*	*	*	1.49602969904
mol5105	*	*	*	*	*	1.85086057307
mol5106	*	*	*	*	*	2.0
mol5107	*	*	*	*	*	-1.22184874962
mol5108	*	*	*	*	*	1.76752689941
mol5109	*	*	*	*	*	1.73255457985
mol5110	*	*	*	*	*	1.20411998266
mol5111	*	*	*	*	*	0.866877814337
mol5112	*	*	*	*	*	1.22942584792
mol5113	*	*	*	*	*	1.01283722471
mol5114	*	*	*	*	*	0.515873843712
mol5115	*	*	*	*	*	-0.283996656365
mol5116	*	*	*	*	*	1.20411998266
mol5117	*	*	*	*	*	1.07518185462
mol5118	*	*	*	*	*	-0.52287874528
mol5119	*	*	*	*	*	0.940516484933
mol5120	*	*	*	*	*	1.38827886346
mol5121	*	*	*	*	*	0.506505032405
mol5122	*	*	*	*	*	0.994756944588
mol5123	*	*	*	*	*	-0.45593195565
mol5124	*	*	*	*	*	-1.04575749056
mol5125	*	*	*	*	*	-0.36653154442
mol5126	*	*	*	*	*	0.143014800254
mol5127	*	*	*	*	*	1.77568324903
mol5128	*	*	*	*	*	1.70884563805
mol5129	*	*	*	*	*	0.820201459486
mol5130	*	*	*	*	*	1.31868926995
mol5131	*	*	*	*	*	0.976808337338
mol5132	*	*	*	*	*	-0.886056647693
mol5133	*	*	*	*	*	0.707570176098
mol5134	*	*	*	*	*	1.6571515019
mol5135	*	*	*	*	*	1.88541776511
mol5136	*	*	*	*	*	0.810904280669
mol5137	*	*	*	*	*	1.11025291735
mol5138	*	*	*	*	*	1.23754373814
mol5139	*	*	*	*	*	0.47712125472
mol5140	*	*	*	*	*	-1.04575749056
mol5141	*	*	*	*	*	0.164352855784
mol5142	*	*	*	*	*	0.801403710017
mol5143	*	*	*	*	*	1.88767355245
mol5144	*	*	*	*	*	1.86545932266
mol5145	*	*	*	*	*	1.34986008219
mol5146	*	*	*	*	*	0.320146286111
mol5147	*	*	*	*	*	1.5301996982
mol5148	*	*	*	*	*	1.46864266839
mol5149	*	*	*	*	*	0.698100545623
mol5150	*	*	*	*	*	1.73255457985
mol5151	*	*	*	*	*	1.29468662428
mol5152	*	*	*	*	*	1.59361830813
mol5153	*	*	*	*	*	0.495544337546
mol5154	*	*	*	*	*	-0.638272163982
mol5155	*	*	*	*	*	0.735598899698
mol5156	*	*	*	*	*	-0.376750709602
mol5157	*	*	*	*	*	-0.431798275933
mol5158	*	*	*	*	*	0.515873843712
mol5159	*	*	*	*	*	-0.0222763947112
mol5160	*	*	*	*	*	0.447158031342
mol5161	*	*	*	*	*	0.0863598306747
mol5162	*	*	*	*	*	0.621176281775
mol5163	*	*	*	*	*	0.553883026644
mol5164	*	*	*	*	*	0.922206277439
mol5165	*	*	*	*	*	0.967547976219
mol5166	*	*	*	*	*	0.931457870689
mol5167	*	*	*	*	*	1.68367729882
mol5168	*	*	*	*	*	0.688419822003
mol5169	*	*	*	*	*	0.592176757396
mol5170	*	*	*	*	*	1.36530074864
mol5171	*	*	*	*	*	0.876217840592
mol5172	*	*	*	*	*	1.35774432518
mol5173	*	*	*	*	*	1.94738470168
mol5174	*	*	*	*	*	-1.22184874962
mol5175	*	*	*	*	*	0.389166084365
mol5176	*	*	*	*	*	0.0755469613925
mol5177	*	*	*	*	*	-1.0
mol5178	*	*	*	*	*	1.21272015442
mol5179	*	*	*	*	*	1.8062478272
mol5180	*	*	*	*	*	1.17897694729
mol5181	*	*	*	*	*	-1.22184874962
mol5182	*	*	*	*	*	0.41830129132
mol5183	*	*	*	*	*	0.650307523132
mol5184	*	*	*	*	*	1.79518458968
mol5185	*	*	*	*	*	1.26221370548
mol5186	*	*	*	*	*	0.976808337338
mol5187	*	*	*	*	*	1.8806421264
mol5188	*	*	*	*	*	-0.769551078622
mol5189	*	*	*	*	*	-0.318758762624
mol5190	*	*	*	*	*	-0.744727494897
mol5191	*	*	*	*	*	1.75913881628
mol5192	*	*	*	*	*	-0.886056647693
mol5193	*	*	*	*	*	1.22089224922
mol5194	*	*	*	*	*	1.66256896693
mol5195	*	*	*	*	*	0.35983548234
mol5196	*	*	*	*	*	0.380211241712
mol5197	*	*	*	*	*	0.243038048686
mol5198	*	*	*	*	*	-0.283996656365
mol5199	*	*	*	*	*	1.56890541498
mol5200	*	*	*	*	*	1.60573589388
mol5201	*	*	*	*	*	-0.52287874528
mol5202	*	*	*	*	*	0.698100545623
mol5203	*	*	*	*	*	1.06632592536
mol5204	*	*	*	*	*	1.73255457985
mol5205	*	*	*	*	*	0.848189116991
mol5206	*	*	*	*	*	0.00432137378264
mol5207	*	*	*	*	*	1.66791968532
mol5208	*	*	*	*	*	1.66791968532
mol5209	*	*	*	*	*	1.41813549843
mol5210	*	*	*	*	*	-0.698970004336
mol5211	*	*	*	*	*	1.54332290065
mol5212	*	*	*	*	*	1.69897000434
mol5213	*	*	*	*	*	1.22942584792
mol5214	*	*	*	*	*	-0.376750709602
mol5215	*	*	*	*	*	-1.30102999566
mol5216	*	*	*	*	*	-1.30102999566
mol5217	*	*	*	*	*	1.41077723338
mol5218	*	*	*	*	*	0.725911632295
mol5219	*	*	*	*	*	1.01283722471
mol5220	*	*	*	*	*	1.15320490008
mol5221	*	*	*	*	*	-0.00436480540245
mol5222	*	*	*	*	*	-0.408935392974
mol5223	*	*	*	*	*	1.17897694729
mol5224	*	*	*	*	*	-1.04575749056
mol5225	*	*	*	*	*	-0.180456064458
mol5226	*	*	*	*	*	1.56890541498
mol5227	*	*	*	*	*	1.09272064468
mol5228	*	*	*	*	*	1.71850168887
mol5229	*	*	*	*	*	0.301029995664
mol5230	*	*	*	*	*	0.447158031342
mol5231	*	*	*	*	*	0.949390006645
mol5232	*	*	*	*	*	0.301029995664
mol5233	*	*	*	*	*	1.91587450286
mol5234	*	*	*	*	*	-0.585026652029
mol5235	*	*	*	*	*	-1.09691001301
mol5236	*	*	*	*	*	0.143014800254
mol5237	*	*	*	*	*	1.20411998266
mol5238	*	*	*	*	*	0.885361220032
mol5239	*	*	*	*	*	0.985875357308
mol5240	*	*	*	*	*	1.12742877785
mol5241	*	*	*	*	*	1.17055505852
mol5242	*	*	*	*	*	1.85156408226
mol5243	*	*	*	*	*	1.33425264233
mol5244	*	*	*	*	*	-0.36653154442
mol5245	*	*	*	*	*	-0.52287874528
mol5246	*	*	*	*	*	1.64048143697
mol5247	*	*	*	*	*	0.515873843712
mol5248	*	*	*	*	*	-0.0457574905607
mol5249	*	*	*	*	*	-0.698970004336
mol5250	*	*	*	*	*	1.48967729166
mol5251	*	*	*	*	*	1.18752072084
